lesson_key,course_number,section_order,lesson_number,lesson_name,standardised_question,transcript_word_count
001-001,001,1,1,Introducing the Diploma in Modern Applied Psychology,What makes Modern Applied Psychology different from psychology as most people picture it?,1043
001-002,001,1,2,Explaining the DiMAP Course Structure and Sections,How is the Diploma in Modern Applied Psychology structured?,1922
001-003,001,1,3,An Exploration of the 'Greater' Questions of Life,What are the bigger questions that psychology and philosophy ask about being human?,2144
001-004,001,1,4,Self-Assessment Test: Psychological Flexibility and Rigidity,How can you tell whether your own thinking is psychologically flexible or rigid?,2719
001-005,001,1,5,The (Main) Purpose of Modern Applied Psychology,What is the real purpose behind Modern Applied Psychology?,1649
001-006,001,1,6,A Guide to Developing Critical Thinking (Bloom's Taxonomy),How can Bloom's Taxonomy help you think more critically?,2571
001-007,001,1,7,Developing a Healthy Mindset for Reflective Study,How does understanding your own mind help you build a healthier mindset for study?,2427
001-008,001,1,8,The Three Levels of Knowing (and Understanding),What are the three stages we pass through on the way to really understanding something?,1354
001-009,001,1,9,A Guide to Exploring Various Psychological Perspectives,Why do different psychological perspectives interpret the same human experience so differently?,1800
001-010,001,1,10,Introducing the Early History of Psychological Thought,What did Plato believe learning and reality actually are?,2665
001-011,001,1,11,The Basis of Aristotelian Ethics,What are the three ideas at the heart of Aristotle's ethics?,3412
001-012,001,1,12,John Locke: All Ideas Originate From Experience,"According to John Locke, where do all our ideas actually come from?",2404
001-013,001,1,13,The Roots of Enlightenment and Human Awareness,Where do the roots of human enlightenment and self-awareness actually trace back to?,1864
001-014,001,1,14,A Reasoning Soul in the Machine (Rene Descartes),How does understanding the history of human thought help us make sense of the present?,2433
001-015,001,1,15,The Five Different Levels of Human Experience,What did René Descartes believe about the relationship between mind and body?,1550
001-016,001,1,16,Become the Self Which One Truly Is (Soren Kierkegaard),"According to Søren Kierkegaard, what does it mean to become the self you truly are?",2332
001-017,001,1,17,An Exercise for Existential Thinking (and Self-Reflection),Why do honesty and self-reflection matter so much to authenticity?,2512
001-018,001,1,18,19 Perspectives on the Meaning of Life (Part 1),What are some of the different ways people find meaning in life?,2968
001-019,001,1,19,19 Perspectives on the Meaning of Life (Part 2),How can looking at several perspectives on meaning help you define your own?,3210
001-020,001,1,20,Structuralism: The Beginnings of Psychological Study,How did structuralism become the first scientific approach to studying the mind?,2107
001-021,001,1,21,Functionalism: The Evolutionary Process of Thought,How does functionalism explain what our mental states are actually for?,1632
001-022,001,1,22,The 7 Primary Schools of Psychological Thought,What are the main schools of thought that have shaped modern psychology?,2035
001-023,001,1,23,Can Psychology be Regarded as an Empirical Science?,Can psychology really be considered an empirical science in the way physics or chemistry can?,1848
001-024,001,2,24,An Introduction to the Behavioural Psychology Section,What does behavioural psychology actually study?,2196
001-025,001,2,25,Learned Behaviour: The 'Monkey See-Monkey Do' Effect,How do behaviours spread through a group even without direct experience of what caused them?,1407
001-026,001,2,26,Understanding Behaviour: Questions for Self-Reflection,What can self-reflection reveal about your own habits and behaviour?,1747
001-027,001,2,27,The Behavioural Socialisation Process (Learned Behaviours),How do we learn to align our behaviour with the unwritten rules of our own society?,4661
001-028,001,2,28,The Three Main Types of Behavioural Conditioning,What are the three main ways we learn new behaviours?,1073
001-029,001,2,29,Pavlovian Psychology and Classical Conditioning,How did Ivan Pavlov demonstrate classical conditioning?,1184
001-030,001,2,30,The Formation of Memories and Behavioural Responses,Why do we remember some moments and not others?,2014
001-031,001,2,31,Associated Learning and Behavioural Responses,How does associative learning shape the way we understand the world?,2333
001-032,001,2,32,Symbolic Representations: The Structure of Meaning,How do symbols come to carry such deep meaning for us?,2404
001-033,001,2,33,Operant Conditioning and the Behavior of Organisms,How did B.F. Skinner explain the way consequences shape behaviour?,2316
001-034,001,2,34,Operant Conditioning: Further Distinctions,What are the different ways reinforcement and punishment actually work?,2017
001-035,001,2,35,Operant Conditioning: Questions for Your Self-Reflection,How does operant conditioning show up in your own daily decisions?,1152
001-036,001,2,36,Behaviourism: The Three Forms of Social Learning,What are the three forms of social learning that shape how we take on a culture?,4156
001-037,001,2,37,The Pygmalion Effect: Shaping Reality Through Belief,Can simply believing something about a person actually change how they turn out?,2257
001-038,001,2,38,"Viktor Frankl, Logotherapy, and Man's Search for Meaning","How did Viktor Frankl come to believe that meaning, not pleasure, is what drives us?",1896
001-039,001,2,39,An Exploration of the 'Stimulus-Response' Quadrant,Why do we sometimes react more to our perception of a situation than to the situation itself?,2320
001-040,001,2,40,IKIGAI: Discovering Your Reason For Being,"What is Ikigai, and how does it help you find your reason for being?",2085
001-041,001,2,41,Albert Ellis' Fourteen Completely Irrational Beliefs (Part 1),What are some of the irrational beliefs that quietly drive human distress?,3917
001-042,001,2,42,Albert Ellis' Fourteen Completely Irrational Beliefs (Part 2),How can recognising an irrational belief actually change how you feel?,3602
001-043,001,2,43,What Restrictions are There on the Mind's Ability to Learn?,Does the mind's ability to learn really decline with age?,2482
001-044,001,2,44,What is the Relationship Between Perception and Behavior?,How does perception actually shape the way we behave?,1912
001-045,001,3,45,Psychoanalysis as a Conceptual Model of the World,"How does perception shape the way we behave, and why does that matter for how we understand each other?",3891
001-046,001,3,46,Sigmund Freud's Iceberg Model of Human Consciousness,What did Sigmund Freud's iceberg model reveal about the layers of the mind?,2401
001-047,001,3,47,Beliefs: How Limiting Beliefs Are Constructed,Where do our limiting beliefs actually come from?,1316
001-048,001,3,48,The Art of Looking Inside: A Stimulus for Introspection,What can looking inward actually teach you about yourself?,1731
001-049,001,3,49,"Psychoanalytic Theory: Freud's Id, Ego, and Superego","What are Sigmund Freud's id, ego and superego, and how do they interact?",2588
001-050,001,3,50,"Freud's Id, Ego, and Superego: Further Distinctions","How do Sigmund Freud's id, ego and superego compare with the Wise Mind Model covered earlier in the course?",3388
001-051,001,3,51,A Psychoanalytically Focused Discussion,How can a psychoanalytic conversation help uncover the root of a present-day issue?,3257
001-052,001,3,52,Deconstructing the Psychoanalytically Focused Discussion,What can be learned from stepping back and analysing a conversation after the fact?,1464
001-053,001,3,53,Pierre Janet: Learning to Eliminate the Unconscious Facade,Why do we present a face to the world that isn't always our true self?,2186
001-054,001,3,54,The Johari Window: A Model of Personal Insight,"What is the Johari Window, and what can it teach you about self-awareness?",3416
001-055,001,3,55,Human Consciousness: Weaving Together Freud's Theories,How do Sigmund Freud's ideas about the unconscious help explain our present-day behaviour?,2164
001-056,001,3,56,A Framework for Making Wise and Ethically Sound Decisions,"What actually goes into making a wise, ethically sound decision?",5531
001-057,001,3,57,The Dynamic Interplay Between Self-Esteem + Self-Concept,How do self-esteem and self-concept actually relate to one another?,2559
001-058,001,3,58,The Timeline of Personal Belief Development,How can a belief formed in childhood still be shaping your life today?,3502
001-059,001,3,59,Defence Mechanisms: Unconscious Psychological Strategies,"What are defence mechanisms, and why do we rely on them?",5945
001-060,001,3,60,Defence Mechanisms: An Analysis (Irresponsibility Strategies),How do our defence mechanisms show up in our closest relationships?,2143
001-061,001,3,61,Relationship Habits: Transference and Counter-Transference,Why do we sometimes react to people in the present as if they were someone from our past?,2639
001-062,001,3,62,Transference and Countertransference (A Demonstration),"What is countertransference, and how does it complicate our relationships?",2882
001-063,001,3,63,Ulric Neisser and His Five Levels of Self-Awareness,What are Ulric Neisser's five levels of self-awareness?,2572
001-064,001,3,64,The Evaluative Process of Psychoanalysis: Self-Reflection,What are the strengths and limits of psychoanalysis as a way of understanding ourselves?,2169
001-065,001,4,65,Introduction to the Developmental Psychology Section,What does developmental psychology actually study across a whole lifetime?,4305
001-066,001,4,66,Jean Piaget's Four Stages of Cognitive Development,How did Jean Piaget describe the stages children move through as they grow?,2786
001-067,001,4,67,Lawrence Kohlberg's Five Stages of Moral Development,How did Lawrence Kohlberg describe the way moral reasoning develops?,4705
001-068,001,4,68,Erik Erikson's Eight Stages of Human Development (Part 1),What are the first stages in Erik Erikson's theory of human development?,3818
001-069,001,4,69,Erik Erikson's Eight Stages of Human Development (Part 2),What happens in Erik Erikson's stages of adult development?,3120
001-070,001,4,70,Exercise: Questions to Evaluate Your Ongoing Development,What questions help you evaluate how far your own development has come?,1530
001-071,001,4,71,The H. Eysenck Model of Personality and Development (Part 1),"What is Hans Eysenck's model of personality, and how does it work?",3388
001-072,001,4,72,The H. Eysenck Model of Personality & Development (Part 2),How can Hans Eysenck's model of personality be put into practice?,2216
001-073,001,4,73,Questions To Reflect Upon Your Own Personality,Where do you sit on the spectrum between extroversion and introversion?,1596
001-074,001,4,74,Further Distinctions: Transference and Counter-Transference,"Why do we sometimes react to people based on who they remind us of, rather than who they actually are?",504
001-075,001,4,75,The 12 Jungian Archetypes/Ego Types (Part 1 of 2),"What are Carl Jung's twelve archetypes, and what do they reveal about human motivation?",3463
001-076,001,4,76,The 12 Jungian Archetypes/Ego Types (Part 2 of 2),What are the remaining six of Carl Jung's twelve archetypes?,3337
001-077,001,4,77,Transference and Counter-Transference Through Archetypes,How do Carl Jung's archetypes help explain transference and counter-transference?,1107
001-078,001,4,78,The 12 Jungian Archetypes (Downloadable Workbook),How can working through the twelve archetypes in writing deepen your self-understanding?,610
001-079,001,4,79,The Presuppositions of Developmental Thinkers (Part 1),What assumptions do developmental thinkers share that help them build genuine connection?,2640
001-080,001,4,80,The Presuppositions of Developmental Thinkers (Part 2),How do a developmental thinker's core assumptions translate into practical action?,2663
001-081,001,4,81,The Four Domains of Developmental Intelligence,What are the four domains that shape how we grow and adapt throughout life?,2509
001-082,001,4,82,Know Thyself: The Kain Ramsay 'Core Identity' Model,What is the difference between who you truly are and the roles you play?,4027
001-083,001,4,83,Know Thyself: Core Identity...Then What?,What does it actually mean to find your core identity?,1930
001-084,001,4,84,Carl Jung: The Collective Unconscious (Objective Psyche),"What did Carl Jung mean by the ""collective unconscious""?",4155
001-085,001,4,85,Know Thyself: The Six Levels of Conscious Awareness,What are the six levels of conscious awareness that connect us to one another?,2765
001-086,001,4,86,The Eight Stages of Human-Human Connection,"How do human relationships actually develop, stage by stage?",4715
001-087,001,4,87,The Kubler-Ross Change Curve for Growth & Development,What are the five stages people move through when adjusting to change?,4523
001-088,001,4,88,The Kubler Ross Change Curve: Further Distinctions,How does your mindset shape the way you move through the stages of change?,1829
001-089,001,4,89,Howard Gardner: The Multiple Expressions of Intelligence,"What did Howard Gardner mean by ""multiple intelligences""?",5027
001-090,001,4,90,An Exploration of Mindset (Growth Vs Fixed),What is the real difference between a growth mindset and a fixed mindset?,3944
001-091,001,4,91,End of Section Four Summary and Check-In,What options do we actually have for managing our everyday developmental challenges?,3651
001-092,001,5,92,Introduction to the Cognitive School of Thought,How do you actually know that your thoughts are accurate?,2423
001-093,001,5,93,Understanding the Human Cognitive Experience,Do you have to act on every thought that crosses your mind?,4570
001-094,001,5,94,The Four Levels of Interpersonal Communication,"Why does communication so often break down, even when both people mean well?",2921
001-095,001,5,95,Dialogue: A Conversation on Nurturing a Strong Marriage,"What does it actually take to nurture a strong, lasting marriage?",2980
001-096,001,5,96,The Ladder of Inference (by Prof. Chris Argyris),"How do we move from a simple observation to a firm conclusion, often without realising it?",2566
001-097,001,5,97,According to the Pattern of Human Behaviour,What can recognising your own patterns of behaviour actually teach you?,3732
001-098,001,5,98,The Human Experiential Model (Full Cognitive Model),How much control do you really have over the way you process your own thoughts and emotions?,3075
001-099,001,5,99,Locus of Control: Circle of Concern Vs Circle of Control,How do you tell the difference between what you can actually control and what you can't?,3336
001-100,001,5,100,Triangulation: The Karpman 'Victim' Drama Triangle,What roles do people unconsciously fall into during difficult relationship dynamics?,3899
001-101,001,5,101,Personal Evolution: The Purpose of Cognitive Psychology,"What is cognitive psychology actually for, beyond solving day-to-day problems?",4229
001-102,001,5,102,Albert Ellis' Barriers to Effective Listening,What actually stops us from truly listening to another person?,5442
001-103,001,5,103,Noam Chomsky's Cognitive Biases (Deviations from Rationality),How do cognitive biases quietly shape the way we understand the world?,3612
001-104,001,5,104,Daniel Kahneman's Cognitive Biases (Deviations from Rationality),Why do our mental shortcuts sometimes lead us astray?,4057
001-105,001,5,105,6 Steps to Facilitating Positive Cognitive Transformation,What steps actually help facilitate positive change in how someone thinks?,2174
001-106,001,5,106,6 Steps to Facilitate Cognitive Change (A Demonstration),What does it actually look like to work through the six steps of cognitive change with someone?,2628
001-107,001,5,107,Thinking About Thinking: 15 Cognitive Distortions (Part 1),What are some of the cognitive distortions that quietly drive destructive thinking?,4432
001-108,001,5,108,Thinking About Thinking: 15 Cognitive Distortions (Part 2),How does recognising a cognitive distortion actually help you think more clearly?,3837
001-109,001,5,109,How to View Situations from Perspectives Beyond Your Own,How can seeing a situation from someone else's point of view change your understanding of it?,2515
001-110,001,5,110,Perceptual Positions (A Conversation Demonstration),What does it actually look like to work through a problem using several perceptual positions?,1340
001-111,001,5,111,"The Essential A, B, C's of Cognitive Psychology","What is the ABC model, and how does it explain our emotional reactions?",5088
001-112,001,5,112,How to Define the Cause of Any Cognitive Effect,How do you actually trace an effect back to its true cause?,1212
001-113,001,5,113,Defining the True Cause of an Effect (A Demonstration),What does it look like to trace a present feeling back to its real cause?,2114
001-114,001,5,114,"The A, B, C, D, & E's of Cognitive Psychology (and REBT)","What is the ABCDE model, and how does it help restructure irrational thought?",1580
001-115,001,5,115,The Socratic Questioning Process (for Critical Thinking),"What is the Socratic Questioning Process, and why does it work so well for critical thinking?",1809
001-116,001,5,116,The Socratic Questioning Process (A Demonstration),What does the Socratic Questioning Process actually look like in a real conversation?,2831
001-117,001,5,117,End of Section Five Summary and Wrap-Up,What are the strengths and limits of cognitive psychology as a school of thought?,2569
001-118,001,6,118,Introduction to the Humanistic School of Thought,What makes the humanistic school of thought different from behaviourism and psychoanalysis?,2876
001-119,001,6,119,The Heart of Psychology: Operation Hearts and Minds,Is it possible to truly define what it means to be human?,1830
001-120,001,6,120,Humanistic Philosophy in Perspective (The Core Ideas),What are the core ideas at the heart of humanistic philosophy?,4383
001-121,001,6,121,Erich Fromm: Humanistic Psychoanalysis (Part 1 of 2),How did Erich Fromm's humanistic approach to psychoanalysis differ from Sigmund Freud's?,2231
001-122,001,6,122,Erich Fromm: Humanistic Psychoanalysis (Part 2 of 2),Why might freedom itself become a source of psychological tension?,3994
001-123,001,6,123,"The Independent Self, Collective Self, and Relational Self","Do you define yourself mainly as an individual, as part of a group, or through your closest relationships?",2612
001-124,001,6,124,The Six Domains of Self-Concept by Dr Bruce A. Bracken,What six domains make up your sense of self-concept?,5680
001-125,001,6,125,The Characteristics of a Fully Functioning Person (Part 1),"What did Carl Rogers mean by a ""fully functioning person""?",4275
001-126,001,6,126,The Characteristics of a Fully Functioning Person (Part 2),How can Carl Rogers's idea of the fully functioning person be applied to everyday life?,3822
001-127,001,6,127,On Becoming A Fully Functioning Person (A Discussion),"How does the idea of a ""fully functioning person"" apply within a marriage?",2253
001-128,001,6,128,The Core Conditions for Effective Therapeutic Interventions,What conditions did Carl Rogers believe were necessary for therapy to actually work?,3341
001-129,001,6,129,The Propositions that Underpin Carl Rogers' Theory (Part 1),What are the propositions Carl Rogers believed explain how the self is formed?,4548
001-130,001,6,130,The Propositions that Underpin Carl Rogers' Theory (Part 2),What did Carl Rogers mean by congruence between self and experience?,5497
001-131,001,6,131,The Propositions that Underpin Carl Rogers' Theory (Part 3),What did Carl Rogers believe growth towards self-actualisation actually requires?,3607
001-132,001,6,132,Human Motivation: Abraham Maslow's Hierarchy of Needs,What are the different levels of Abraham Maslow's Hierarchy of Needs?,3527
001-133,001,6,133,The Characteristics of a Self-Actualised Person (Part 1),What traits tend to mark someone as self-actualised?,3655
001-134,001,6,134,The Characteristics of a Self-Actualised Person (Part 2),How does self-acceptance play into becoming self-actualised?,3061
001-135,001,6,135,Maslow's Adapted Hierarchy (Deficiency and Growth Needs),How did Abraham Maslow later expand his original Hierarchy of Needs?,4410
001-136,001,6,136,Humanistic Thinking: 10 Self-Reflection Questions,What can reflecting on your own habits and mindset actually reveal about you?,2463
001-137,001,6,137,The 'Good Enough or Not Good Enough' Principle,"Is the belief that you ""aren't good enough"" actually true?",1621
001-138,001,6,138,"The Relationship Between Goals, Fears and Values",What actually stops us from following through on the goals we set?,2746
001-139,001,6,139,Shalom Schwartz's Theory of Basic Human Values (Part 1),What are the ten universal human values that shape our decisions everywhere?,3999
001-140,001,6,140,Shalom Schwartz's Theory of Basic Human Values (Part 2),How do Shalom Schwartz's ten values interact as a system?,2839
001-141,001,6,141,Schwartz Theory of Basic Human Values: Further Distinctions,How does Shalom Schwartz's theory group our ten core values into four broader priorities?,2723
001-142,001,6,142,Human Values: The Human Givens Approach (Part 1),What does the Human Givens Approach say we all fundamentally need?,3933
001-143,001,6,143,Human Values: The Human Givens Approach (Part 2),How can the Human Givens Approach be applied to everyday challenges?,3096
001-144,001,6,144,Universal Values: The Forces Behind Our Decisions (Part 1),What values silently shape almost every decision we make?,4473
001-145,001,6,145,Universal Values: The Forces Behind Our Decisions (Part 2),How does understanding your own values help you understand other people?,3638
001-146,001,6,146,The Achology Core Values Workbooks,What does the Achology values resource actually help you clarify?,783
001-147,001,6,147,Evaluation of Humanistic Psychology and Section Summary,What are the strengths and limits of humanistic psychology as a school of thought?,3429
001-148,001,7,148,Introducing the School of Social Psychology (and Influence),"What does social psychology actually study, and why does it matter?",4229
001-149,001,7,149,The Main Questions Asked Within Social Psychology,What are the main questions social psychology sets out to answer?,2233
001-150,001,7,150,Nurturing Relationships: The Social Psychological Perspective,"What principles actually help build meaningful, healthy relationships?",5126
001-151,001,7,151,Prejudices: Questions for Psychological Social Thinking,Where do your own prejudices and stereotypes actually come from?,2507
001-152,001,7,152,The Iceberg Model of Socio-Cultural Learning (Part 1),Why is culture so often compared to an iceberg?,5059
001-153,001,7,153,The Iceberg Model of Socio-Cultural Learning (Part 2),How does recognising the hidden layers of culture reduce bias?,4863
001-154,001,7,154,A Conversation About How Confirmation Bias Works,Why do we tend to seek out evidence that confirms what we already believe?,1133
001-155,001,7,155,Quick Exercise: Become a Social Psychologist,What does it actually take to become more aware of your own biases?,476
001-156,001,7,156,"The Scales of Hypocrisy, Discrimination and Intolerance",What actually lies underneath discrimination and intolerance?,3537
001-157,001,7,157,The Factors that Determine How We Judge People,"What actually determines who we're drawn to, and who we judge?",5749
001-158,001,7,158,The Hierarchy of Discrimination: Meta-Programs (Part 1),How does bias escalate from a private attitude into something far more dangerous?,3632
001-159,001,7,159,The Hierarchy of Discrimination: Meta-Programs (Part 2),"What are meta-programs, and how do they shape prejudice without us noticing?",3179
001-160,001,7,160,William Glasser's Choice Theory for Understanding Behaviour,What does William Glasser's Choice Theory say actually drives our behaviour?,4471
001-161,001,7,161,Understanding Assumptions: Overview of Attribution Theory,"Why do we assume some people are just careless, while others are just unlucky?",1399
001-162,001,7,162,Understanding Society: The Scale of Social Conformity,Where do you sit on the scale between social conformity and independent thought?,3055
001-163,001,7,163,Understanding Society: Conformity and Obedience Research,What did Solomon Asch and Stanley Milgram's experiments reveal about conformity and obedience?,4113
001-164,001,7,164,Stanley Milgram's Agency Theory of Human Behaviour,"According to Stanley Milgram, what are the two states we operate in when interacting with authority?",3135
001-165,001,7,165,The Four Different Expressions of Social Conformity,What are the different ways social conformity actually shows up in our lives?,3706
001-166,001,7,166,Júrgen Habermas: The 'Influence of Minority' Groups,What did Jürgen Habermas believe was needed to build a genuinely rational society?,3749
001-167,001,7,167,The Elaboration and Likelihood Model (of Influence),How does the Elaboration Likelihood Model explain why some messages persuade us and others don't?,3827
001-168,001,7,168,In What Ways Might You be Socially Influenced?,In what ways might you be socially influenced without even realising it?,3121
001-169,001,7,169,The Levels of Relatability (and Interpersonal Closeness),How does personal growth actually change the depth of our relationships?,3657
001-170,001,7,170,The Individual Inside of a Larger Social Structure (Part 1),"How is society actually structured, and where do you fit within it?",4384
001-171,001,7,171,The Individual Inside of a Larger Social Structure (Part 2),What role can an individual actually play within a larger social structure?,4176
001-172,001,7,172,The (Best Possible) Purpose of Modern Applied Psychology,What is the best possible purpose Modern Applied Psychology can serve?,2047
001-173,001,7,173,Identifying Opportunities for Your Ongoing Personal Growth,What questions help you identify where your own personal growth can go next?,664
001-174,001,7,174,Evaluating Social Psychology and End of Section Summary,What are the strengths and limits of social psychology as a school of thought?,1522
001-175,001,8,175,Overall Course Summary and Final Closing Thoughts,What does this course ultimately hope you take away from it?,2948
002-001,002,1,1,"Welcome to ""A Beginner's Guide to NLP""",What can NLP actually teach you about your own thinking?,2001
002-002,002,1,2,The Basic NLP Communications Model (+ VAGOK),How does information from the outside world actually become a feeling?,4552
002-003,002,1,3,Concrete Authority Vs. Abstract Authority (Thinking),What is the difference between concrete and abstract thinking?,2297
002-004,002,1,4,Neurological Flexibility and Rigidity (Part 1 of 2),How far would you go for something that actually matters to you?,3678
002-005,002,1,5,Neurological Flexibility and Rigidity (Part 2 of 2),What happens once you actually sit with those unlocking questions?,2910
002-006,002,1,6,The Differences Between a Growth and Fixed Mindset,"Is your mindset actually fixed, or only acting that way?",4822
002-007,002,1,7,The 'Present State' to 'Desired State' Model,How do you actually get from where you are to where you want to be?,3646
002-008,002,1,8,The 7 Stages of Personal Growth & Development (Part 1),What is the first of the seven stages of personal growth?,3799
002-009,002,1,9,The 7 Stages of Personal Growth & Development (Part 2),What happens once resistance to growth actually arrives?,2437
002-010,002,1,10,8 Questions for Expanding Your Neuro-Pathways,What questions actually expand the way you think?,3415
002-011,002,1,11,A Container for Developing Conscious Self-Awareness,How much of your potential is limited by how you define yourself?,5182
002-012,002,1,12,The Presuppositions of Neuro-Linguistic Programming,What are the presuppositions that Neuro-Linguistic Programming actually rests on?,5322
002-013,002,1,13,Perception Vs. Reality: The Map is not the Territory,"Is your view of the world actually reality, or your own approximation of it?",2681
002-014,002,1,14,The Applications of Neuro-Linguistic Programming (NLP),What can Neuro-Linguistic Programming actually improve in your everyday life?,1919
002-015,002,1,15,End of Section One Summary and Check-In,What has actually stuck with you from this section?,643
002-016,002,2,16,Wise Mind Model (for Developing Self-Knowledge),"What is the wise mind, and how do you actually reach it?",2352
002-017,002,2,17,Understanding NLP Anchoring and Frames of Reference,How does a piece of music end up carrying an emotion for you?,2789
002-018,002,2,18,Recognising and Recalling Memory Anchors,How do memories formed in childhood still shape your assumptions today?,3274
002-019,002,2,19,The Human Experiential Model (Mental Processing),"Does the situation shape your outcome, or does your interpretation of it?",4866
002-020,002,2,20,The Three Dimensions that Influence State,Which of the three dimensions is actually holding you back right now?,4070
002-021,002,2,21,Circle of Concern Vs. Circle of Control,Are you spending energy on what you can actually influence?,4727
002-022,002,2,22,NLP Goal Setting: A Guide to Balanced Goal Setting,How much time should each type of goal actually get?,3955
002-023,002,2,23,How to Remove ALL Ambiguity From Goal Setting,What questions actually strip the ambiguity out of a goal?,1994
002-024,002,2,24,Outcome Dynamics: Setting Positively Framed Goals,Why does phrasing a goal negatively work against you?,1937
002-025,002,2,25,Ten 'Creative' Solution Focussed Questions,What ten questions actually unlock a creative solution?,1937
002-026,002,2,26,4 Optional Strategies for Responding to Life's Challenges,Which of the four ways of meeting a challenge do you actually default to?,2177
002-027,002,2,27,End of Section Two Summary and Check-In,What has this section actually asked you to reconsider?,1030
002-028,002,3,28,Virginia Satir's Critical Ideologies (and Philosophies),What did Virginia Satir believe made real change possible?,4261
002-029,002,3,29,The Practical Applications of Positive Assumptions,What are Satir's four assumptions for a stronger relationship?,4020
002-030,002,3,30,Fritz Perls and the Principles of Gestalt Therapy,What does Gestalt therapy actually ask you to pay attention to?,4761
002-031,002,3,31,The 4 Stages Through Which Communication Happens,Why does what you say so rarely arrive exactly as you meant it?,2528
002-032,002,3,32,The Essential Conditions for Effective Communication,What conditions actually let a person open up in conversation?,4225
002-033,002,3,33,"Interpersonal Connections: Pacing, Leading & Sensory Acuity","How do pacing, leading and sensory acuity actually work together?",2602
002-034,002,3,34,The Expressions of Interpersonal Relatability (Part 1 of 2),What actually shapes a decision before you are aware of making it?,4178
002-035,002,3,35,The Expressions of Interpersonal Relatability (Part 2 of 2),How do you actually apply interpersonal relatability to your own relationships?,2301
002-036,002,3,36,A Strategy for Achieveing Anything in the World!,What is the actual formula for achieving anything you set out to?,2961
002-037,002,3,37,A Strategy Elicitation Exercise (for Generating Results),How do you actually model somebody else's success?,3322
002-038,002,3,38,The Differences Between 'Breakdown' and 'Breakthrough',Can a breakdown actually be the beginning of a breakthrough?,3511
002-039,002,3,39,End of Section Three Summary and Check-In,What has this whole final section of the course actually asked of you?,621
002-040,002,3,40,Recommended Reads to Support Your Ongoing Growth,What should you read once this course has finished?,2535
003-001,003,1,1,Welcome to NLP Practitioner and Course Introductions,What can you expect from the NLP Practitioner training course?,2788
003-002,003,1,2,What is Neuro-Linguistic Programming (NLP)?,What is Neuro-Linguistic Programming (NLP) and how does it work?,1591
003-003,003,1,3,Head Habits: Neuro-Logical Flexibility and Rigidity,How flexible is your thinking when circumstances change?,3173
003-004,003,1,4,The Four Pillars of Neuro-Linguistic Programming (NLP),What are the four pillars that NLP practice is built on?,2744
003-005,003,1,5,The 'Present State to Desired State' Model,How do you move from where you are now to where you want to be?,3025
003-006,003,1,6,"The 3 Levels of Impact, Purpose, and Fulfilment",How can personal growth ripple outward into lasting impact?,1341
003-007,003,1,7,A Framework for Sharpening Up Your Judgement,How can you sharpen your own judgement?,2379
003-008,003,1,8,Maps and Territories: Evaluating the Precision of Perception,Why is it worth questioning whether your view of a situation is the whole picture?,1631
003-009,003,1,9,An Objective Evaluation of Neuro-Linguistic Programming,Why does Neuro-Linguistic Programming attract both strong advocates and strong critics?,2282
003-010,003,1,10,Self-Reflection Questions to Warm-Up Your Mind,What questions can help you warm up your thinking before going further?,2029
003-011,003,1,11,The Foundational Presuppositions of NLP (Part 1),What core assumptions underpin effective communication and personal growth in Neuro-Linguistic Programming (NLP)?,2695
003-012,003,1,12,The Foundational Presuppositions of NLP (Part 2),How do the Neuro-Linguistic Programming (NLP) presuppositions change the way you approach everyday interactions?,4973
003-013,003,1,13,7 Questions for Stretching Your Neuro-Logical Pathways,What lies beyond the edges of your own experience?,1511
003-014,003,1,14,Noam Chomsky's Cognitive Bias (Errors in Thinking),How do cognitive biases distort the way people think?,3562
003-015,003,1,15,The History of Human Enlightenment (Age of Reason),How did the Age of Reason shape the way we understand human thought today?,2242
003-016,003,1,16,The History of Neuro-Linguistic Programming (NLP),Where did Neuro-Linguistic Programming actually come from?,2255
003-017,003,1,17,Benjamin Bloom's Taxonomy for Critical Thinking,How can you train yourself to think more critically?,2237
003-018,003,1,18,The Highly-Personal Applications of NLP (An Overview),What kinds of intelligence does NLP actually help you develop?,2921
003-019,003,2,19,Distinctions Within the Human Mind (and Building Wisdom),What does it mean to think with a 'wise mind'?,2871
003-020,003,2,20,Developing True Objectivity: The Heart of Wisdom,How does where you focus your attention shape your emotional well-being?,2771
003-021,003,2,21,A Candid Conversation about the Heart of Wisdom,What can a personal story of adversity teach about the nature of wisdom?,2254
003-022,003,2,22,Beliefs and the Socialisation Learning Process (Part 1),"Are your beliefs something you were born with, or something you learned?",3642
003-023,003,2,23,Beliefs and the Socialisation Learning Process (Part 2),How do the forces that shaped your beliefs continue to operate?,1977
003-024,003,2,24,The Construction of Individual & Collective Realities,"How much of what you call ""reality"" was actually built by the people around you?",2404
003-025,003,2,25,Mental Filter: Understanding the Frame of Reference,What is actually shaping the way you interpret the world around you?,1443
003-026,003,2,26,Changing Perspectives: Reframing Meaning with Virginia Satir,How can changing the frame around an experience change its meaning?,3560
003-027,003,2,27,Mental Acuity: An Exploration of What Cognitive Flexibility Is,How does mixing with people unlike yourself sharpen your thinking?,3232
003-028,003,2,28,A Candid Conversation on Reframing Our Meanings,How can reframing a problem change how it feels to face it?,3967
003-029,003,2,29,Linguistic Patterns for Reframing Meanings (In Application),How does the language you use shape the way you experience a problem?,2491
003-030,003,2,30,The Virginia Satir Reframing Matrix (A Demonstration),How does a reframing conversation actually unfold in practice?,2337
003-031,003,2,31,The Eysenck Model of Personality (Fluidity and Flexibility),"Is your personality fixed, or can it adapt as you grow?",3726
003-032,003,2,32,"A Conversation about Labels, Personality and True Identity",Do the labels you use to describe yourself actually capture who you are?,5821
003-033,003,2,33,How Are You Intelligent? Fixed Vs. Growth Mindsets,What kind of intelligent are you?,4311
003-034,003,2,34,Personality Flexibility: Self-Reflection Questions (Exercise),What questions help you reflect honestly on your own flexibility?,1482
003-035,003,2,35,Challenging Boundaries: Stepping Out of the Comfort Zone,What happens when you deliberately step outside your comfort zone?,3775
003-036,003,3,36,Understanding the Difference Between Perception and Reality,Where does your perception of a situation end and reality actually begin?,1623
003-037,003,3,37,The Johari Window (Aspects of Self-Awareness),"How much do you actually know about yourself, and how much is hidden from you?",3261
003-038,003,3,38,Eric Erikson's Eight Stages of Human Development,What psychological challenges shape a person at each stage of life?,5197
003-039,003,3,39,5 Questions to Evaluate Your Ongoing Development,How do you know whether you are actually moving forward in life?,3715
003-040,003,3,40,Happiness Vs. Fulfilment + Creating Long-Term Change,What is the real difference between being happy and being fulfilled?,2424
003-041,003,3,41,A Guide to Drawing Meaning from Our Past Experiences,How can meaning be found even in life's worst experiences?,2166
003-042,003,3,42,50 Questions for Finding Your Passion & Purpose in Life,What questions can help you find your passion and purpose?,153
003-043,003,3,43,The 4 Different Approaches to Tackling Life's Problems,What are the different ways people actually deal with life's problems?,3353
003-044,003,3,44,Outcome Dynamics: Using Positive Outcomes in Language,How does positive language actually change what you do?,3753
003-045,003,3,45,The Drama Triangle 'Disempowerment' Dynamic (TDD),What roles do people fall into when a relationship turns unhealthy?,2483
003-046,003,3,46,Turning Triangulation into the 'Empowerment' Dynamic (TED),How do you turn an unhealthy relationship pattern into a healthy one?,2725
003-047,003,3,47,The Present State to Desired State Model: Further Distinctions,Why does how you word a goal matter as much as the goal itself?,2450
003-048,003,3,48,A Framework for Establishing Goals and Defining Vision,How does a long-term vision actually shape your day-to-day choices?,3394
003-049,003,3,49,Goal Setting: NLP Well-formed Outcomes,What makes a goal 'well-formed' rather than just a wish?,3217
003-050,003,3,50,Setting Well-formed Outcomes (A Demonstration),How do you actually turn a vague goal into a well-formed outcome?,3879
003-051,003,3,51,The 5th Season of Life (Understanding Life Transitions),What is the transition phase that sits between life's major seasons?,2187
003-052,003,3,52,The Principles and Process of Future Pacing,How can imagining your future help you make better decisions today?,1807
003-053,003,3,53,The Process of Future Pacing (A Demonstration),What does a future pacing exercise actually look like in practice?,1856
003-054,003,3,54,The Lazarus Technique (for Outcome Specification),How can naming a problem in a single word help you solve it?,1663
003-055,003,3,55,The Lazarus Technique (A Demonstration),What does the Lazarus Technique look like when it is actually used?,1804
003-056,003,4,56,Introducing a Guide for Effective NLP Coaching,What framework can guide someone through the process of coaching?,2854
003-057,003,4,57,The Four Stages of the NLP Coaching Model,What are the four stages a coaching relationship moves through?,2552
003-058,003,4,58,The Differences Between Positive and Negative Motivation,What is the real difference between motivating someone with reward and motivating them with fear?,2231
003-059,003,4,59,People Skills: The Art of Attending (A Demonstration),What does it actually take to make someone feel truly listened to?,2484
003-060,003,4,60,Creating Solutions: Gerard Egan's Skilled Helper Model,How do you help someone move from a problem towards a workable solution?,2531
003-061,003,4,61,The Skilled Helper Model (A Demonstration),What does the Skilled Helper Model look like when it is put into practice?,2769
003-062,003,4,62,Understanding Drive: Clarifying 'Low Level' Motivations,"Why does understanding someone's smaller, everyday motivations matter as much as their big goals?",1814
003-063,003,4,63,How OK Is It to Be Totally Honest? (With Yourself),How honest are you actually willing to be with yourself?,1324
003-064,003,4,64,Asking Truth Centred Questions (A Demonstration),What does a truth-centred question actually sound like?,2265
003-065,003,4,65,The Ten 'Creative' Solution-Focused Questions,What happens when you focus your questions on solutions instead of problems?,1863
003-066,003,5,66,Determinants of State + NLP Communications Model,What actually determines the emotional 'state' you find yourself in?,3373
003-067,003,5,67,Sensory Modalities: Representational Systems for Change,How do your senses shape the way you think and feel?,2791
003-068,003,5,68,Questions for Introspection (to Develop Your Wise Mind),What does looking inward actually achieve?,1077
003-069,003,5,69,The Positive and Negative 'Therapeutic' Approaches,"Should support be encouraging or validating, and how do you know which someone needs?",1987
003-070,003,5,70,The EQ-i Model for Emotional and Social Functioning,How does emotional maturity shape the way you function in your relationships?,4337
003-071,003,5,71,Waking to the World: Plato's Allegory of The Cave,What happens when you finally see beyond the world you've always known?,1646
003-072,003,5,72,NLP State: The Three Separate Dimensions of State,What three things actually determine your emotional state?,2514
003-073,003,5,73,Lawrence Kohlberg's 3 Stages of Moral Development,How does a person's sense of right and wrong develop over a lifetime?,3762
003-074,003,5,74,The Internal State Loop (and Human Experience),What is actually happening inside the loop between your feelings and your thoughts?,4402
003-075,003,5,75,The Internal State Loop (A Self-Awareness Exercise),How do you turn an understanding of your internal state into a daily habit?,1369
003-076,003,5,76,Honest Reflections: A Candid Discussion About 'State',What does it actually take to learn to manage your own internal state?,2723
003-077,003,5,77,The Timeline of Human Experience (Mental Time Travel),Why is living fully in the present moment harder than it sounds?,4592
003-078,003,5,78,Strategies for Self-Management and Control (NO Swish!),How do you actually stop yourself reacting on autopilot?,4304
003-079,003,5,79,A Conversation About the Importance of Self-Regulation,What actually happens when self-regulation is missing from your life?,3108
003-080,003,5,80,Another Perspective on Developing Personal Excellence,What can elite sport teach about managing your state under pressure?,2543
003-081,003,5,81,Eight Questions for Developing Wise Reasoning Skills,What questions help you reason more wisely under pressure?,2993
003-082,003,5,82,End of Section Five Summary and Check-In,How much of this section have you actually taken in so far?,1498
003-083,003,6,83,Virginia Satir's Family Communication Dynamics,What patterns of communication show up in a family under stress?,3828
003-084,003,6,84,The Primary Character Attributes of a 'Leveller',What does it actually look like to communicate with complete honesty?,4562
003-085,003,6,85,Virginia Satir's Critical Ideologies (and Philosophies),Where does real personal change actually begin?,3451
003-086,003,6,86,The Key Assumptions of Fritz Perls (Gestalt Therapy),What does it mean to live fully in the here and now?,4453
003-087,003,6,87,The Main Ideas and Principles of Gestalt Therapy,How does paying closer attention to the present change what you notice about yourself?,2087
003-088,003,6,88,Humanism's Contribution to the Field of Applied Psychology,How does treating people with genuine dignity change the way you connect with them?,2944
003-089,003,6,89,Introducing Milton H. Erickson (and the Milton Model),What made Milton H. Erickson's use of language so effective?,3549
003-090,003,6,90,A Guide to Abstraction: Milton Erickson's Language Patterns,How does deliberately vague language help someone reach their own insight?,4902
003-091,003,7,91,The Fundamentals of Influencing Personal Change,"What is the actual difference between guiding, coaching, teaching, mentoring and counselling?",2809
003-092,003,7,92,The Expressions of Interpretative Relatability,Why are some people ready to change while others resist it?,3962
003-093,003,7,93,The Essential Prerequisites of Developing Rapport,What actually needs to be in place before rapport can form?,2060
003-094,003,7,94,Practising Immediacy (A Practical Demonstration),What does it look like to address what's happening between two people right now?,2206
003-095,003,7,95,The Art of Immediating on 'Eye-Accessing Cues',What do a person's eye movements actually reveal about how they're thinking?,1876
003-096,003,7,96,Eye-Accessing Cues (A Practical Demonstration),How do you actually put eye-accessing cues into practice?,1694
003-097,003,7,97,"Communication: Pacing, Leading, and Sensory Acuity",How do you build rapport with someone who thinks quite differently from you?,1573
003-098,003,7,98,The NLP Perceptual Dissociation Technique,How can stepping back from a painful memory change how it affects you?,3169
003-099,003,7,99,How to Reposition Your 'Perceptual' Perception for Change,How does looking at a conflict from three different angles change your understanding of it?,1665
003-100,003,7,100,Perceptual Repositioning (A Practical Demonstration),What happens when you're guided to see your own role from someone else's perspective?,2864
003-101,003,7,101,The NLP Meta Mirror for Facilitating Change,How much of a difficult relationship is actually about your relationship with yourself?,871
003-102,003,7,102,The NLP Meta Mirror (A Practical Demonstration),What does a Meta Mirror session actually look like?,2539
003-103,003,7,103,The NLP Meta Mirror: Further Distinctions,What makes people open to being convinced of something new?,1774
003-104,003,7,104,The Submodalities (Fine Details) of Internal Representation,What are the fine sensory details that make an experience feel meaningful?,2007
003-105,003,7,105,How to Use Submodalities in Your Everyday Language,How can describing something in sensory detail make it feel more real to someone else?,3192
003-106,003,7,106,Submodalities in Language (A Practical Demonstration),What does a submodality-based conversation actually sound like?,3270
003-107,003,7,107,A Guide to Integrating Submodalities in Your Coaching,How can adjusting sensory detail make a goal feel more real and motivating?,2694
003-108,003,7,108,Ulric G. Neisser's Five Levels of Self-Awareness,How many different layers of self-awareness are there?,3834
003-109,003,8,109,NLP Anchoring and Representational Reimagining,"How can a familiar trigger control the way you respond, without you noticing?",3500
003-110,003,8,110,A Practical Process for Recalling Memory Anchors,Why does a certain smell or sound sometimes bring a memory flooding back?,1460
003-111,003,8,111,How Belief Anchors are Born (By Validated ideas),Where do the beliefs that hold you back actually come from?,2036
003-112,003,8,112,The Formation of Anchors and Conditioned Behaviour,How does new information actually connect to what you already believe?,1592
003-113,003,8,113,Kain's Top 10 Limiting Beliefs (or Lame Excuses),What do your own excuses actually reveal about your limiting beliefs?,2358
003-114,003,8,114,The Four Primary Stages of Anchor Development,What four stages does a stimulus have to pass through before it becomes an anchor?,4178
003-115,003,8,115,Before NLP Anchoring: Earlier Behavioural Studies,What did Pavlov's dogs actually reveal about how behaviour is learned?,2084
003-116,003,8,116,Exploring (the Ethically Dubious Nature of) Behaviourism,How far have psychologists gone in the name of proving a theory?,1343
003-117,003,8,117,Beliefs that Keep us Anchored to Disempowerment (Part 1),What extreme beliefs quietly keep people stuck in emotional distress?,4249
003-118,003,8,118,Beliefs that Keep us Anchored to Disempowerment (Part 2),What further extreme beliefs continue to keep people anchored to powerlessness?,2818
003-119,003,8,119,A Reflective Conversation about NLP Anchors,Why does a certain song instantly take you back to one specific moment?,2679
003-120,003,8,120,For Self-Reflection: How Present is Your Past?,How much is your past still steering your present decisions?,1579
003-121,003,8,121,For Self-Reflection: How Present is Your Future,What kind of future are you actually building towards?,2035
003-122,003,9,122,Operation Hearts and Minds (for Winning People),Why do people resist your advice even when it's meant well?,3949
003-123,003,9,123,The 8 Stages of Connection in Mature Relationships,What natural stages do healthy relationships actually move through?,3191
003-124,003,9,124,How Misinterpretation Works its Way Into Communication,"Why do so many messages get misunderstood, even when both people mean well?",1356
003-125,003,9,125,"Two Very Simple, Yet Perspective-Changing Questions",What two simple questions can completely change a conversation?,925
003-126,003,9,126,Perspective Changing Questions (A Demonstration),"What does delivering a clear, fact-based discussion actually look like?",1573
003-127,003,9,127,Social Skills: The Four Main Styles of Communication,What kind of conversation are you actually having right now?,2345
003-128,003,9,128,People Skills: The 3 Different Types of Listening,"Are you really listening, or just waiting for your turn to speak?",1836
003-129,003,9,129,A Guide to Unlocking the Meta Model (Part 1),How does the language people use actually distort what they mean?,4020
003-130,003,9,130,A Guide to Unlocking the Meta Model (Part 2),How do you use the meta-model to draw out what someone hasn't said?,2512
003-131,003,9,131,The Hierarchy of Ideas: Chunking Up and Down,"When should you zoom out to the big picture, and when should you zoom in on the detail?",1671
003-132,003,9,132,Conversational Chunking (A Demonstration),What does chunking actually sound like when it's used to uncover someone's real motivation?,1435
003-133,003,9,133,The Art of Practising Immediacy: The Attending Skill,"How can naming what's happening between you and someone else, right now, deepen the conversation?",3902
003-134,003,9,134,Breaking Habits with Conversation (Demonstration) Part 1,How does re-examining a past experience help resolve a present tension?,2992
003-135,003,9,135,Breaking Habits with Conversation (Demonstration) Part 2,How does that same process of re-evaluation continue to unfold?,2099
003-136,003,9,136,Breaking Habits (The Demonstration Deconstruction),"What actually happened during that demonstration, and why?",1931
003-137,003,9,137,Interaction: Intonation Patterns with Intentionality,How much does the tone of your voice actually change what people hear you say?,1628
003-138,003,9,138,The Core Communication Skills Workbook,How can a structured workbook actually build your everyday communication skills?,1640
003-139,003,10,139,Understanding Strategy (Strategy Vs. Tactics),What is the actual difference between your strategy and your tactics?,2923
003-140,003,10,140,NLP Strategies: A Natural Process for Learning,"What does a natural, structured process for learning actually look like?",3241
003-141,003,10,141,Financial Discipline: An Effective Financial Strategy,What does it actually take to manage your money with discipline?,3715
003-142,003,10,142,A Strategy Elicitation Exercise (for Generating Results),How do you break down someone else's success so you can learn from it?,4583
003-143,003,10,143,Demystifying Strategy with NLP Modelling,How do you actually find out how someone else achieves success?,2912
003-144,003,10,144,Strategy Elicitation (A Demonstration with Kain),What does a real strategy elicitation interview actually reveal?,4984
003-145,003,10,145,The Freedom Strategy (Self-Reflection Questions),What does personal freedom actually mean to you?,3213
003-146,003,10,146,A Practical Strategy for Public Speaking and Presentations,What does it actually take to speak or present with confidence?,2560
003-147,003,11,147,Core Values: Living with a Breakthrough Mindset,Do your core values point you towards breakdown or towards breakthrough?,2378
003-148,003,11,148,Aristotle's 12 Essential Human Virtues (Part 1),What virtues did Aristotle believe make up a person of moral character?,2829
003-149,003,11,149,Aristotle's 12 Essential Human Virtues (Part 2),How do Aristotle's twelve virtues continue to shape a life of moral character?,3140
003-150,003,11,150,Human Motivation: Abraham Maslow's Hierarchy of Needs,What does Abraham Maslow's hierarchy of needs actually say about what drives human behaviour?,2355
003-151,003,11,151,Key Traits and Characteristics of a Self-Actualised Person,What do people who have reached self-actualisation actually have in common?,3314
003-152,003,11,152,Complete Guide to Understanding Human Values (Part 1),"What actually matters most to you, and does your life reflect it?",4945
003-153,003,11,153,Complete Guide to Understanding Human Values (Part 2),How does understanding your core values continue to shape a meaningful life?,4739
003-154,003,11,154,The Achology Core Values Workbook,What does it actually take to put your core values into practice?,312
003-155,003,12,155,End of Course Summary and Closing Thoughts,What does progress in Neuro-Linguistic Programming actually look like over time?,2625
004-001,004,1,1,Welcome to the NLP Master Practitioner training!,What can you expect from the NLP Master Practitioner training?,3077
004-002,004,1,2,Current Conditions Vs. Ideal Conditions (Part 1 of 2),What is the difference between your present state and your desired state?,2243
004-003,004,1,3,Current Conditions Vs. Ideal Conditions (Part 2 of 2),How do you go about evaluating the gap between where you are now and where you want to be?,704
004-004,004,1,4,NLP Mastery: Revisiting the Fundamental Basics,What are the representational systems at the heart of Neuro-Linguistic Programming?,3707
004-005,004,1,5,A Guide to Envisioning the Fully Functioning Human,What does it actually mean to be a fully functioning human being?,3926
004-006,004,1,6,Concrete Authority vs. Abstract Authority (of Thinking),How does concrete thinking differ from abstract thinking?,2340
004-007,004,1,7,Questions to 'Activate' Your Mind (and Abstract Thinking),"Which questions can activate deeper, more abstract thinking?",2811
004-008,004,1,8,The Dynamics of Facilitating Positive Change,Why do people resist ideas that challenge their existing beliefs?,4109
004-009,004,1,9,"Soil Types, Maturity Levels and People Outcomes",Why do some people grow and mature while others resist it entirely?,3436
004-010,004,1,10,Bloom's Taxonomy: A Framework for Useful Thinking,How can Benjamin Bloom's Taxonomy sharpen the way you think?,2161
004-011,004,1,11,The Seven Stages of Personal Growth & Development,What are the seven stages people move through on the path of personal growth?,4639
004-012,004,1,12,The Seven Common Blocks to Personal Growth (Part 1),What is the real difference between a fixed mindset and a growth mindset?,2159
004-013,004,1,13,The Seven Common Blocks to Personal Growth (Part 2),Which common blocks stand between you and further personal growth?,4396
004-014,004,1,14,A Conversation about Blocks to Personal Growth,How do blocks to learning affect your closest relationships?,3255
004-015,004,1,15,A Container for Conscious Self-Awareness,What is the difference between consciousness and self-awareness?,3791
004-016,004,1,16,The Foundational Presuppositions of NLP (Part 1),What are the foundational presuppositions of Neuro-Linguistic Programming?,3852
004-017,004,1,17,The Foundational Presuppositions of NLP (Part 2),How do the presuppositions of Neuro-Linguistic Programming change the way you approach other people?,2651
004-018,004,1,18,The Master/Advanced Presuppositions of NLP (Part 1),What are the advanced presuppositions of Neuro-Linguistic Programming?,4457
004-019,004,1,19,The Master/Advanced Presuppositions of NLP (Part 2),How can the advanced presuppositions of Neuro-Linguistic Programming refine your practice?,2642
004-020,004,1,20,The NLP Human Experiential Model (Basic: Part 1),What is the NLP Human Experiential Model?,3333
004-021,004,1,21,The NLP Human Experiential Model (Advanced: Part 2),What are the five levels of the advanced Neuro-Linguistic Programming (NLP) Human Experiential Model?,1312
004-022,004,1,22,The Seven Levels (and Stages) of Learning,What stages do people move through as they grow from self-awareness to mastery?,3148
004-023,004,1,23,The 7 Levels of Self-Awareness (and Transformation),What are the seven levels of self-awareness that lead to personal transformation?,5493
004-024,004,1,24,End of Section One Summary and Check-In,How can you check in with what you've learned so far in this section?,480
004-025,004,2,25,An Introduction to Limiting Beliefs (and Worldviews),"Where do limiting beliefs actually come from, and how do they hold you back?",1544
004-026,004,2,26,The Four Categories of Truth (and Objectivity),What are the four categories of truth that broaden our understanding?,3962
004-027,004,2,27,The Five Different Categories of Belief (Worldview),What are the five categories of belief that shape how we see the world?,4880
004-028,004,2,28,A Dialogue on the Five Different Categories of Belief,How do personal beliefs shift and change over the years?,1858
004-029,004,2,29,All Human Knowledge is Derived from Experience,How does John Locke's philosophy explain where human knowledge comes from?,1992
004-030,004,2,30,A Candid Dialogue on the Topic of Exploring New Ideas,What does it actually take to change a belief?,1381
004-031,004,2,31,Sigmund Freud's 'Three Levels of Consciousness',What are the three levels of consciousness in Sigmund Freud's theory of mind?,4003
004-032,004,2,32,"Psychoanalytic Theory: The Ego, Superego, and ID","How do the Id, the Ego, and the Superego work together in Sigmund Freud's psychoanalytic theory?",2461
004-033,004,2,33,A Gateway Between the Conscious and the Subconscious,What is the Critical Factor that separates the conscious mind from the subconscious mind?,2710
004-034,004,2,34,Sociocultural Theory: The Socio-Cultural Learning Model,How do social interactions and culture shape the way we develop?,4184
004-035,004,2,35,Daniel Kahneman's Cognitive Bias Theory (Part 1 of 2),"What are cognitive biases, and why do they distort our decisions?",4002
004-036,004,2,36,Dialogue on the Practical Nature of Cognitive Bias,How does cognitive bias show up in everyday relationships?,1502
004-037,004,2,37,Daniel Kahneman's Cognitive Bias Theory (Part 2 of 2),What are the five common cognitive biases that distort everyday decisions?,2761
004-038,004,2,38,A Dialogue on Cognitive Bias: Further Distinctions,What further distinctions help explain how cognitive bias distorts thinking?,1873
004-039,004,2,39,The Pygmalion Effect (and Self-Fulfilling Prophecy),"What is the Pygmalion effect, and how do expectations shape outcomes?",2956
004-040,004,2,40,Circle of Disempowerment Vs. Empowerment (Locus of Control),"What is your locus of control, and how does it shape the way you respond to life?",3491
004-041,004,2,41,Inductive Versus Deductive Thinking Patterns (Part 1),What shapes the reasoning style you rely on every day?,4218
004-042,004,2,42,Inductive Versus Deductive Thinking Patterns (Part 2),How do different thinking styles shape the way you interpret the world?,2630
004-043,004,2,43,A Candid Conversation on Deductive Thinking Patterns,How does deductive reasoning actually work?,2312
004-044,004,2,44,The Battlefield of the Human Mind (NOT the Brain),How can you take control of a mind flooded with constant thought?,2599
004-045,004,2,45,A to C Language: An Equation for Self-Regulation,What is the missing link between an event and how you react to it?,1901
004-046,004,2,46,A Neurological Dissection of the Human Experience,What does self-regulation actually involve?,2208
004-047,004,2,47,A Dialogue about Dissecting the Human Experience,How can a structured framework bring clarity to a current difficulty?,2895
004-048,004,2,48,The Socratic Method for Open and Reflective Questioning,"What is the Socratic Method, and how does it encourage reflective thinking?",1814
004-049,004,2,49,Socratic Questioning: 1-to-1 Session (Demonstration #01),What does Socratic questioning look like in a real coaching conversation?,2581
004-050,004,2,50,How to ‘Neuro-Logically’ Reprogramme Limited Thinking,How can an NLP pattern help you reprogramme limited thinking?,2731
004-051,004,2,51,Neuro-Logical Reprogramming: 1-to-1 Session (Demonstration #02),How does neuro-logical reprogramming work in a live coaching session?,2406
004-052,004,2,52,Making Paradigm Shifts: The Belief Change Cycle,What is Robert Dilts's Belief Change Cycle?,1993
004-053,004,2,53,The Beliefs that Bind People to Disempowerment (Part 1),"What are Albert Ellis's Irrational Beliefs, and how do they hold people back?",3712
004-054,004,2,54,The Beliefs that Bind People to Disempowerment (Part 2),Which beliefs continue to hold people back once they are already aware of them?,3612
004-055,004,2,55,End of Section Two Summary and Check-In,What has the second section actually asked you to take in?,632
004-056,004,3,56,The Four Primary Stages of Life and Development,What four main stages does a life move through as it develops?,4054
004-057,004,3,57,The Four Different Categories of Idea,What are the four categories of idea that shape creativity?,4873
004-058,004,3,58,Frankl's Six Keys to Unlocking Your Purposes in Life,How do you check that your ideas still align with your life vision?,4298
004-059,004,3,59,"Ideas Always Come First, Vision Comes Second",Why must ideas come before vision?,3499
004-060,004,3,60,Smart Vision Boarding (for Goal Setting Success),What makes a vision board actually work?,1846
004-061,004,3,61,Applying Vision Boarding in the Different Areas of Life,How can vision boarding be applied to different areas of life?,4326
004-062,004,3,62,Living a Life of Legacy: Good News for Rule Breakers!,What does it mean to live a life of legacy?,3375
004-063,004,3,63,IKIGAI: Finding Your Direction and Purpose in Life,"What is Ikigai, and how can it help you find your purpose?",4483
004-064,004,3,64,Neuro-Logical Levels: For Goal and Vision Congruence,What are the six neuro-logical levels behind goal and vision congruence?,2793
004-065,004,3,65,Neuro-Logical Levels: 1-to-1 Session (Demonstration #03),How are neuro-logical levels applied in a live coaching session?,5008
004-066,004,3,66,Gerard Egan's Skilled Helper (Solution-Focused) Model,What is Gerard Egan's Skilled Helper Model?,3793
004-067,004,3,67,Future (Perceptual) Pacing for Congruent Goal Setting,How can perceptual positions help you test whether a goal is right for you?,932
004-068,004,3,68,A Visualization Process: 1-to-1 Session (Demonstration #04),What does a visualisation process look like in a live coaching session?,3038
004-069,004,3,69,Assessing Goal Congruence: 1-to-1 Session (Demonstration #05),How is goal congruence actually assessed in a live coaching session?,3576
004-070,004,3,70,"The 'Head', 'Heart' and 'Gut' (Goal Setting) Model","How do the 'head', 'heart' and 'gut' work together in goal setting?",2217
004-071,004,3,71,"Head, Heart & Gut Model: 1-to-1 Session (Demonstration #06)","How does the head, heart, and gut model play out in a live coaching session?",3038
004-072,004,3,72,End of Section Three Summary and Check-In,What has the third section actually asked you to take in?,645
004-073,004,4,73,The Characteristics of a Fully Functioning Person,"What characterises a fully functioning person, according to Carl Rogers?",4838
004-074,004,4,74,"The Decisions that Lead to Maturity, Growth and Character","What choices lead to maturity, growth, and character?",5194
004-075,004,4,75,A Dialogue about Choices of Maturity and Character,How do choices of maturity and character shape everyday life?,2365
004-076,004,4,76,Choices of Maturity and Character: Honest Self-Evaluation,What questions help you honestly evaluate your own maturity and character?,1897
004-077,004,4,77,How Acceptable is it to be Completely Honest?,How honest are you prepared to be about why your life doesn't yet look the way you want?,1587
004-078,004,4,78,Moving From Your Present State to a Desired State,What three factors move you from your present state to your desired state?,4170
004-079,004,4,79,A Candid Dialogue about the Acceptance of Truth,What does true acceptance actually mean?,2301
004-080,004,4,80,Solid Grounds for State Stability (Emotional Stability),What gives you emotional stability when life gets difficult?,1876
004-081,004,4,81,Sigmund Freud's Defence Mechanisms (Mental Strategies),What are Sigmund Freud's defence mechanisms?,4256
004-082,004,4,82,An Honest Conversation about Defence Mechanisms,How did Anna Freud expand on her father's theory of defence mechanisms?,1697
004-083,004,4,83,The 'Cause to Effect' Technique (Behavioural Backtracking),What is the 'cause to effect' technique used for in Neuro-Linguistic Programming (NLP) coaching?,508
004-084,004,4,84,Behavioural Backtracking: 1-to-1 Session (Demonstration #07),How does behavioural backtracking play out in a live coaching session?,1383
004-085,004,4,85,A Guide to Exploring Your Own Defence Mechanisms,How can you start to recognise your own defence mechanisms?,1980
004-086,004,4,86,Questions to Identify Limiting Beliefs (Demonstration Setup),How can the Johari Window help you uncover beliefs you don't know you hold?,4302
004-087,004,4,87,Identifying Limiting Beliefs: 1-to-1 Session (Demonstration #08),How does identifying limiting beliefs play out in a live coaching session?,3769
004-088,004,4,88,Timeline: Identifying and Connecting Emotional Hotspots,How do memory anchors shape your emotional health?,3135
004-089,004,4,89,Parental Timeline Questions: 1-to-1 Session (Demonstration #09),How do parental timeline questions play out in a live coaching session?,3775
004-090,004,4,90,Timeline Reimprinting: 1-to-1 Session (Demonstration #10),How does timeline reimprinting play out in a live coaching session?,2950
004-091,004,4,91,Timeline Reimprinting (Demonstration Deconstruction),What does the timeline reimprinting process actually feel like from the inside?,1927
004-092,004,4,92,Timeline Interventions: A Final Story to Summarise,What does a closing story reveal about working with your own timeline?,1139
004-093,004,4,93,The Key Principles for Life and Self-Awareness (Part 1),"What principles of maturity, timing, and cause and effect shape how we understand ourselves and others?",3332
004-094,004,4,94,The Key Principles for Life and Self-Awareness (Part 2),"How do these same principles of maturity, timing, and cause and effect continue to shape our relationships?",2927
004-095,004,4,95,End of Section Four Summary and Check-In,What has the fourth section actually asked you to take in?,450
004-096,004,5,96,"Kierkegaard: ""Be the Self Which One Truly Is""","What did Søren Kierkegaard mean by ""be the self which one truly is""?",3833
004-097,004,5,97,Authenticity: A Heartfelt Dialogue about 'Being Real',What does it mean to live authentically?,4049
004-098,004,5,98,A Guide to Accurate (and Empowering) Self-Identification,How do the labels you adopt shape or limit your identity?,3131
004-099,004,5,99,Identifying in Virtue and Opportunity for Improvement,How can identifying with your own virtues support personal growth?,4437
004-100,004,5,100,The Core Identity Coaching Model (by Kain Ramsay),Why do so many people define themselves only by what they achieve?,2423
004-101,004,5,101,An Honest Dialogue about The Core Identity Model,How do you define yourself beyond your achievements?,2550
004-102,004,5,102,How You Are You: Hans J. Eysenck's Personality Model,What are the three dimensions of Hans J. Eysenck's personality model?,2633
004-103,004,5,103,Context for Growth (and Understanding Family Dynamics),What are Virginia Satir's five communication styles?,4200
004-104,004,5,104,A Guide to Living (with a Healthy Reverence for Life),What does it mean to have a healthy reverence for life?,2562
004-105,004,5,105,A Guide to Living (with a Healthy Reverence for Time),What does it mean to have a healthy reverence for time?,1348
004-106,004,5,106,A Guide to Living (with a Healthy Reverence for Death),What does it mean to have a healthy reverence for death?,886
004-107,004,5,107,What Does it Really Mean to be Successful in Life?,What does genuine success in life actually consist of?,2451
004-108,004,5,108,End of Section Five Summary and Check-In,What has the fifth section actually asked you to take in?,542
004-109,004,6,109,How to Build Conflict-Resistant Connection,How can you build relationships that survive conflict?,5466
004-110,004,6,110,A Dialogue About Building Conflict-Resistant Connections,What does it take to build a connection strong enough to survive conflict?,2010
004-111,004,6,111,The 4 Categories of Interpersonal Communication,What is the most effective form of interpersonal communication?,3034
004-112,004,6,112,The 12 Common Roadblocks to Strong Communication,What are the common roadblocks that get in the way of strong communication?,5114
004-113,004,6,113,Dialogue About the 12 Roadblocks to Strong Communication,How do communication roadblocks get in the way of real connection?,3285
004-114,004,6,114,Prejudice: Reprogramming Beyond Personal Biases,"How does prejudice form, and how can it be challenged?",4157
004-115,004,6,115,The Spectrum of 'Belief Possibility' Spaces,How do a person's underlying beliefs shape what they see as possible?,2857
004-116,004,6,116,Belief Possibility Spaces: 1-to-1 Session (Demonstration #11),How do belief possibility spaces play out in a live coaching session?,2728
004-117,004,6,117,Dissecting Language to Establish Accurate Meanings,How does the language you use reveal your deeper beliefs?,1958
004-118,004,6,118,How to Become Someone that Others will Confide In,How do you become someone other people feel able to confide in?,2797
004-119,004,6,119,The Discipline of Immediacy: An Attending Skill,"What is immediacy, and how does it strengthen communication?",3162
004-120,004,6,120,Immediacy and Listening: 1-to-1 Session (Demonstration #12),How does immediacy play out through listening in a live coaching session?,1913
004-121,004,6,121,Five Important Communication Styles to Understand,"What are the five main communication styles, and how do they differ?",2738
004-122,004,6,122,People Skills: How to Build Rapport and Earn Trust,How do you build rapport and earn someone's trust?,1887
004-123,004,6,123,"Repeating, Paraphrasing & Reflecting: 1-to-1 Session (Demonstration #13)","How do repeating, paraphrasing, and reflecting play out in a live coaching session?",2300
004-124,004,6,124,Clean Language (Questions for Clarity and understanding),"What is Clean Language, and how does it support self-discovery?",1739
004-125,004,6,125,Clean Language Questions: 1-to-1 Session (Demonstration #14),How do Clean Language questions play out in a live coaching session?,3141
004-126,004,6,126,The Art of Defining Positively Framed Outcomes,Why does framing a goal positively change how likely you are to achieve it?,1821
004-127,004,6,127,Positively Framed Outcomes: 1-to-1 Session (Demonstration #15),How does positive framing of outcomes play out in a live coaching session?,4383
004-128,004,6,128,Modal Operators: Neuro-Linguistic Modes of Operating,"What are modal operators, and why do they matter?",1580
004-129,004,6,129,Cartesian Co-Ordinates for Model Operators,What questions make up the Cartesian Coordinates decision-making model?,1321
004-130,004,6,130,Cartesian Coordinates: 1-to-1 Session (Demonstration #16),How do Cartesian Coordinates play out in a live coaching session?,1829
004-131,004,6,131,The Meta Model III (Tokyo-Drift Problem Solving),"What is the Meta Model III, and how does it resolve miscommunication?",506
004-132,004,6,132,The Meta Model III: 1-to-1 Session (Demonstration #17),How does the Meta Model III play out in a live coaching session?,2257
004-133,004,6,133,Introducing NLP Value Mapping (An Achology Exclusive),"What is Value Mapping, and how does it structure decision-making?",1954
004-134,004,6,134,Values Mapping (Part 1): 1-to-1 Session (Demonstration #18a),How does Value Mapping play out in the first half of a live coaching session?,2677
004-135,004,6,135,Values Mapping (Part 2): 1-to-1 Session (Demonstration #18b),How does Value Mapping conclude in the second half of a live coaching session?,2556
004-136,004,6,136,End of Section Six Summary and Check-In,What has the sixth section actually asked you to take in?,677
004-137,004,7,137,The Common and Everyday Applications of NLP,What should any genuine application of Neuro-Linguistic Programming actually achieve for you?,4511
004-138,004,7,138,A Theory of Human Motivation: Maslow's Hierarchy of Needs,How did Abraham Maslow's hierarchy of needs expand beyond its original five levels?,3771
004-139,004,7,139,"The Pursuit of Fulfilment in a Culture of More, More, More",Why does chasing more wealth and success rarely bring lasting fulfilment?,1331
004-140,004,7,140,Understanding Social Structure and Innovating Change,How do gaps in social structure create opportunities for meaningful change?,2946
004-141,004,7,141,The Six Stages of an Entrepreneur's Journey,What really drives someone through the entrepreneurial path?,3165
004-142,004,7,142,The NLP Coaching Model (Coaching in Congruence),Why does congruence matter so much in coaching?,3455
004-143,004,7,143,The Change Management Mindset (A Quadrant),What makes change management genuinely difficult?,3037
004-144,004,7,144,NLP Master Practitioner: Coaching for Influence,What is the true purpose of a Neuro-Linguistic Programming (NLP) Master Practitioner's influence?,3992
004-145,004,7,145,The Dwight Eisenhower Decision-Making/Productivity Matrix,How does the Eisenhower Matrix help you prioritise your time?,2215
004-146,004,7,146,"The Hook, Book, Look & Took of Effective Presentations (Pt 1)","What is the 'Hook, Book, Look and Took' model for effective presentations?",2530
004-147,004,7,147,"The Hook, Book, Look & Took of Effective Presentations (Pt 2)","How do you put the 'Hook, Book, Look and Took' model into practice?",3010
004-148,004,7,148,The Business Model Canvas (for Effective Business Planning),"What is the Business Model Canvas, and how does it structure business planning?",3603
004-149,004,7,149,A Guide to Packaging Up Your Professional Offering,How do you package a professional offering for different types of client?,4033
004-150,004,7,150,A Guide to Determining Your Niche (If You Need One),"Do you actually need a niche, and what does having one really mean?",2698
004-151,004,7,151,A Framework for Applying NLP at Master Practitioner Level,What framework brings NLP together at Master Practitioner level?,914
004-152,004,7,152,End of Section Seven Summary and Check-In,What has the seventh section actually asked you to take in?,2620
004-153,004,8,153,Closing Thoughts + Recommended Reads for Further Study,What comes next after finishing this course?,4393
004-154,004,8,154,A Few Final Words of Reflection,What comes after completing the Neuro-Linguistic Programming (NLP) Master Practitioner course?,3775
005-001,005,1,1,Welcome to NLP for Mental Health and Wellness,What does this course on Neuro-Linguistic Programming for mental health and wellness cover?,1941
005-002,005,1,2,Introducing the Present State to Desired State Model,How can you map the gap between where you are now and where you want to be?,4414
005-003,005,1,3,The NLP Communications Model (Explained),How does the mind turn an event into an emotional reaction?,4600
005-004,005,1,4,The Everyday Uses of Neuro-Linguistic Programming,What can Neuro-Linguistic Programming actually change in everyday life?,2613
005-005,005,1,5,The 7 Levels of Personal Maturation and Growth (Part 1),What has to change in your mindset before personal growth becomes possible?,2871
005-006,005,1,6,The 7 Levels of Personal Maturation and Growth (Part 2),"What comes after recognising a victim mindset, in the process of personal growth?",2990
005-007,005,1,7,Differentiating Fixed + Growth Orientated Thinking Styles,What separates a fixed mindset from a growth mindset?,2878
005-008,005,1,8,Concrete Authority Thinking Vs. Abstract Authority Thinking,What did Jean Piaget mean by concrete and abstract thinking?,1898
005-009,005,1,9,A Guide to Developing Neuro-Linguistic Flexibility,How does becoming more mentally flexible change the way you respond to life?,3029
005-010,005,1,10,Abstract Thinking: Questions to 'Warm-Up' Your Mind,What kind of questions can warm up your capacity for abstract thought?,2498
005-011,005,1,11,Neuro-Linguistic Programming Presuppositions (Part 1),"What are the presuppositions of Neuro-Linguistic Programming, and where do they come from?",2819
005-012,005,1,12,Neuro-Linguistic Programming Presuppositions (Part 2),What do the remaining presuppositions of Neuro-Linguistic Programming add to the picture?,3105
005-013,005,1,13,A Model for Growing in Self-Knowledge and Awareness,How does the way you define yourself shape your capacity for growth?,3466
005-014,005,1,14,Neurological Flexibility: Expanding Your Neuro-Pathways,What kind of questions can expand your neurological flexibility?,1955
005-015,005,1,15,Perception Vs. The True Nature of Actual Reality,"What did Alfred Korzybski mean by ""the map is not the territory""?",4702
005-016,005,1,16,End of Section One Summary and Check-In,What is covered in the check-in at the end of this section?,530
005-017,005,2,17,Mindset: Understanding the Wise Part of Your Mind,"What is the ""Wise Mind"" and how does it help you make better decisions?",2737
005-018,005,2,18,Mindset: Understanding Your Frame of Reference,"What is a ""frame of reference"" and how does it shape the way you see the world?",2836
005-019,005,2,19,NLP State: The Three Different Dimensions of State,"What are the three dimensions of ""state"" in Neuro-Linguistic Programming?",5472
005-020,005,2,20,Anchoring: An Introduction to NLP Belief Anchors,"What is a ""belief anchor"" and how does it come to limit you later in life?",2021
005-021,005,2,21,Anchoring: Representational Reimagining (A Process),How do you use representational reimagining to work through an unhelpful belief anchor?,3516
005-022,005,2,22,Mindset and Interpretation: The Internal State Loop,"What is the ""Internal State Loop"" and how does it shape your outcomes?",4366
005-023,005,2,23,Locus of Control: Disempowered Vs. Empowered Mindsets,What is the difference between a disempowered and an empowered mindset?,2904
005-024,005,2,24,The Fundamental Basics of NLP-Based Goal Setting,What are the four types of goals in Neuro-Linguistic Programming (NLP)-based goal setting?,3951
005-025,005,2,25,Goal Setting: Establishing Positively Framed Goals,Why does framing a goal positively make it easier to achieve?,2430
005-026,005,2,26,Ask Yourself: 10 ‘Creative’ Solution-Focussed Questions,How can solution-focused questions help you move past a problem?,2463
005-027,005,2,27,Foundations for Progress: Getting Clear on the Specifics,What role does clarity play in making real progress in life?,2780
005-028,005,2,28,Four Alternative Ways to Approach Life's Challenges,What does it take to move from talking about a problem to actually solving it?,2790
005-029,005,2,29,End of Section Two Summary and Check-In,What is this second check-in inviting you to reflect on?,1054
005-030,005,3,30,Virginia Satir's Core Beliefs and Critical Ideologies,What did Virginia Satir believe was essential for personal transformation?,5001
005-031,005,3,31,Introducing the Relevance of Fritz Perls' Gestalt Therapy,"What is Gestalt therapy, and who developed it?",2643
005-032,005,3,32,Conditions that Create Environments Where People Thrive,What three conditions did Carl Rogers say create an environment where people can thrive?,3711
005-033,005,3,33,Social Effectiveness: The Four Stages of Communication,Why does what you mean to say not always match what the other person hears?,3051
005-034,005,3,34,Mental Discipline: The NLP Dissociation Technique,How do you use the Neuro-Linguistic Programming (NLP) dissociation technique to process a distressing memory?,3184
005-035,005,3,35,Perceptual Positions: Dissociating for Positive Change,"How does ""going meta"" change the way you see a difficult situation?",2436
005-036,005,3,36,"Pacing, Leading, and Sensory Acuity in Communication","What are pacing, leading and sensory acuity, and how do they build rapport?",2447
005-037,005,3,37,NLP for Proactive Learning: Strategy Vs. Tactics,"What is the difference between a skill and a strategy, and why does it matter for learning?",3616
005-038,005,3,38,Modelling Excellence: An End-of-Course Exercise,How do you model someone else's strategy for achieving success?,2663
005-039,005,3,39,Attitude is Everything: Breakdown Vs. Breakthrough,What determines whether a breakdown becomes a breakthrough?,3709
005-040,005,3,40,End of Section Three Summary and Check-In,What does the check-in at the end of this section cover?,767
005-041,005,3,41,Recommended Reads to Support Your Further Study,What further reading does this course recommend?,2909
006-001,006,1,1,Core CBT Principles and Real-World Applications,What will this course actually teach you about the connection between how you think and how you act?,3049
006-002,006,1,2,"What, Exactly, is Cognitive Behavioural Therapy?","What is Cognitive Behavioural Therapy, and how does it actually work?",3509
006-003,006,1,3,The Three Spheres of Human Cognition,"What is the Wise Mind model, and how does it help you make clearer decisions?",3569
006-004,006,1,4,Neisser's Levels of Self-Knowledge and Awareness (Part 1),"Who was Ulric Neisser, and what did he say the five levels of self-knowledge are?",3389
006-005,006,1,5,Neisser's Levels of Self-Knowledge and Awareness (Part 2),How do Ulric Neisser's five levels of self-knowledge fit together as a picture of who you are?,4222
006-006,006,1,6,Evaluating Your Cognitive Capacity (and Flexibility),"How flexible is your thinking, and how do you actually put that to the test?",3780
006-007,006,1,7,Contrastive Analysis: Fixed and Growth Mindsets (Part 1),What actually separates a fixed mindset from a growth mindset?,2905
006-008,006,1,8,Contrastive Analysis: Fixed and Growth Mindsets (Part 2),"What does adopting a growth mindset actually cost you, compared with staying fixed?",3046
006-009,006,1,9,Further Unpacking the Fixed (Unflexible) Mindset,"What actually keeps a fixed mindset in place, and how do you move out of it?",4146
006-010,006,1,10,Further Unpacking the Growth (Flexible) Mindset,What actually changes when you approach life with a growth mindset?,4252
006-011,006,1,11,The CBT Communication Framework (for Self-Knowledge),"What is the CBT communication framework, and how does it link outside events to inner experience?",3564
006-012,006,1,12,A Cognitive Dissection of the Human Experience,How much of your experience of the world actually happens on the inside?,3977
006-013,006,1,13,Self-Reflection Questions to 'Warm-Up' Your Mind,How do you loosen up your thinking before you try to solve a problem?,4859
006-014,006,1,14,The Progress Principle: Moving from Current to Your Ideal,How do you actually close the gap between where you are now and where you want to be?,2258
006-015,006,1,15,Your Locus: Circle of Concern Vs. Circle of Control,How much of your stress actually comes from things you cannot control?,2887
006-016,006,1,16,11 Alternative Approaches to Handling Life's Problems,"Is what you are facing actually a problem to solve, or a tension to manage?",3708
006-017,006,1,17,End of Section One Summary and Check-In,What have the lessons in this first section actually asked you to think about?,794
006-018,006,2,18,Principles: The Foundational Assumptions of CBT,What basic assumptions does Cognitive Behavioural Therapy actually rest on?,3236
006-019,006,2,19,Labels: A Basis for Accurate Self-Definition,How do the labels you give yourself end up shaping your behaviour?,3115
006-020,006,2,20,The 3 Levels of Awareness in Human Consciousness,"What did Sigmund Freud mean by the conscious, preconscious and unconscious mind?",2708
006-021,006,2,21,Exploring the Unconscious Mind: A Practical Exercise,How do you actually begin exploring what lies in your unconscious mind?,1886
006-022,006,2,22,The Foundations of Cognition (where ideas come from),"According to John Locke, where do our ideas actually come from?",2574
006-023,006,2,23,The Five Categories of Belief (and Abstraction),What are the different types of belief that shape how you see the world?,3982
006-024,006,2,24,The Pygmalion Effect (and Self-Fulfilling Prophecy),Can simply expecting more from yourself or someone else actually change what happens?,2153
006-025,006,2,25,Mind Maps: Differentiating Between Perception and Reality,What did Alfred Korzybski mean when he said the map is not the territory?,3737
006-026,006,2,26,Battlefield of the Mind (The Mind Vs. The Brain),Why is the human mind sometimes described as a battlefield?,2944
006-027,006,2,27,Cognitive and Behavioural ‘Emotional’ Time-Travel,How does mentally revisiting the past or rehearsing the future affect how you feel right now?,3891
006-028,006,2,28,Patterns of Unhelpful Cognition: Thinking Patterns (Part 1),What automatic thinking habits quietly work against you without you noticing?,3198
006-029,006,2,29,Patterns of Unhelpful Cognition: Thinking Patterns (Part 2),Which further unhelpful thinking patterns are worth learning to spot in yourself?,3286
006-030,006,2,30,The Socratic Way: Evaluating the Accuracy of Thinking,How do you tell the difference between what you perceive and what is actually real?,2849
006-031,006,2,31,A Basis for Emotional Stability (and Character),What actually gives a person emotional stability when life gets difficult?,1781
006-032,006,2,32,How Strong is Your Relationship with Honesty?,How honestly are you actually willing to look at your own life?,2349
006-033,006,2,33,An Exploration of Albert Ellis's Ideology on Diagnosis,What was Albert Ellis's objection to the standard diagnostic approach in psychotherapy?,2566
006-034,006,2,34,End of Section Two Summary and Check-In,"Looking back at this section, which ideas actually landed for you?",727
006-035,006,3,35,The 7 Distinct Levels of Personal Awareness (Part 1),"What is a victim mindset, and how does it get in the way of personal growth?",4168
006-036,006,3,36,The 7 Distinct Levels of Personal Awareness (Part 2),How do the different levels of personal awareness build toward real change?,3701
006-037,006,3,37,The Seven Choices of Maturation and Character Growth,"What choices actually separate a mature, well-lived life from a reactive one?",5063
006-038,006,3,38,Choices of Maturity and Character: Honest Self-Evaluation,What happens when you actually live out your own standards of maturity and character?,4501
006-039,006,3,39,An Understanding of Cognitive Bias (Part 1),"Where does the idea of cognitive bias actually come from, and what does it mean?",3032
006-040,006,3,40,An Understanding of Cognitive Bias (Part 2),How do cognitive biases actually show up in your everyday decisions?,2376
006-041,006,3,41,The Main Categories of Goals (For Goal Setting),"What are the different categories of goals, and how do they actually fit together?",3988
006-042,006,3,42,A Guide to Framing Your Goals in the 'Positive',Why does how you word a goal actually change whether you achieve it?,3578
006-043,006,3,43,The Discipline of Solution Focussed Questioning,How can asking better questions help you solve a problem instead of dwelling on it?,2591
006-044,006,3,44,Anything Can Be Learned (With the Right Strategy),What does it actually take to learn a skill you currently believe is beyond you?,3344
006-045,006,3,45,End of Section Three Summary and Check-In,What is this point in the course actually asking you to check in on?,604
006-046,006,3,46,Recommended Reads to Support Your Further Study,Where can you go next to keep building on what this course has covered?,3732
007-001,007,1,1,Cognitive Behavioural Therapy Practitioner: An Introduction,What does a Cognitive Behavioural Therapy practitioner actually do?,1829
007-002,007,1,2,"Introducing the Rational, Emotional and Wise Mind","What is the ""wise mind"" and how does it balance logic and emotion?",2375
007-003,007,1,3,What is Cognitive Behavioural Therapy (CBT)?,What is Cognitive Behavioural Therapy and how does it work?,1770
007-004,007,1,4,Albert Ellis' Barriers to Effective Listening (and Hearing),What stops us from truly listening to other people?,5647
007-005,007,1,5,High-Level Overview of Cognitive Behavioural Therapy,What was Cognitive Behavioural Therapy originally designed to do?,3542
007-006,007,1,6,Core Assumptions in Cognitive Behaviour Therapy (CBT),What core assumption underpins Cognitive Behaviour Therapy?,5366
007-007,007,1,7,The Levels of Human Growth and Development (Part 1),How does human growth and development unfold across a lifetime?,3633
007-008,007,1,8,The Levels of Human Growth and Development (Part 2),Why does understanding the stages of growth and development matter across a lifetime?,2875
007-009,007,1,9,The Principles Guiding Cognitive Behavioural Therapy,What core principles guide Cognitive Behavioural Therapy?,2479
007-010,007,1,10,Commonly Used CBT-Based Terms and Their Meanings,What do the common terms used in Cognitive Behavioural Therapy actually mean?,3157
007-011,007,1,11,"The Relationship Between Thoughts, Emotions and Behaviour","How are thoughts, emotions and behaviour connected?",2524
007-012,007,1,12,The ‘ABCs’ of Cognitive Behavioural Therapy (CBT),What is the ABC model used in Cognitive Behavioural Therapy?,2300
007-013,007,1,13,Exploring Albert Ellis' 14 Self-Sabotaging Beliefs (Part 1),What are the first of Albert Ellis's fourteen self-sabotaging beliefs?,4013
007-014,007,1,14,Exploring Albert Ellis' 14 Self-Sabotaging Beliefs (Part 2),What are the remaining beliefs in Albert Ellis's list of fourteen self-sabotaging beliefs?,3017
007-015,007,1,15,A Guide to Understanding Destructive Behaviours,How can understanding a person's beliefs explain their destructive behaviour?,2351
007-016,007,1,16,Perceptual Dynamics: Unpacking Differences in Perception,Why do two people witnessing the same event come away with different perceptions?,2749
007-017,007,1,17,Perception Vs. Reality: The Map is Not the Territory,"What does it mean to say ""the map is not the territory""?",2220
007-018,007,2,18,Jean Piaget's 4 Stages of Cognitive Development,What are Jean Piaget's four stages of cognitive development?,2526
007-019,007,2,19,Erik Erikson's 8 Stages of Maturation and Development,What are Erik Erikson's eight stages of psychosocial development?,6237
007-020,007,2,20,Noam Chomsky and His Study of Cognitive Tendencies,What did Noam Chomsky argue about how humans acquire language?,4716
007-021,007,2,21,Daniel Kahneman's Key Perspectives on Cognitive Biases,How did Daniel Kahneman explain the cognitive biases that shape our decisions?,5674
007-022,007,2,22,The Superman Complex vs. The Inferiority Effect,What is the difference between the Superman Complex and the Inferiority Effect?,2647
007-023,007,2,23,An Honest Discussion about Extreme Thinking Styles,How can the inferiority complex and the superman complex show up inside a relationship?,2758
007-024,007,2,24,Aaron Beck’s Common Cognitive Distortions (Part 1),"What is a cognitive distortion, and how does it affect the way we see events?",3920
007-025,007,2,25,Aaron Beck’s Common Cognitive Distortions (Part 2),Why does recognising a cognitive distortion matter for mental health?,4388
007-026,007,2,26,The ABCs of CBT: A Self-Reflection Exercise (No. 1),How can the ABC model be used as a self-reflection exercise?,1204
007-027,007,2,27,The ABCs of CBT: A Self-Reflection Exercise (No. 2),How can working through a self-reflection exercise with others deepen understanding of the ABC model?,477
007-028,007,2,28,Identifying Cognitive Distortions (a Demonstration),What does it look like to identify a cognitive distortion during a live coaching session?,5081
007-029,007,2,29,The Four Domains of Emotional Intelligence (EQ),What are the four domains of Emotional Intelligence?,1949
007-030,007,2,30,The 'Drama' Triangle (of Unhelpful Dependencies),What is the Drama Triangle and how do its three roles trap people in unhealthy patterns?,2501
007-031,007,2,31,Taking a Holistic Look at the Human Experience,Why is a person more than a sum of their parts?,3623
007-032,007,2,32,Aligning a Person’s Intentions and Goals (Demonstration),How can a personal goal be tested against every dimension of a person's experience?,2880
007-033,007,2,33,Self-Understanding: The Inside-Out Revolution,What does it mean to say life is created from the inside out?,3834
007-034,007,2,34,Adaptive Thinking: The Cognitive Flexibility Concept,What is cognitive flexibility and why does it matter through life's transitions?,1484
007-035,007,2,35,Demonstration: Developing Cognitive Flexibility,How can a person actively build their cognitive flexibility?,2673
007-036,007,2,36,A Guide for Positively Influencing People's Perspective,How can understanding someone's learning style help shift their perspective?,1336
007-037,007,2,37,Understanding People Types: The 'Chris' Principle,What should be understood about people before beginning the work of helping them?,2040
007-038,007,2,38,Setting a (High) Standard for Investing in People,Why is it important to set a personal standard before investing in helping someone else?,2888
007-039,007,2,39,4 Types of Learning Styles and End-of-Section Summary,What are the four types of learning styles a practitioner should recognise?,2832
007-040,007,3,40,The Johari Window Model for Self-Awareness and Insight,What is the Johari Window and what do its four quadrants reveal about self-awareness?,2026
007-041,007,3,41,The 'Current' State Vs. 'Ideal' State Model (for Goal Setting),How can the gap between where you are now and where you want to be become an actionable plan?,2427
007-042,007,3,42,"Facts, Feelings + Faith as Foundations for Your Life","How do facts, feelings and faith work together as a foundation for life?",2154
007-043,007,3,43,Locus of Control: Circle of Concern Vs. Circle of Control,What is the difference between the Circle of Concern and the Circle of Control?,2605
007-044,007,3,44,The Achology CBT Thought Management Workbook,What does the Cognitive Behavioural Therapy (CBT) Thought Management Workbook provide for this section of the course?,884
007-045,007,3,45,An Introduction to the 'Father' of Cognitive Psychology,How did Ulric Neisser map the stages of self-awareness?,2655
007-046,007,3,46,A Six-Step Process for Facilitating Cognitive Change,What are the six steps involved in facilitating cognitive change?,1963
007-047,007,3,47,"The A, B, C, D and E’s of CBT and REBT (A Framework)",What is the ABCDE framework used in CBT and REBT?,973
007-048,007,3,48,Challenging Emotionally Fuelled Thoughts (A Demonstration),How can a structured questioning framework challenge an anxious thought in real time?,3938
007-049,007,3,49,"Working through the A, B, C, D, and E's (A Demonstration)",What does working through a limiting belief with the ABCDE framework look like in practice?,4946
007-050,007,3,50,Exploring the Lost Art of Thoughtful Questioning,What is Socratic Questioning and how does it uncover hidden assumptions?,1041
007-051,007,3,51,The Socratic Questioning Process (A Demonstration),What does the Socratic Questioning process look like when applied to a real recurring thought?,4655
007-052,007,3,52,Cognitive Restructuring: Putting Destructive Thoughts on Trial,"How can ""putting a thought on trial"" help challenge a destructive thinking pattern?",1138
007-053,007,3,53,The STOPP Card (Self-Discipline) Strategy,What is the STOPP Card strategy for emotional self-regulation?,1953
007-054,007,3,54,The 'Arnold Lazarus' Goal Simplifacation Technique,How can a single word help a client move from distress to a clear goal?,1878
007-055,007,3,55,Understanding the Natural Order of Your Emotions,What is the natural progression emotions tend to follow?,2840
007-056,007,3,56,The Essential Attributes of an Effective CBT Practitioner,What attributes make a Cognitive Behavioural Therapy (CBT) practitioner effective?,3368
007-057,007,3,57,The Decisions that Lead to Maturity and Character,What kinds of decisions build maturity and character over time?,4166
007-058,007,3,58,End of Section Three Summary and Wrap Up,Why does living out a principle matter more than simply teaching it?,1593
007-059,007,4,59,The Belief Development (and Modification) Section,What are the three categories that unhelpful beliefs tend to fall into?,2026
007-060,007,4,60,Behaviourism: An Overview of Classical Conditioning,What did Ivan Pavlov's experiments reveal about how associations are learned?,2098
007-061,007,4,61,Behaviourism: An Overview of Operant Conditioning,How does behaviour change through reward and consequence?,1897
007-062,007,4,62,Growth Mindset Vs. Fixed Mindset: An Exploration,What is the difference between a growth mindset and a fixed mindset?,2460
007-063,007,4,63,The Achology Core Beliefs Workbook,What does the Core Beliefs Workbook offer for applying this section's concepts?,850
007-064,007,4,64,The Timeline of Belief (and Worldview) Development,How does a person's worldview change and develop across a lifetime?,3344
007-065,007,4,65,Understanding the Origins of Self-Limiting Beliefs,Where do self-limiting beliefs actually come from?,3774
007-066,007,4,66,The Kuhn Cycle (and Belief Modification Process),How does the way scientific paradigms shift explain how personal beliefs change?,2666
007-067,007,4,67,The Pygmalion Effect (Self-Fulfilling Prophecy),How do other people's expectations shape our own performance?,1846
007-068,007,4,68,How Self-Defeating Ideologies Are First Formed,Where do self-defeating ideologies come from and how do they take hold?,1662
007-069,007,4,69,Limiting Beliefs: A Series of Demonstrations,What can be expected across this series of demonstrations on limiting beliefs?,803
007-070,007,4,70,Questioning Limiting Beliefs (Demonstration #01),What does a live Cognitive Behavioural Therapy (CBT) session look like when questioning a limiting belief?,4922
007-071,007,4,71,Questioning Limiting Beliefs: Demonstration Deconstruction,What can be learned by breaking down a limiting-belief demonstration after the fact?,2090
007-072,007,4,72,Parental Timeline Reimprinting (Demonstration #02),How does a live session address a limiting belief rooted in a parental message?,3921
007-073,007,4,73,Parental Timeline Reimprinting: Demo #2 Deconstruction,Why does the brain react to a memory as though it is happening right now?,1307
007-074,007,4,74,An Introduction to Timeline Interventions (the Process),How can mapping key life events out on a timeline build self-awareness?,743
007-075,007,4,75,The Timeline Interventions Process (Demonstration #03),What does the Timeline Interventions process look like when applied in a live session?,5689
007-076,007,4,76,Limiting Beliefs: A Self-Reflection Exercise (No. 3),"How can reflecting on the past help dismantle the belief of ""not being good enough""?",1829
007-077,007,4,77,Who Vs. How Vs. What: The Core Identity Model,How does the way you define yourself limit or open up your potential?,4996
007-078,007,4,78,Personality Psychology: Hans J. Eysenck's Model,What are the three dimensions in Hans J. Eysenck's model of personality?,2987
007-079,007,4,79,Have You Ever Wondered If You Are 'Good Enough'?,"What does success actually mean, beyond wealth and achievement?",2282
007-080,007,4,80,End of Section Four Summary and Wrap Up,What does the end-of-section reflection offer before moving on?,2188
007-081,007,5,81,Motivation: Introducing the Personal Values Section,Why do our deepest values shape our decisions more than we realise?,2086
007-082,007,5,82,FEAR: The Sabotager of Our Best Intentions,How can fear be reframed from a threat into a motivator?,3052
007-083,007,5,83,Shalom H. Schwartz's Theory of Basic Human Values,What are the ten basic human values identified by Shalom H. Schwartz?,5677
007-084,007,5,84,Abraham Maslow's Hierarchy of Needs (Basic Model),What are the five levels of Abraham Maslow's Hierarchy of Needs?,3325
007-085,007,5,85,Abraham Maslow's Hierarchy of Needs (Adapted Model),What does self-transcendence add to Abraham Maslow's original hierarchy?,2302
007-086,007,5,86,The Achology Personal Values Workbook,What does the Personal Values Workbook help you work out about your own priorities?,581
007-087,007,5,87,The Interconnectedness of Core Human Values (Part 1),How do shared values shape who we choose to build relationships with?,5519
007-088,007,5,88,The Interconnectedness of Core Human Values (Part 2),What happens when our core values come into conflict with another person's priorities?,3912
007-089,007,5,89,End of Section Five Summary and Wrap Up,"What does the story of ""Margaret's Bird"" illustrate about freedom and security?",702
007-090,007,6,90,An Introduction to the Communication Skills Section,What does it take to build real trust with someone before they will open up?,1553
007-091,007,6,91,"The Differences Between Advice, Guidance and Counselling","What is the difference between giving advice, offering guidance and providing counselling?",2281
007-092,007,6,92,The Stages of Relationships and How They Play Out,What stages does a relationship typically move through as it deepens?,4207
007-093,007,6,93,The Blocks to Healthy (and Connected) Communication,What is the difference between hearing someone and truly listening to them?,4748
007-094,007,6,94,Essential People Skills for Effective CBT Practitioners,"What does it mean to truly ""attend"" to another person?",2401
007-095,007,6,95,Proactive Listening Skills (A Demonstration),What does active listening look like when applied to uncover someone's values?,3988
007-096,007,6,96,Top Tips for Highly Effective Communication,What habits make communication genuinely effective?,1824
007-097,007,6,97,People Skills: Essential Insights for Developing Trust,Why does communication sometimes go wrong even when the intention is good?,1479
007-098,007,6,98,Social Effectiveness: The Three Levels of Listening,"What is the difference between internal, focused and global listening?",1331
007-099,007,6,99,Social Influence: The Perceptual Repositioning Process,How can shifting between three perspectives change how you see a situation?,1749
007-100,007,6,100,Perceptual Re-Positioning (A Demonstration),What does a perceptual repositioning exercise look like when applied to a real area of life?,2533
007-101,007,6,101,People Skills: Seven Different Types of Questions,What framework of questions helps a new practitioner structure a session?,3738
007-102,007,6,102,Solution Focused Questions (that Work in Any Conversation),What is solution-focused questioning and why does it work in almost any conversation?,2168
007-103,007,6,103,Chunking Up + Down: The Hierarchy of Big + Small Ideas,"What is the difference between ""chunking up"" and ""chunking down"" an idea?",1816
007-104,007,6,104,Conversational Chunking (A Demonstration),What does chunking up and chunking down sound like in an everyday conversation?,1805
007-105,007,7,105,Introducing the CBT Course Goal Setting Section,What does this section on goal setting cover?,1476
007-106,007,7,106,The Four Different Types (and Categories) of Goal,How do the seasons of life shape the kind of goal that fits each stage?,4188
007-107,007,7,107,The Seven Deadly Sins of Goal Setting,What are the seven most common mistakes people make when setting a goal?,2741
007-108,007,7,108,A Meaningful Vision for Who You Want to Become,What does it take to articulate a genuine vision for who you want to become?,2076
007-109,007,7,109,Download: The Achology CBT Goal Setting Workbook,What does the Cognitive Behavioural Therapy (CBT) Goal Setting Workbook add beyond simply picking a goal?,1652
007-110,007,7,110,Goal Setting: The S.M.A.R.T Goal Setting Process,What does it mean to set a S.M.A.R.T. goal?,2340
007-111,007,7,111,Download: The Achology Life Purpose Workbook,What is a life purpose and how does the Life Purpose Workbook help clarify it?,940
007-112,007,7,112,The Eisenhower Matrix: A Practical Guide to Prioritisation,How does the Eisenhower Matrix help decide what actually deserves your attention?,1801
007-113,007,7,113,The CBT Framework for Achieving Goal Congruence,What does it mean for a goal to be truly congruent with the rest of your life?,1480
007-114,007,7,114,Evaluating the Congruence of a Goal (A Demonstration),What does it look like to test a real goal against the goal congruence framework?,2091
007-115,007,7,115,Evaluating Goal Congruence (Demonstration Deconstruction),What made the previous goal congruence demonstration actually work?,1740
007-116,007,7,116,Download: The Achology Action Planning Template,What is an action plan and how is it different from a to-do list?,1150
007-117,007,7,117,Gerard Egan's 3-Stage 'Skilled Helper' Framework,What are the three stages of Gerard Egan's Skilled Helper Model?,1875
007-118,007,7,118,Recommended Reads to Support Your Further Study,What resources are recommended to continue learning after this course?,2533
007-119,007,7,119,End of Course Summary and Closing Thoughts,What does this final lesson leave you equipped to do?,2250
008-001,008,1,1,Cognitive Behavioural Therapy Introduction Video,What can you expect from this Cognitive Behavioural Therapy course?,3524
008-002,008,1,2,Building Your Life Upon a Strong Cognitive Foundation,How does a single shift in perspective change the way your brain works?,4618
008-003,008,1,3,A Guided Journey Into the Depth of Self-Awareness,Why doesn't simply looking inward make you more self-aware?,4727
008-004,008,1,4,What is Cognitive Behavioural Therapy Exactly?,What actually happens in Cognitive Behavioural Therapy?,2620
008-005,008,1,5,"The Wise Mind, Reasonable Mind and Emotional Mind",How can you balance logic and emotion in the choices you make?,3952
008-006,008,1,6,The Cognitive and Communications Framework,"How does an everyday event turn into a thought, a feeling and a reaction?",2743
008-007,008,1,7,Eight Questions for Increasing Your Cognitive Capacity,How can adults keep expanding their cognitive capacity?,3691
008-008,008,1,8,A Guide to Understanding the Human Mindset (Part 1),What does the Johari Window reveal about how you see yourself?,3066
008-009,008,1,9,A Guide to Understanding the Human Mindset (Part 2),How can a Beginner's Mind change the way you approach your own thinking?,1924
008-010,008,1,10,The Unconscious: What Lies Beneath Your Surface,How much of what shapes your thinking happens outside your awareness?,2132
008-011,008,1,11,The Distinction Between Fixed & Growth Mindsets (Part 1),Why do some people avoid challenges while others embrace them?,3943
008-012,008,1,12,The Distinction Between Fixed & Growth Mindsets (Part 2),What does it take to build a growth mindset?,3494
008-013,008,1,13,A Closer Exploration of the FIXED Mindset,Why does a fixed mindset make challenges feel threatening?,4118
008-014,008,1,14,A Closer Exploration of the GROWTH Mindset,What belief underpins a growth mindset?,4385
008-015,008,1,15,Truth Statements: Assessing Your Relationship with Truth,Why do so many people resist facing the truth about themselves?,2896
008-016,008,1,16,Inside-Out: A Dissection of the Cognitive Experience,What actually happens inside your mind between noticing something and acting on it?,3006
008-017,008,1,17,Current Life Conditions Vs. Ideal Life Conditions,What closes the gap between your present situation and the future you want?,3852
008-018,008,1,18,Locus: The Circle of Concern Vs. Circle of Control,How do you decide where to focus your energy when everything feels overwhelming?,2437
008-019,008,1,19,End of Section One Summary and Check-In,Why pause for self-reflection at the end of a section?,766
008-020,008,2,20,CBT's Positive Assumptions About People (Part 1),Why do so many people resist the idea of change?,4327
008-021,008,2,21,CBT's Positive Assumptions About People (Part 2),How does staying open to new ideas change what becomes possible?,2224
008-022,008,2,22,Self-Definition: A Helpful Guide to Quantifying the Self,What happens when you define yourself by your past experiences or the labels others give you?,5344
008-023,008,2,23,How Experiences Become Ideas (Then Become Beliefs),How does a single experience eventually turn into a firm belief?,3773
008-024,008,2,24,The Four Categories of Truth (for Critical Thinking),What different kinds of truth shape how we understand ourselves and each other?,4468
008-025,008,2,25,Introducing and Exploring Cognitive Biases (Part 1),Why do we tend to notice evidence that confirms what we already believe?,3688
008-026,008,2,26,Introducing and Exploring Cognitive Biases (Part 2),Why do dramatic or memorable events feel more likely to happen again?,2464
008-027,008,2,27,Thinking About Thinking: Inductive Vs. Deductive Patterns,What's the difference between reasoning from specific details and reasoning from general principles?,1818
008-028,008,2,28,The Relationship Between Beliefs and Results (A Cycle),How do the beliefs you hold shape the results you get?,2979
008-029,008,2,29,"Perception: Accuracy in Judgement, Maps and Territories",Why is your mental map of the world never quite the same as the world itself?,2293
008-030,008,2,30,How Mental Maturity Impacts Judgement Soundness,What role does mental maturity play in making sound judgements?,2363
008-031,008,2,31,The War Within: Battlefield of the Human Mind,Why does it sometimes feel like there's a battle going on inside your own head?,3241
008-032,008,2,32,"Cognitive, Behavioural and Emotional 'Time Travel'",How does the way you revisit the past shape how you feel today?,3195
008-033,008,2,33,Head Habits: Patterns of Unhelpful Cognition (Part 1),What happens in your mind when you assume the worst is about to happen?,3564
008-034,008,2,34,Head Habits: Patterns of Unhelpful Cognition (Part 2),Why does one bad experience sometimes feel like proof that it will happen again?,2343
008-035,008,2,35,Thinking About Thinking: Socratic Questioning Method,How can asking the right questions uncover the beliefs behind what you think?,2400
008-036,008,2,36,Self-Knowledge: Facts Vs. Feelings Vs. Faith,"What's the difference between something you know, something you feel, and something you believe?",2006
008-037,008,2,37,End of Section Two Summary and Check-In,How does reviewing two sections together deepen what you've learned?,555
008-038,008,3,38,The 4 Domains of Social and Cognitive Awareness,What builds a person's capacity to influence others positively?,5338
008-039,008,3,39,Some People WILL Oppose Your Personal Growth,Why might people close to you resist your personal growth?,4372
008-040,008,3,40,The 7 Levels of Cognitive Growth and Development,What does it take to move from unconscious drift to deliberate personal growth?,5777
008-041,008,3,41,11 Approaches to Handling Everyday Problems,Why does your attitude toward a problem matter more than the problem itself?,2520
008-042,008,3,42,Volition: The Choices of Maturity and Character,How do the small decisions you make today shape who you become?,3562
008-043,008,3,43,Choices of Maturity and Character: Honest Self-Evaluation,How does living by your own standards of maturity influence the people around you?,2150
008-044,008,3,44,Albert Ellis' Views on the Mental Diagnostic Model,Why was Albert Ellis sceptical of diagnostic labels in mental health?,2839
008-045,008,3,45,The Head-Heart-Gut Decision-Making Model,How can you make a decision that satisfies both your logic and your instincts?,3539
008-046,008,3,46,A Simple Model for Highly Effective Goal Setting,How do you organise goals that range from this week to your whole life?,3997
008-047,008,3,47,A Guide to Establishing Positively Framed Goals,Does the way you phrase a goal actually change whether you achieve it?,3158
008-048,008,3,48,A Strategy for Achieving (Just About) Anything,What actually turns a goal into a reality?,2507
008-049,008,3,49,Thoughtful Reflections Based on Albert Ellis’ Teachings,What did Albert Ellis mean by taking control of your own destiny?,2881
008-050,008,3,50,End of Section Three Summary and Check-In,How does connecting three sections of learning deepen what you take away?,801
008-051,008,3,51,Recommended Reads to Support Your Further Study,What can you read next to keep building on this course?,1205
008-052,008,3,52,Closing Thoughts and End-of-Course Summary,What happens after you finish this course?,2880
009-001,009,1,1,Life Coaching Certificate Course (Introductions),What does this Life Coaching Certification course actually cover?,1709
009-002,009,1,2,The State of Transition from 'Actual' to 'Ideal' Self,What is the difference between your 'actual' self and your 'ideal' self?,1959
009-003,009,1,3,Introducing a Simple Six-Stage Life Coaching Process,What is life coaching actually a process of?,3166
009-004,009,1,4,The Ideal Outcomes of Effective Life Coaching,What should the outcome of a good coaching relationship actually look like?,2598
009-005,009,1,5,A Process for Nurturing Fully Functioning People,What is the real work of a competent life coach?,3421
009-006,009,1,6,The Purpose of Life Coaching (and What It Isn't),"What is life coaching, and what is it not?",3738
009-007,009,1,7,Course Resource: The Goal Setting Workbook,What is the Goal Setting Workbook used for in this course?,593
009-008,009,1,8,The Difference Between Directive Vs. Non-Directive Coaching,What is the difference between directive and non-directive coaching?,2111
009-009,009,1,9,An Introduction to Gerard Egan's Skilled Helper Model,What framework did Gerard Egan build for the helping professions?,3143
009-010,009,1,10,Karen's Initial Coaching Consultation (Demonstration #01),How does Gerard Egan's Skilled Helper Model work in a real coaching session?,2674
009-011,009,1,11,Essential Attitudes for Highly Effective Coaching (Part 1),What attitudes make a coach worth trusting?,3677
009-012,009,1,12,Essential Attitudes for Highly Effective Coaching (Part 2),Why do these coaching attitudes matter enough to warrant a second look?,3015
009-013,009,1,13,How to Have a Coaching Conversation,What mindset does a genuine coaching conversation actually require?,1816
009-014,009,1,14,The 'Hot-O-Meter' of Listening (and Hearing),"What are the different levels of listening, from worst to best?",2851
009-015,009,1,15,Critical Precursors for Fruitful and Effective Coaching,What has to be in place before coaching can actually be effective?,2452
009-016,009,1,16,Worldviews: The Mindsets That Get Brought Into Coaching,"What mindsets do people bring into coaching, and how do they shift?",2695
009-017,009,1,17,A Conversation About Coaching (Open Discussion #1),What actually makes a coaching relationship effective?,2362
009-018,009,1,18,The Starting Point for All Life Coaching (A Framework),How do you establish the starting point for a new coaching relationship?,2365
009-019,009,1,19,Practical Questions to Ask During a Life Transition,What questions actually help someone move through a life transition?,1364
009-020,009,1,20,The Common 'Mindset' Roadblocks to Personal Growth,What mindsets quietly block personal growth if left unchecked?,4851
009-021,009,1,21,Triangulation: The Contrasting Dynamics of Life Coaching,How can the drama triangle disrupt a coaching relationship?,3068
009-022,009,1,22,Deciding on Your Life Coaching Vision (for Impact),Why can't a coach guide someone beyond their own level of maturity?,3237
009-023,009,1,23,The End of Section One Summary (and Check In),What should you take from section one before moving on?,1336
009-024,009,2,24,Thinking About Change: Two Contrasting Mindsets (Part 1),What is the difference between a fixed mindset and a growth mindset?,3301
009-025,009,2,25,Thinking About Change: Two Contrasting Mindsets (Part 2),How do a fixed mindset and a growth mindset continue to shape behaviour?,2372
009-026,009,2,26,The Common Attributes of a FIXED Mindset,What does a fixed mindset actually look like inside a coaching session?,2989
009-027,009,2,27,The Common Attributes of a GROWTH Mindset,What does a growth mindset actually look like inside a coaching relationship?,2727
009-028,009,2,28,Self-Assessment: Evaluate the Strength of Your Mindset,How flexible is your current mindset?,1660
009-029,009,2,29,The Johari Window for Nurturing Awareness in Coaching,"What is the Johari Window, and how does it build self-awareness in coaching?",4368
009-030,009,2,30,Self-Knowledge: Understanding the Transitional Experience,How does mental time travel shape a coachee's confidence?,3521
009-031,009,2,31,A Conversation About Coaching (Open Discussion #2),What does a second open conversation reveal about coaching well?,2651
009-032,009,2,32,Humanness: The 2 Capacities for Growth and Development,What are the two capacities that drive human growth?,3021
009-033,009,2,33,Mental Maps: Understanding the Gaps in Human Perception,What did Alfred Korzybski mean by 'the map is not the territory'?,4231
009-034,009,2,34,Perception: A Deep Exploration of Human Cognition,Why do our perceptions cause more distress than the events themselves?,4281
009-035,009,2,35,Valuable Lessons to be Learned From Viktor Frankl,What can Viktor Frankl's life teach us about finding meaning?,2382
009-036,009,2,36,Locus: Where All Coaching Authority Comes From,How does your locus of control shape your sense of authority over your own life?,3251
009-037,009,2,37,The Primary Factors That Influence Decision Making,What decision-making factors actually determine whether coaching makes a difference?,5176
009-038,009,2,38,The Six Keys to Unlocking a Life of Purpose (Part 1),What are Viktor Frankl's keys to a life of purpose?,3577
009-039,009,2,39,The Six Keys to Unlocking a Life of Purpose (Part 2),How do Viktor Frankl's keys to purpose continue to build on one another?,2825
009-040,009,2,40,The End of Section Two Summary (and Check In),What should you take from section two before moving on?,1664
009-041,009,3,41,The Process of Learning to Look (Deeper) Within,What does the story of the Littlest god teach about self-reflection?,1235
009-042,009,3,42,John Locke: Theory on the Origin of Ideas (Tabula Rasa),What did John Locke believe about where ideas come from?,4246
009-043,009,3,43,Belief Possibility Spaces (Separating Facts from Guesswork),"What are Belief Possibility Spaces, and why do they matter for coaching?",3352
009-044,009,3,44,Unpacking Words to Discern (or Dissect) What's True,Why do the same words mean different things to different people?,2804
009-045,009,3,45,Karen's First Coaching Session (Demonstration #02),What does an early coaching session actually look like in practice?,5204
009-046,009,3,46,Five Categories of Belief (and How Beliefs are Formed),"What are the five categories of belief, and how does each one form?",5027
009-047,009,3,47,Disempowering Meta Beliefs + Unhelpful Worldviews (Part 1),"What are meta-beliefs, and how do they shape our worldview?",3955
009-048,009,3,48,Disempowering Meta Beliefs + Unhelpful Worldviews (Part 2),How do disempowering meta-beliefs continue to shape unhelpful worldviews?,2197
009-049,009,3,49,A Conversation About Coaching (Open Discussion #3),What does the third open conversation add to the picture of effective coaching?,1951
009-050,009,3,50,The Belief Lifecycle (and How Beliefs Evolve),"How do beliefs form, take hold, and eventually change?",2261
009-051,009,3,51,The 5 Integrated Levels of Human Experience (Part 1),What are the five integrated levels of human experience?,3195
009-052,009,3,52,The 5 Integrated Levels of Human Experience (Part 2),How do the five levels of human experience continue to interconnect?,3742
009-053,009,3,53,Identity: The Six Different Ways of Self-Identifying,How does over-identifying with a role limit personal growth?,5669
009-054,009,3,54,The Identity Equations that Explain Human Behaviour,What are the Core Identity Equations that explain human behaviour?,4109
009-055,009,3,55,How to Define a Unique Reference Point (for Your Life),Why does knowing your identity give you a stronger foundation for life?,4005
009-056,009,3,56,How You Are You: A Fluid Spectrum of Personality Traits,"Is personality actually fixed, or does it change?",3529
009-057,009,3,57,Contemporary Coaching: Identity Coaching Fluidity Maps,What is identity coaching fluidity mapping?,940
009-058,009,3,58,Karen's Second Coaching Session (Demonstration #03),How does a coaching conversation build on an earlier session?,6120
009-059,009,3,59,The 'Good Enough' Principle for Being an Effective Human,"What does success actually mean, beyond the dictionary definition?",3631
009-060,009,3,60,The End of Section Three Summary (and Check In),What should you take from section three before moving on?,1527
009-061,009,4,61,What is a 'Personal Breakthrough' Coaching Session?,What actually happens in a personal breakthrough coaching session?,5849
009-062,009,4,62,A Guide to Initiating a New Life Coaching Alliance,How do you open a new coaching relationship well?,1900
009-063,009,4,63,Alec's Initial Coaching Conversation (Demonstration #04),How does a coach help a client work through a career transition?,2059
009-064,009,4,64,The Three Distinct Stages of Breakthrough Coaching,What are the three stages of breakthrough coaching?,3760
009-065,009,4,65,Alec's Coaching Breakthrough (Demonstration #05 | Part 1),What happens at the start of a coaching breakthrough session?,6094
009-066,009,4,66,Alec's Coaching Breakthrough (Demonstration #06 | Part 2),How does a coaching breakthrough session develop once it is under way?,5941
009-067,009,4,67,Alec's Coaching Breakthrough (Demonstration #07 | Part 3),How does a coaching breakthrough session reach its conclusion?,6731
009-068,009,4,68,Alec's Coaching Breakthrough Session (A Deconstruction),What can be learned by reviewing a coaching breakthrough session afterwards?,1513
009-069,009,4,69,The Principle (and Process) of Cause and Effect,When is it more useful to set structure aside in a coaching session?,1892
009-070,009,4,70,Truth Statements: How OK is it for you to be Honest?,Why is being honest with yourself so difficult?,1080
009-071,009,4,71,The Seven Projects 'Personal Breakthrough' Project,What do you offer a client who has no clear goals yet?,2042
009-072,009,4,72,The End of Section Four Summary (and Check In),What should you take from section four before moving on?,1063
009-073,009,5,73,Introducing the Core Values and Priorities Section,What actually drives our choices beneath the surface?,1438
009-074,009,5,74,The Difference Between Internal Vs. External Motivations,What is the difference between internal and external motivation?,5004
009-075,009,5,75,Abraham Maslow and a Basis for Setting Standards,How can Abraham Maslow's hierarchy of needs help you set standards for your life?,4430
009-076,009,5,76,Your Potential: Ten Traits of Self-Actualised People,What traits define a self-actualised person?,4905
009-077,009,5,77,Self-Reflection Questions Based on Maslow's Hierarchy,What questions help you apply Abraham Maslow's hierarchy of needs to your own life?,1729
009-078,009,5,78,Today's Values (+ Priorities) Determine Tomorrow's Results,How do today's priorities actually shape tomorrow's results?,1936
009-079,009,5,79,The Four Primary Categories of Human Values,What are the four core categories of human values?,3989
009-080,009,5,80,Motivation: The Spiderweb of Human Values (Part 1),How do our values act as a compass when they compete with each other?,4054
009-081,009,5,81,Motivation: The Spiderweb of Human Values (Part 2),How do you apply an understanding of competing values to set real boundaries?,3307
009-082,009,5,82,How Your Core Values are Interconnected as a System,How do your core values work together as a system?,2432
009-083,009,5,83,A (Conversational) Framework for Clarifying Values,Why does understanding your core values actually matter for coaching?,2541
009-084,009,5,84,Conversational Chunking Up + Down (Demonstration #08),How does chunking up and down help a client explore their values?,3380
009-085,009,5,85,The Seven Levels and Stages of Progression in Life,What are the seven stages of personal progression?,4320
009-086,009,5,86,The End of Section Five Summary (and Check In),What should you take from section five before moving on?,2062
009-087,009,6,87,"Communication Skills: So, What is Communicating?",What determines whether communication has actually succeeded?,2823
009-088,009,6,88,What They Say... - Vs - What We Hear...,Why does what someone says often not match what we hear?,3420
009-089,009,6,89,Communication Skills: Four Self-Reflection Questions,What questions reveal how effective your communication style really is?,697
009-090,009,6,90,Conversational Coaching Breakthroughs (Questioning),How can asking for clarification make you more influential?,1130
009-091,009,6,91,Karen's Conversational Breakthrough (Demonstration #09),What does a conversational breakthrough actually look like between coach and client?,2965
009-092,009,6,92,The Eight Levels of Relationship Intimacy and Depth,What builds trust in a relationship beyond initial attraction?,4890
009-093,009,6,93,The Elements that Account for How We Perceive People,How much of communication is actually carried by the words themselves?,4468
009-094,009,6,94,The Core Conditions for Influential Communication,What builds the trust needed to influence someone positively?,3890
009-095,009,6,95,The Key to Coaching Influence: Communication Style,"What is the difference between discourse, dialogue, diatribe and debate?",3231
009-096,009,6,96,A Guide to Understanding the Three Types of Empathy,What are the three types of empathy?,3091
009-097,009,6,97,A Conversation About Coaching (Open Discussion #4),What does the fourth open conversation add to the picture of effective coaching?,3712
009-098,009,6,98,Radical Candor as a Discipline for High-Impact Coaching,"What is Radical Candor, and how does it apply to coaching?",4660
009-099,009,6,99,Representational Systems for Influential Communications,How do people's senses shape how they process information in coaching conversations?,2468
009-100,009,6,100,Essential Communication Skills for Building Rapport,What communication skills actually build rapport?,1857
009-101,009,6,101,The Lost Art of Silence (How Well can You Do It?),How does silence actually support a coaching conversation?,no speech
009-102,009,6,102,Download Kain's 'Communication Hacking' Workbook,What does the Communication Hacking Workbook help you practise?,139
009-103,009,6,103,The Characteristics of 'Useful' Coaching Questions,Why is a rigid script the wrong way to prepare for a coaching session?,2823
009-104,009,6,104,The Types of Open Questions (that Evoke Dialogue),What types of open questions actually evoke real dialogue?,2699
009-105,009,6,105,"Conversational Metaphors, Ambiguity + Stories for Influence",Why do stories and metaphors work so well in coaching?,4090
009-106,009,6,106,A Conversation About Coaching (Open Discussion #5),What did the final open conversation on coaching bring together?,1554
009-107,009,6,107,The End of Section Six Summary (and Check In),What should you take from section six before moving on?,1208
009-108,009,7,108,The Four Distinct Phases of a Coaching Relationship,What are the four phases a coaching relationship moves through?,2234
009-109,009,7,109,Setting a Healthy Context for Goal Setting,What makes goal setting genuinely healthy rather than just ambitious?,3406
009-110,009,7,110,Ikigai: A Reason for Being (+ Direction in Life),"What is ikigai, and how does it give life direction?",2578
009-111,009,7,111,"Uncovering Your Deficits, Passions and Life Purpose",What resource helps you uncover your own ikigai?,453
009-112,009,7,112,How to Set Goals and Create a Vision for Your Future,"What is the difference between a vision, long-term, medium-term and short-term goals?",2622
009-113,009,7,113,How Ideas Form the Basis for Your Future Vision,How do ideas eventually become a future vision?,3156
009-114,009,7,114,"Idea Come First, Vision Second, Goals Come Last","What order should ideas, vision and goals actually come in?",2523
009-115,009,7,115,Trade-Offs and Balancing Between 'Good' and 'Great',Why is choosing 'great' over 'good' psychologically so difficult?,1777
009-116,009,7,116,Setting Wise Goals Based on Intuition (Head-Heart-Gut),"How do you use the head, heart and gut to set a wise goal?",2532
009-117,009,7,117,"The Head, Heart and Gut Model (Demonstration #10)","How does the head, heart and gut model work in a live coaching demonstration?",2960
009-118,009,7,118,Moving Into the Action Planning Stage of Coaching,How can the Eisenhower Matrix help a coachee make a difficult decision?,3506
009-119,009,7,119,Stress + Time + Limited Space (The Stress Principle),"What is the 'stress principle', and how does it explain stress?",2128
009-120,009,7,120,Coaching Excellence: A Model for Innovative Thinking,Why does effective coaching require abandoning a one-size-fits-all approach?,2979
009-121,009,7,121,Operation Pete: A Seven Stage Coaching Framework,Why does finding a role model matter after you finish your studies?,5440
009-122,009,7,122,Recommended Reads to Support Your Further Study,What further reading supports continued study after this course?,2689
010-001,010,1,1,"Course Curriculum, Introductions and Managing Expectations",What does a full life coaching course need to give you?,2091
010-002,010,1,2,A Purpose for the Coaching Process (Character Development),What should coaching actually be trying to build in a person?,1956
010-003,010,1,3,The Presuppositions of Effective Life Coaching (Part 1),What beliefs does a life coach work from before a session even starts?,2997
010-004,010,1,4,The Presuppositions of Effective Life Coaching (Part 2),Why would a coach adopt a belief that cannot be proved?,2266
010-005,010,1,5,The Presuppositions of Effective Life Coaching (Part 3),Which assumptions hold a whole coaching practice together?,2114
010-006,010,1,6,Factors that Impede Effective Listening (Part 1),What actually stops you hearing what somebody is telling you?,3113
010-007,010,1,7,Factors that Impede Effective Listening (Part 2),How do you hold your attention on a person when so much is pulling it away?,2506
010-008,010,1,8,Understanding the Term Life Coaching (Part 1),What do people get wrong about what a life coach does?,2560
010-009,010,1,9,Understanding the Term Life Coaching (Part 2),Whose answers should come out of a coaching conversation?,1646
010-010,010,1,10,Learning Styles and Obstacles to Personal Growth,How do two people take in exactly the same information differently?,2634
010-011,010,1,11,How to Choose the 'Right' Coaching Clients (Case Study 1),What does saying yes to the wrong client actually cost you?,3016
010-012,010,1,12,How to Choose the 'Right' Coaching Clients (Case Study 2),Why does coaching fail when only one of the two people is committed?,2759
010-013,010,1,13,An Essential Standard for Highly-Effective Life Coaching,How do you decide whether to take somebody on as a client?,3567
010-014,010,1,14,The Essential (Core) Conditions for Relational Practice,What has to be true of a relationship before coaching can work inside it?,3387
010-015,010,1,15,Introducing 'Perception' + End of Section Wrap-Up,Why do two people take the same remark completely differently?,2489
010-016,010,2,16,Introducing the Idea of Life Balance (and Section Two),"Where did the idea of life balance come from, and does it still hold?",1565
010-017,010,2,17,Initial Consultation Session: Example (A Demonstration),What actually happens in a first consultation with a new client?,3415
010-018,010,2,18,Self-Awareness: The Enabler of Personal Growth (Part 1),"What is the difference between self-worth, self-image and self-esteem?",2774
010-019,010,2,19,Self-Awareness: The Enabler of Personal Growth (Part 2),Why does a coach need to know which part of a person's self-concept is affected?,2013
010-020,010,2,20,A Closer Look at Emotion (The Mother of All Concerns),Are strong emotions a problem to be treated or a normal part of being human?,1387
010-021,010,2,21,Owning Your Assets + Liabilities (An Honesty Exercise),"Which parts of your life add to it, and which quietly take from it?",3521
010-022,010,2,22,A Conversation about Assets Versus Liabilities (Part 1),What does the assets and liabilities exercise sound like in a real conversation?,3113
010-023,010,2,23,A Conversation about Assets Versus Liabilities (Part 2),How does an honest inventory turn into goals worth setting?,2598
010-024,010,2,24,The Identity Crisis: Two Ways of Defining the Identity,Where do most of a person's difficulties actually begin?,3321
010-025,010,2,25,The Timeline of All Human Life: Identity Crisis (Part 1),How do the beliefs a person lives by get built in the first place?,2585
010-026,010,2,26,The Timeline of All Human Life: Identity Crisis (Part 2),What can be changed about a belief once you know where it came from?,2011
010-027,010,2,27,Eleven Common Counterproductive Thinking Styles (Part 1),Which habits of thought quietly make a situation worse than it is?,3794
010-028,010,2,28,Eleven Common Counterproductive Thinking Styles (Part 2),How do you interrupt a thinking pattern you have held for years?,3032
010-029,010,2,29,Head Vs. Heart Exercise: Self-Reflection Question #1,Why do people resist a change they say they want?,722
010-030,010,2,30,How's Your Listening: Self-Reflection Question #2,Is being able to hear the same thing as being able to listen?,830
010-031,010,2,31,To Judge or Not Judge: Self-Reflection Question #3,How often do you make the assumptions about others that you resent when they are made about you?,765
010-032,010,2,32,Solution Focussed Frameworks (Part 1): The P.I.E. Model,How do you take a problem apart so that it can actually be solved?,2483
010-033,010,2,33,Solution Focussed Frameworks (Part 2): The S.T.I.R. Model,How do you give a coaching conversation a structure without making it rigid?,1504
010-034,010,2,34,The Three Life Zones (From Comfort to Safety) Part 1,What happens to a person when they step outside what is familiar?,2545
010-035,010,2,35,The Three Life Zones (From Comfort to Safety) Part 2,How far outside the comfort zone is far enough?,1637
010-036,010,2,36,Why 'Change' Doesn't Always Mean 'Change',Does changing something mean starting again from nothing?,2346
010-037,010,2,37,An Overview of the Life Coaching Journey (Part 1),"Is coaching a technique, or something else entirely?",2076
010-038,010,2,38,An Overview of the Life Coaching Journey (Part 2),Where does a person's self-belief actually come from?,2214
010-039,010,2,39,The Essence and Components of Being Human (Part 1),Is being able to list your flaws the same as knowing yourself?,3709
010-040,010,2,40,The Essence and Components of Being Human (Part 2),What does knowing yourself well actually buy you?,2502
010-041,010,2,41,The Internalisation Process of All Human Beings (Part 1),How does a person actually become more self-aware?,2505
010-042,010,2,42,The Internalisation Process of All Human Beings (Part 2),Why do some people keep making the same mistake?,2016
010-043,010,2,43,"The Four Stages of Maturity, Emotional IQ and Growth","What are the four parts of emotional intelligence, and how do they build on each other?",3626
010-044,010,2,44,Emotional Intelligence: Self-Reflection Question #4,What has changed in the way you handle your own emotions?,821
010-045,010,2,45,Relationship Management: Self-Reflection Question #5,What are your own relationships actually built on?,618
010-046,010,2,46,The Attributes of Mental and Emotional Health (Part 1),What does mental strength actually look like when something goes wrong?,3359
010-047,010,2,47,The Attributes of Mental and Emotional Health (Part 2),"Is resilience something you have, or something you build?",3572
010-048,010,2,48,A Guide to Understanding Emotional Time Travel,Where is your attention when it is not in the present?,3136
010-049,010,2,49,End of Section 2 Wrap-Up (and Envisioning Exercise),How do you get a fresh view of a situation you are standing inside?,2266
010-050,010,3,50,Directive and Less Directive Coaching Styles (Part 1),"Should a coach offer answers, or draw them out?",2341
010-051,010,3,51,Directive and Less Directive Coaching Styles (Part 2),"When does a client need direction, and when do they need to be left to think?",2083
010-052,010,3,52,Operating Principles for Results-Driven Coaching (Part 1),How much of a client's result comes down to what the coach believes?,2468
010-053,010,3,53,Operating Principles for Results-Driven Coaching (Part 2),Can a coach's private assumptions be kept out of the room?,2798
010-054,010,3,54,Rate a Client’s Openness and Honesty (Testing Questions),How open is the person you are about to work with?,1236
010-055,010,3,55,Rate a Client’s Maturity or Victimhood? (Testing Questions),What separates a mature response to trouble from a helpless one?,1292
010-056,010,3,56,A Practical Exercise - Engaging Your Listening Skills,How do you practise listening without making it obvious?,1089
010-057,010,3,57,The Johari Window of Insight (as a Coaching Tool),How much of yourself can other people see that you cannot?,2755
010-058,010,3,58,The Dynamics of Rapport and Relatability (a Scale),What makes a client willing to tell you the truth?,2568
010-059,010,3,59,Rapport Centred Life Coaching (A Demonstration),What does building rapport actually look like in practice?,3195
010-060,010,3,60,Rapport Exercise: A Contrastive Analysis Worksheet,How good are your own relationships when you actually measure them?,744
010-061,010,4,61,An Introduction to Beliefs (and the Table of Truth),Where do the beliefs steering your decisions actually come from?,2723
010-062,010,4,62,The Four Stages of Belief Development (Morris Massey),At what ages are a person's beliefs actually laid down?,3597
010-063,010,4,63,"A Guide to ""Being That Self Which One Is"" (Part 1)",What does it mean to live as the person you actually are?,2208
010-064,010,4,64,"A Guide to ""Being That Self Which One Is"" (Part 2)",Where does the idea of becoming your true self come from?,2114
010-065,010,4,65,How to Balance Both Compassion and Conviction,How do you hold your ground without becoming rigid?,2878
010-066,010,4,66,Questions to Determine Limiting Beliefs (Set-Up),What kind of question brings a limiting belief out into the open?,435
010-067,010,4,67,Questions to Find Limiting Beliefs (Demonstration Part 1),What happens when those questions are put to a real person?,2236
010-068,010,4,68,Questions to Find Limiting Beliefs (Demonstration Part 2),How far can one conversation move a belief somebody has held for years?,1736
010-069,010,4,69,Limiting Beliefs Questions (Demonstration Deconstruction),What can be learned by taking a coaching session apart afterwards?,1964
010-070,010,4,70,"A Guide to Understanding Labels, Labelling + Conformity",What happens when a description of somebody turns into a definition?,2983
010-071,010,4,71,"What, How, Who: Core Identity Coaching Model (Part 1)",Which part of how you describe yourself is actually you?,2414
010-072,010,4,72,"What, How, Who: Core Identity Coaching Model (Part 2)",What happens to a person's sense of self when the job goes?,1737
010-073,010,4,73,An Introduction to Social Psychology and Choice Theory,"What decides how somebody behaves, the people around them or their own choices?",3485
010-074,010,4,74,To Be or Not to Be: The 'Good Enough' Principle,What changes when somebody decides they are good enough?,2523
010-075,010,4,75,The Belief Modification Process (and Workbook),Is changing your mind a weakness or a sign of growth?,4052
010-076,010,5,76,The Hierarchy of Needs: An Introduction to Values (Part 1),What does a person need before anything else can matter to them?,2521
010-077,010,5,77,The Hierarchy of Needs: An Introduction to Values (Part 2),What was added to the hierarchy after the original five levels?,1820
010-078,010,5,78,The Psychology of Personality Difference and Fluidity,Can a whole personality be described in three measurements?,3137
010-079,010,5,79,The Ability All People Have to Change (A Discussion),"Can everybody change, or are some people simply fixed?",2759
010-080,010,5,80,The Interconnectedness of Human Values (Part 1),How does one value depend on another?,2649
010-081,010,5,81,The Interconnectedness of Human Values (Part 2),Where do a person's values actually come from?,2572
010-082,010,5,82,The Interconnectedness of Human Values (Part 3),How does a personal value turn into a social principle?,2709
010-083,010,5,83,The Interconnectedness of Human Values (Part 4),What is actually gained by understanding how values connect?,2761
010-084,010,5,84,The Four Stages of Life (and How to Progress) Part 1,Does learning actually stop when school does?,3075
010-085,010,5,85,The Four Stages of Life (and How to Progress) Part 2,What does a life built for continuous growth look like?,2314
010-086,010,5,86,The Stages of Life: Self-Reflection Question #6,"What actually matters to you, when you stop and look?",1883
010-087,010,5,87,Time for Self-Honesty: Self-Reflection Question No. 7,Which of your principles hold when nobody is watching?,856
010-088,010,5,88,A Summary of the Life Coaching Process (So Far),Why should a coach examine their own assumptions?,3929
010-089,010,5,89,The Core Values Workbook (+ End of Section 5 Wrap-Up),What actually happens between what somebody had and what comes next?,855
010-090,010,6,90,The Four Levels of Human Interaction,Why do conversations break down when both people are trying?,2168
010-091,010,6,91,People Skills: The 'Hot-o-Meter' of Effective Listening,How well are you actually receiving what people say?,3597
010-092,010,6,92,The Art of Becoming All Things To All People,Can you meet everybody where they are without losing yourself?,1509
010-093,010,6,93,Assess Your Listening: Self-Reflection Question #8,Are you actually present when somebody else is speaking?,1853
010-094,010,6,94,Bonus Resources Based on Communication,What resources come with the communication section of this course?,442
010-095,010,6,95,A Guide to Listening (and Other Communication Skills),What does effective listening actually consist of?,3799
010-096,010,6,96,The Art of Immediacy: Responding to Intuition and Hunch,What makes somebody feel that you are actually with them?,1878
010-097,010,6,97,Silence: The Value Found in Absence of Sound,Is somebody who has stopped speaking still telling you something?,no speech
010-098,010,6,98,Immediacy-Based Discussion (A Demonstration),What does immediate feedback do to a conversation?,2343
010-099,010,6,99,Immediacy-Based Discussion (Demonstration Deconstruction),How much of a breakthrough comes down to timing?,2675
010-100,010,6,100,The Four Depths of Listening and Conversing,How deep does listening actually go?,4082
010-101,010,6,101,The Hierarchy of Judgement (and How We Compare),Why do people favour those who are like them?,3373
010-102,010,6,102,An Introduction to Chunking Questions (Hierarchy of Ideas),Why do two people talking about the same thing keep missing each other?,1412
010-103,010,6,103,Chunking in Communications (A Demonstration),How do you move a conversation between the detail and the big picture?,1757
010-104,010,6,104,Perceptual Shifting (Based on NLP Perceptual Positions),What does a situation look like from where the other person is standing?,1743
010-105,010,6,105,A Guide to Perceptual Shifting (Demonstration),How do you get somebody to see their own situation differently?,3267
010-106,010,6,106,The UFFE ELBAEK Model (for Self-Reflection),What connects who you are to what you actually do?,3680
010-107,010,6,107,The Art of Reframing (and Section Six Wrap-up) Part 1,What decides the meaning you take from a situation?,4264
010-108,010,6,108,The Art of Reframing (and Section Six Wrap-up) Part 2,How do you change a meaning without changing the facts?,4149
010-109,010,7,109,The Sweet Spot of Goal Setting (Lies in Balance),How ambitious should a goal actually be?,2334
010-110,010,7,110,A Guide to Setting Goals (with Structure and Order),What do you do when you have too many goals to start any of them?,4347
010-111,010,7,111,Coaching Support Materials: Goal Setting Workbook,How do you turn a client's vision into something they can start today?,1370
010-112,010,7,112,Coaching Support Materials: Passions + Purpose Workbook,When did you last ask yourself what actually motivates you?,1568
010-113,010,7,113,Coaching Support Materials: Mind Mapping Workbook,How do you get a tangle of ideas into a shape you can work with?,1549
010-114,010,7,114,Coaching Support Materials: Action Planning Workbook,What turns a goal into something that actually gets done?,2993
010-115,010,7,115,The Eisenhower Matrix (A Productivity Method),How do you decide what to do first?,2575
010-116,010,7,116,The Comparability/Consequence Decision Making Matrix,How do you compare options that are not really comparable?,3595
010-117,010,7,117,Are You Dissapointed? The Expectation/Evaluation Model,Why does the same experience satisfy one person and disappoint another?,3894
010-118,010,7,118,Fear Vs. Faith: The 'Rubber Band' Dilemma Model,What is actually happening when you cannot decide to move?,1399
010-119,010,7,119,The Options Overload Model (Why People Get Indecisive),Why does having more choice make deciding harder?,2172
010-120,010,7,120,The 'Best Scenario Outcome' Decision Making Matrix,How do you choose between several options that all look reasonable?,3274
010-121,010,7,121,The 'When Everything Else Fails' (4 Projects) Project,What would you commit to if nothing else was working?,3169
010-122,010,7,122,Problems to Be Fixed (or) Directions to Be Changed?,Is this a problem to be solved or a path to be left?,1764
010-123,010,7,123,Problems or Directions: Self-Reflection Question #9,Are you fixing problems that are really about direction?,2238
010-124,010,7,124,Success and Failure: Self-Reflection Question #10,What do you actually count as success?,1195
010-125,010,7,125,Navigating Distractions: Self-Reflection Question #11,What is actually taking your attention?,2915
010-126,010,8,126,The 4 Faces of Effective Life Coaching Practitioners,What is the difference between coaching somebody and instructing them?,2830
010-127,010,8,127,Bonus FAQ 1: What is the Best Way to Challenge a Client?,How do you challenge a client without damaging the relationship?,1432
010-128,010,8,128,Bonus FAQ 2: How do I set a pricing structure for coaching?,How do you decide what to charge for coaching?,1897
010-129,010,8,129,Bonus FAQ 3: How to best prepare for a coaching session?,How should you prepare before a coaching session starts?,1028
010-130,010,8,130,Bonus FAQ 4: How do I find my life coaching niche?,How do you find the area of coaching that is actually yours?,1785
010-131,010,8,131,Bonus FAQ 5: How to work with people who have 'conditions'?,What do you do when a client tells you they have a diagnosis?,1929
010-132,010,8,132,Bonus FAQ 6) How do I end a coaching relationship well?,How do you finish a piece of coaching properly?,1734
010-133,010,8,133,Recommended Reads to Support Your Further Study,What should you read once the course is finished?,2728
010-134,010,8,134,End of Life Coaching Course Summary + Wrap-Up,What do you take with you when the course ends?,3087
011-001,011,1,1,Introducing Gerard Egan and his Skilled Helper Model,"What is the Skilled Helper model, and what are its three stages?",537
011-002,011,1,2,An Introduction to the Skilled Helping Framework (Part 1),What makes Gerard Egan's approach to helping different from giving advice?,3236
011-003,011,1,3,Problem State to Hoped for State (Summary so Far),How do you get from where you are to where you want to be?,834
011-004,011,1,4,An Introduction to the Skilled Helping Framework (Part 2),How does the collaborative partnership do its work in practice?,2331
011-005,011,1,5,A Guide to Problem Solving (Problem Solving Workbook),How do you turn a vague difficulty into something you can act on?,439
011-006,011,1,6,The Core Foundations of Skilled Helping Competency,What does it actually mean to be competent at helping people?,1325
011-007,011,1,7,Relationship Principles: Foundations of Earning Respect,"Is respect something you have, or something you learn?",4349
011-008,011,1,8,Essential Communication Skills for Skilled Helping (Part 1),Why is communication the skill that decides whether helping works?,2442
011-009,011,1,9,Essential Communication Skills for Skilled Helping (Part 2),What does it take to keep listening when you can already see the answer?,1908
011-010,011,1,10,The Four Levels and Stages of Active Communication,What are you choosing every time you reply to someone?,1450
011-011,011,1,11,"Adapting, Adjusting, and Communication Flexibility",Should you speak to everybody in the same way?,2308
011-012,011,1,12,The Difference Between Challenging and Confronting,What separates challenging somebody from confronting them?,2110
011-013,011,1,13,The 7 Stages of Relational Development (and Growth),How does a relationship actually deepen over time?,2989
011-014,011,2,14,The Principles and Fundamentals of Decision Making,How do you make choices that still look right later?,2749
011-015,011,2,15,The Practicalities of Decision Making (and What Comes Next),What does it take to actually change direction?,4911
011-016,011,2,16,Effective Vs. Ineffective Helping (A Contrastive Analysis),Why does help sometimes make no difference at all?,3616
011-017,011,2,17,The 7-Step Process as a Basis for Helping Anyone!,How do you tell where somebody has got to?,2192
011-018,011,2,18,The Relationship Between 'Values' and 'Decision Making',"Do your values shape your decisions, or the other way round?",3247
011-019,011,2,19,Assets or Liabilities: A Basis for Wise Decision Making,"What in your life is adding to it, and what is draining it?",2166
011-020,011,2,20,Demonstration: Skilled Helping in Action (Phase 1: Part 1),What does stage one of the model look like when it is actually done?,2629
011-021,011,2,21,Demonstration: Skilled Helping in Action (Phase 1: Part 2),How deep does the exploring stage need to go?,2395
011-022,011,2,22,Demonstration: Skilled Helping in Action (Phase 2: Part 1),How do you help somebody decide what they actually want?,1714
011-023,011,2,23,Demonstration: Skilled Helping in Action (Phase 2: Part 2),What happens when your stated goal does not survive questioning?,2114
011-024,011,2,24,Demonstration: Skilled Helping in Action (Phase 3: Part 1),How does a goal become something you can start on Monday?,2970
011-025,011,2,25,Demonstration: Skilled Helping in Action (Phase 3: Part 2),What makes an action plan realistic rather than merely tidy?,2367
011-026,011,2,26,Skilled Helping Through the Levels and Stages of Life,Which stage of life are you actually in?,3978
011-027,011,2,27,Honest Discussion on the Levels and Stages of Life,What happens in the gap between one stage of life and the next?,2439
011-028,011,2,28,Closing Thoughts and Recommended Reads for Further Study,What should you read once the course has finished?,2126
012-001,012,1,1,Introduction to the Skilled Helper Practitioner Course,"What is the Skilled Helper approach, and who is it built for?",1521
012-002,012,1,2,The 3 Overarching Objectives of Skilled Helping,What should a helper actually be aiming at?,2421
012-003,012,1,3,A Perspective for Effective Skilled Helping (Part 1),What sits between where you are and where you want to be?,2898
012-004,012,1,4,A Perspective for Effective Skilled Helping (Part 2),How does a change of perspective turn into actual movement?,2061
012-005,012,1,5,The Three Stages of the Skilled Helping Process,What are the three stages of the Skilled Helper process?,2609
012-006,012,1,6,Stage One: Having Your Own 'Skilled Helper' Experience,What does the model feel like from the client's side of it?,784
012-007,012,1,7,A Guide to Knowing Your Default Communication Style,Which way do you lean when somebody brings you a problem?,1951
012-008,012,1,8,The Communication Skills of Effective Skilled Helping,What are you actually trying to do in a helping conversation?,3749
012-009,012,1,9,A Journey Through the Four Aspects of ‘the Self’,How many versions of a person are in the room?,2676
012-010,012,1,10,The Five Different Types of Influential Question,What makes one question more useful than another?,2881
012-011,012,1,11,The Skilled Helping Process Revolves Around 4 Questions,Which four questions does the whole process rest on?,330
012-012,012,1,12,The ‘Gaby’ Session: Exploring the Problem (Demo Part 1),What does the first stage look like with a real problem in the room?,1714
012-013,012,1,13,The ‘Gaby’ Session: Setting Priorities & Action Steps (Part 2),What has to be true before a client calls a problem resolved?,4966
012-014,012,1,14,The ‘Gaby’ Session: Demonstration Deconstruction,What can a helper learn by reviewing a session afterwards?,924
012-015,012,1,15,The Four Different Expressions of Communication,What is the difference between talking with somebody and talking at them?,2060
012-016,012,1,16,Presuppositions for Effective Skilled Helping (Part 1),What does your attitude towards somebody tell them before you speak?,3290
012-017,012,1,17,Presuppositions for Effective Skilled Helping (Part 2),How do you keep an agenda out of a helping conversation?,3255
012-018,012,1,18,Problems to Solutions: Quantification and Management,What changes when you stop studying the problem?,3686
012-019,012,1,19,A Guide to Asking Solution-Focused Questions,How do you get your mind out of the problem and into the answer?,879
012-020,012,1,20,The ‘Matt’ Session: Exploring the Problem (Demo Part 1),How do you separate a problem from the story that has grown around it?,1381
012-021,012,1,21,The ‘Matt’ Session: Setting Priorities & Action Steps (Part 2),How do priorities get set when everything feels urgent?,5360
012-022,012,1,22,The ‘Matt’ Session: Demonstration Deconstruction,Why does reviewing a conversation reveal more than having it?,683
012-023,012,1,23,The Listening Spectrum (From Passive to Active),How much listening is actually happening when you listen?,2992
012-024,012,1,24,Understanding Individual Responsibility and Empowerment,What does taking responsibility actually give a person?,4035
012-025,012,1,25,An In-Depth Exploration of 'Empathy' (Part 1),"What is empathy, and what regularly gets mistaken for it?",3071
012-026,012,1,26,An In-Depth Exploration of 'Empathy' (Part 2),How much of another person's feeling should you take on?,2218
012-027,012,1,27,Context for Visionary Goal Setting and Future Planning,How does a lifetime's ambition connect to this week's task?,2154
012-028,012,1,28,The ‘Sarah’ Session: Exploring the Problem (Demo Part 1),How do you turn wanting to change the world into something you can start?,1344
012-029,012,1,29,The ‘Sarah’ Session: Setting Priorities & Action Steps (Part 2),Which part of a system that does not work are you going to fix?,5389
012-030,012,1,30,The ‘Sarah’ Session: Demonstration Deconstruction,Why is your greatest frustration a better guide than your ambition?,762
012-031,012,1,31,Further Reflections Upon the Skilled Helping Process,Do the three stages always have to run in order?,1642
012-032,012,1,32,Interview with Gerard Egan: The Traits of a Skilled Helper,What does a practitioner have to develop in order to help somebody well?,2876
012-033,012,1,33,Interview with Gerard Egan: The 'Shadow Side' of Humanity,"What is the shadow side, and why does it matter in helping work?",3695
012-034,012,1,34,Interview with G. Egan: When Honesty Isn't the Best Policy,Is a helper ever right to hold something back?,2174
012-035,012,1,35,Interview with Gerard Egan: Why Values and Cultures Collide,Whose culture is actually in the room when you help somebody?,2847
012-036,012,1,36,Guide to Self-Evaluation: The Wisdom of Challenging,When is the right moment to challenge somebody?,2077
012-037,012,1,37,Gerry Egan's Top 10 Tips for Effective Goal Setting,What separates a goal you can act on from a wish?,4861
012-038,012,1,38,The ‘Alec’ Session: Exploring the Problem (Demo Part 1),What has to be understood before a plan is worth making?,931
012-039,012,1,39,The ‘Alec’ Session: Setting Priorities & Action Steps (Part 2),How do you tell a client's real priorities from their loudest ones?,3441
012-040,012,1,40,The ‘Alec’ Session: Demonstration Deconstruction,What does a client actually take away from a session?,1336
012-041,012,1,41,How Skilled Helping is Rarely a '1-Size-Fits-All' Approach,Should every helping conversation look the same?,1221
012-042,012,1,42,Self-Disclosure and Increasing Your Conversational Capacity,How much can you actually change another person?,3676
012-043,012,1,43,An Abstract Approach to Evaluating Life Balance,What do you do when somebody cannot say what is wrong?,2227
012-044,012,1,44,The Four Different Categories of Idea (ἰδέα),What is a skilled helper actually responsible for?,3850
012-045,012,1,45,A Model for Bringing All Vision to Fruition,How does a vision become something you are actually doing?,2796
012-046,012,1,46,The ‘Cosmina’ Session: Exploring the Problem (Demo Part 1),Why does the first stage get repeated with every single client?,1973
012-047,012,,47,The ‘Cosmina’ Session: Setting Priorities & Action Steps (Pt 2),What turns a defined problem into a first move?,2297
012-048,012,1,48,The ‘Cosmina’ Session: Demonstration Deconstruction,What is worth reviewing once a session has ended?,1341
012-049,012,,49,The Common Problems that Accompany Setting Goals,Why do so many goals never get anywhere?,2356
012-050,012,1,50,A High-Level Overview and End-of-Course Challenge,What does the whole model look like from a distance?,660
012-051,012,1,51,Recommended Reads to Support Your Further Study,What is worth reading once the course is over?,2425
013-001,013,1,1,Introduction to the Hypnotherapy Practitioner Course,What does a practitioner course in hypnotherapy have to give you?,854
013-002,013,1,2,What is Hypnosis: Introducing Hypnotherapy and Trance,What actually happens to somebody under hypnosis?,1237
013-003,013,1,3,The Alternative Variations of Trance (Up/Down Trance),Are all trance states the same kind of state?,1767
013-004,013,1,4,"The 3 Ways People See: Head, Heart and Intuition",Which part of you is making your decisions?,2675
013-005,013,1,5,Understanding Perception: The 5 Ways We All Perceive,"Do we see the world as it is, or as we make it?",3441
013-006,013,1,6,Representational Processing (the Internal Experience),How does the same information arrive differently in different heads?,2516
013-007,013,1,7,Creating Channels of Influence Within the Human Mind,How do you change somebody's thinking without pushing?,2022
013-008,013,1,8,G. Egan's Factors that Limit Listening and Learning (Part 1),What gets in the way of listening and learning?,3280
013-009,013,1,9,G. Egan's Factors that Limit Listening and Learning (Part 2),How do you work on something you cannot see yourself doing?,2626
013-010,013,1,10,Common Myths About Hypnotherapy (Explained & Debunked),What is hypnotherapy actually not?,2757
013-011,013,1,11,Using Hypnosis: The Three Main Elements of the Process,What are the three stages of a hypnosis session?,3014
013-012,013,1,12,Demonstration: The 'Power' Phrase (Simple Inductions),How can a few repeated words bring somebody into trance?,1821
013-013,013,1,13,Four Categories of Goal (Defining Positive Motivations) Part 1,What kind of goal are you actually setting?,2354
013-014,013,1,14,Four Categories of Goal (Defining Positive Motivations) Part 2,Why does it matter which category your goal belongs to?,2349
013-015,013,1,15,Understanding Trance-Logic and End of Section Wrap-Up,How can somebody hold two contradictory ideas at once?,3348
013-016,013,2,16,The History of Dormez (The Evolution of Hypnosis),Who built hypnosis into what it is today?,2128
013-017,013,2,17,Sigmund Freud: Presenting a Brief History of Hypnotherapy,How far back does the therapeutic use of trance actually go?,392
013-018,013,2,18,Freud's Unconscious Mind Model (and Iceberg Theory),How much of your own mind can you actually see?,2815
013-019,013,2,19,The Purpose of Hypnosis (Bypassing the Critical Factor),"What is the critical factor, and why get past it?",2513
013-020,013,2,20,Plato's Cave: A Lesson about the True Nature of Reality,How much of what you take for reality is a shadow of it?,2333
013-021,013,2,21,Understanding Freud's Defence Mechanisms (Part 1),What does the mind do when it cannot face something?,2391
013-022,013,2,22,Understanding Freud's Defence Mechanisms (Part 2),Which defences cost more than they protect?,2480
013-023,013,2,23,Surface Structure Versus. Deep Structure Thinking,Are you attending to what is said or to what it means?,3674
013-024,013,2,24,Reflection Qu 1: How Deep Structured is Your Listening?,Have you ever examined the quality of your own thoughts?,524
013-025,013,2,25,Reflection Qu 2: Essential Attributes of a Hypnosis Practitioner,How does your own mindset shape the work you do?,875
013-026,013,2,26,Reflection Qu 3: How Critical is Your Critical Factor?,Can you help somebody past a filter you have never examined in yourself?,757
013-027,013,2,27,Brain Wave Cycles (& What Happens in Hypnosis),What is your brain doing differently in hypnosis?,2456
013-028,013,2,28,Demonstration: The 'Drop Down Through' Technique,What do you do when an emotion will not shift?,2271
013-029,013,2,29,The Three Dimensions of Personal Transformation,Where does real change in a person actually happen?,3160
013-030,013,2,30,The Search for Truth: A Metaphoric Experience,What are people actually looking for when they look for truth?,1451
013-031,013,2,31,Identifying Those People Who Are Receptive to Change,Who should a practitioner agree to work with?,2940
013-032,013,3,32,An Introduction to the Hypnotic Induction Process,What is an induction actually for?,3078
013-033,013,3,33,The Hypnotic Induction Process (A Demonstration),What does an induction sound like when it is done well?,1584
013-034,013,3,34,Hypnotic Induction Process (Demonstration Deconstruction),What is worth saying after an induction has finished?,973
013-035,013,3,35,The Inductive Experience: How Responsive Are You?,"How responsive are you, and how would you know?",1325
013-036,013,3,36,SMOLER Non-Verbal Communication (From G. Egan's SOLAR),What is your body saying while you listen?,1934
013-037,013,3,37,An Introduction to Foveal and Peripheral Vision,Why does the centre of your vision look so much sharper?,1416
013-038,013,3,38,The Peripheral Hypnotic Induction (A Demonstration),Can changing how you look change the state you are in?,1631
013-039,013,3,39,Dissociation Inductions (Repositioning and Outstepping),How often do you dissociate without noticing?,2045
013-040,013,3,40,The Repositioning Induction Method (A Demonstration),Is there a correct way to carry out an induction?,1786
013-041,013,3,41,An Honest Discussion About Living Life 'Dissociated',What does it cost to live at a distance from your own life?,1219
013-042,013,3,42,The Outstepping Induction Method (A Demonstration),What sets one induction method apart from another?,2017
013-043,013,3,43,Future Pacing and Deepening Techniques: Part 1,How do you help a client feel a change before they have made it?,2832
013-044,013,3,44,Future Pacing and Deepening Techniques: Part 2,When in a session should future pacing be used?,2209
013-045,013,3,45,Future Pacing Demonstration (and Deconstruction),What does future pacing look like inside a real session?,2312
013-046,013,3,46,End of Section Three Wrap-Up and Summary,What has the third section actually established?,2738
013-047,013,4,47,Therapeutic Communication Skills: Dialogue vs. Monologue,What separates a conversation from a performance?,2531
013-048,013,4,48,Self Awareness: The Foundations for Healthy Connection,What does self-awareness actually make possible?,2020
013-049,013,4,49,Non-Verbal Behaviour as a Channel of Communication (Part 1),How much of a message never gets spoken?,2978
013-050,013,4,50,Non-Verbal Behaviour as a Channel of Communication (Part 2),Can you read somebody's non-verbal signals reliably?,3018
013-051,013,4,51,The Most Powerful Communication Skill of Them All,Which communication skill gets overlooked most often?,no speech
013-052,013,4,52,Communicating with Non-Verbal Responses (Demonstration),What are you communicating when you are not the one talking?,1603
013-053,013,4,53,Tuning In: The Basis for Trust-Based Interactions (Part 1),Do you actually know what you are paying attention to?,2357
013-054,013,4,54,Tuning In: The Basis for Trust-Based Interactions (Part 2),How do you begin reconnecting with yourself?,2346
013-055,013,4,55,Tuning In: The Self-Awareness Communications Checklist,Whose self-awareness matters most in a session?,1647
013-056,013,4,56,Pacing and Leading: The Levels of Active Listening (Part 1),How do you guide somebody without pushing them?,2298
013-057,013,4,57,Pacing and Leading: The Levels of Active Listening (Part 2),What happens if you try to lead before you have paced?,2095
013-058,013,4,58,Earning Trust: The Foundations for Developing Rapport,How is trust actually built between two people?,3490
013-059,013,4,59,Core Hypno-therapeutic Communication Skills (Part 1),Which four skills carry a therapeutic conversation?,2132
013-060,013,4,60,Core Hypno-therapeutic Communication Skills (Part 2),How do the four core skills work together?,2254
013-061,013,4,61,Hypno-therapeutic Communication Skills Demonstration (Part 1),Why do communication skills matter more than technique?,1494
013-062,013,4,62,Hypno-therapeutic Communication Skills Demonstration (Part 2),What can you take from a demonstration and use immediately?,1177
013-063,013,4,63,Hypno-therapeutic Skills Demonstration Deconstruction,What does it mean to deconstruct a conversation?,1984
013-064,013,4,64,Fractionation (Why Everything's Easier the 2nd Time Around),Why is it easier to go into trance the second time?,2873
013-065,013,4,65,The Practice of Fractionation: Further Distinctions,What does fractionation mean outside a hypnotherapy room?,1122
013-066,013,4,66,The Milton Model: Chunking Up and Down Explanation,How do you move a conversation between the general and the specific?,702
013-067,013,4,67,The Milton Model: Chunking Up and Down (A Demonstration),What does chunking sound like in an actual exchange?,2479
013-068,013,4,68,Understanding Self: Revisiting the Thinking/Feeling Iceberg,How do the conscious and unconscious minds actually relate?,866
013-069,013,4,69,Modal Operators and How to Listen for Beliefs (Part 1),What do words like must and can reveal about a belief?,2473
013-070,013,4,70,Modal Operators and How to Listen for Beliefs (Part 2),How do you listen for a belief a person has never stated?,2104
013-071,013,4,71,Word -> Word -> A Guide to Using Intonation Patterns,How does pitch change the meaning of the same words?,1594
013-072,013,4,72,Intonation Patterns and Causal Linkage in Practice (Part 1),How does one thing said lead to the next?,1615
013-073,013,4,73,Intonation Patterns and Causal Linkage in Practice (Part 2),Can you tell which of your words produced the response you got?,1813
013-074,013,5,74,An Introduction to Hypnotic 'Change Work' Patterns,Can a deep-seated habit really change quickly?,1497
013-075,013,5,75,Questioning the Rational Emotive (A Demonstration) Part 1,Why is a good question worth more than a good answer?,2189
013-076,013,5,76,Questioning the Rational Emotive (A Demonstration) Part 2,How do you use questions to change the way somebody thinks?,2242
013-077,013,5,77,Questions to Help People Identify Their Limiting Beliefs,How do you find a belief somebody takes for fact?,1065
013-078,013,5,78,Questioning Modal Operators and Beliefs (A Demonstration),What kind of question sets somebody free from a belief?,1760
013-079,013,5,79,Questioning Beliefs (Demonstration Deconstruction),What was actually happening in that questioning demonstration?,1085
013-080,013,5,80,The 'Parts Integration' (for Managing Internal Conflicts),What do you do when somebody is at war with themselves?,1097
013-081,013,5,81,The 'Parts Integration' (Conversation Demonstration),What happens when two parts of you want different things?,2710
013-082,013,5,82,The 'Parts Integration' (Demonstration Deconstruction),"How does parts integration actually work, step by step?",2454
013-083,013,5,83,Time-Line Interventions (or Regression Re-Imprinting),Can changing how you see your past change what you do next?,2198
013-084,013,5,84,Self-Reflection Exercise: How Present is Your Past?,How much of your present is actually your past?,2188
013-085,013,5,85,Time-Line Interventions (Process Demonstration) Part 1,What does a full timeline intervention look like from the inside?,2105
013-086,013,5,86,Time-Line Interventions (Process Demonstration) Part 2,What changes once somebody sees where a belief came from?,1912
013-087,013,5,87,Time-Line Intervention (The Demonstration Deconstruction),Why did each step of that intervention come where it did?,2458
013-088,013,5,88,"Time-Line for Smoking, Addictions & Other Destructive Habits",Where does a habit like smoking actually begin?,2254
013-089,013,5,89,"The ① Head ② Heart, and ③ Gut Hypnotic Technique",Which part of you should be making the decision?,1837
013-090,013,5,90,The Head-Heart-Gut (Demonstration & Deconstruction) Part 1,Why do we trust the head and distrust the other two?,2252
013-091,013,5,91,The Head-Heart-Gut (Demonstration & Deconstruction) Part 2,What does a decision look like once all three agree?,2471
013-092,013,6,92,A Complete Overview of the Hypnotherapy Process,What does the whole hypnotherapy process look like end to end?,1663
013-093,013,6,93,An Introduction to the 'Cinzia' Demonstration Sessions,Why is watching a real session so hard to come by?,761
013-094,013,6,94,Hypnotherapy Process: An Initial Consultation Session (#1),What actually happens in a first hypnotherapy consultation?,3299
013-095,013,6,95,The Cinzia Sessions: Initial Consultation (Deconstruction),What is worth reviewing after a first meeting?,2303
013-096,013,6,96,Plan a Sequence of Sessions (Looking Over Kain's Shoulder),How do you plan a series of sessions before the first one?,2621
013-097,013,6,97,The Cinzia Sessions: The First Focused Conversation,What does an unscripted therapeutic conversation sound like?,5090
013-098,013,6,98,The Cinzia Sessions: Session #1 Deconstruction,What did the client take from that first session?,2108
013-099,013,6,99,The Cinzia Sessions: The Second Focused Conversation,What changes between a first session and a second?,3124
013-100,013,6,100,The Cinzia Sessions: The Third Focused Conversation,How does a thread get picked up across sessions?,5047
013-101,013,6,101,The Cinzia Sessions: The Fourth Focused Conversation,What depth becomes available by a fourth conversation?,6832
013-102,013,6,102,The Cinzia Sessions: Session #4 Deconstruction,How far has the client come by the fourth session?,2220
013-103,013,6,103,An Honest Evaluation of We've Achieved so Far,What has actually been covered so far?,945
013-104,013,6,104,The Cinzia Sessions: The Fifth Focused Conversation (#5),What is a final working session actually for?,3808
013-105,013,6,105,The Cinzia Sessions: Final Discussion and Deconstruction,What comes after watching somebody else's sessions?,2913
013-106,013,7,106,"Introducing Storytelling, Learning, Metaphors and Parables",Why do stories teach better than explanations?,1955
013-107,013,7,107,The Man in the Hole Metaphor (Client Relatability),How can a picture do what an explanation cannot?,2000
013-108,013,7,108,Everyone's been the ‘Man in the Hole’ (Self Disclosure),How much of yourself should you share with a client?,2770
013-109,013,7,109,The Different Types of Story (The Cave Analogy),Are all metaphors doing the same job?,3204
013-110,013,7,110,An Introduction to Parables (The Ten Bridesmaids),How does a simple story carry a large lesson?,2060
013-111,013,7,111,Multi-Embedded Metaphors (Have an Experience),What happens when one metaphor sits inside another?,3868
013-112,013,7,112,Multi-Embedded Metaphors (The Explanation),Why would you deliberately leave three stories unfinished?,1524
013-113,013,7,113,The Power of Honesty and Self-Disclosure,Are some things better left unsaid?,4232
013-114,013,7,114,Isomorphism Through Stories and Reflections,How do you explain something nobody has experienced?,2059
013-115,013,7,115,Isomorphism: Further Distinctions (The Haiti Story),What is the difference between a parallel and a metaphor?,3103
013-116,013,7,116,Open Loops and Leaving Cliffhangers: That's Life!,Why can you not stop thinking about an unfinished story?,3387
013-117,013,8,117,Recommended Reads to Support Your Further Study,Where should your reading go after this course?,1721
013-118,013,8,118,"Closing Remarks and Feedback from Kain, Cinzia and Karen",What have you actually gained by the end of this course?,3037
014-001,014,1,1,Introduction to the Counselling Practitioner Course,"What is counselling, and what is it not?",1642
014-002,014,1,2,The Purpose of Person-Centred Counselling,What is a non-judgmental space actually for?,2038
014-003,014,1,3,Where Do the Ideas in Counselling Come From?,Where did counselling get its ideas?,3355
014-004,014,1,4,The Eight Levels of Human Relatability (Part 1),What makes somebody easy to relate to?,3033
014-005,014,1,5,The Eight Levels of Human Relatability (Part 2),Can you connect with somebody you have nothing in common with?,2278
014-006,014,1,6,Understanding Discrimination: A Self-Awareness Exercise,How much does your own bias shape what you see in a client?,1822
014-007,014,1,7,The Iceberg Concept for Understanding Culture (Part 1),How much of a culture can you actually see?,3398
014-008,014,1,8,The Iceberg Concept for Understanding Culture (Part 2),What happens when you judge a culture by its surface?,2434
014-009,014,1,9,Judgement: The Dimensions of Personal Prejudice,Where does prejudice actually come from?,3381
014-010,014,1,10,Presenting the Frame of Reference (Perspective),What decides how a person interprets what happens to them?,2992
014-011,014,1,11,The Cornerstones of Counselling Psychology (Part 1),What is a person-centred approach built on?,3265
014-012,014,1,12,The Cornerstones of Counselling Psychology (Part 2),Why does the client find the solution rather than the counsellor?,2244
014-013,014,1,13,The Cornerstones of Counselling Psychology (Part 3),What does a client actually leave with?,1695
014-014,014,1,14,The Johari Window: Identifying Your Blind Spots (Part 1),What do other people know about you that you do not?,2964
014-015,014,1,15,The Johari Window: Identifying Your Blind Spots (Part 2),How do you shrink the part of yourself you cannot see?,1889
014-016,014,1,16,"Humanism, Carl Rogers, and His Three 'Core Conditions'",What did Carl Rogers say a helping relationship needs?,3212
014-017,014,2,17,Aristotle's Nicomachean Set of Ethical Questions (Part 1),What can a two thousand year old ethics text do for a counsellor?,3340
014-018,014,2,18,Aristotle's Nicomachean Set of Ethical Questions (Part 2),How do you help somebody examine a decision without judging it?,2781
014-019,014,2,19,Person-Centred: How People See and Interpret Life (Part 1),How many ways are there of seeing the same thing?,1992
014-020,014,2,20,Person-Centred: How People See and Interpret Life (Part 2),Which way of seeing does a counsellor need most?,1842
014-021,014,2,21,Humanism: A Guide to Understanding the Human Mind,How many minds are you actually working with?,3796
014-022,014,2,22,Humanism: The Human Givens Framework (Part 1),What does every person need in order to thrive?,3156
014-023,014,2,23,Humanism: The Human Givens Framework (Part 2),What resources does a person already have to meet those needs?,3422
014-024,014,2,24,Humanism: The Human Givens Framework (Part 3),What happens when those needs go unmet?,1845
014-025,014,2,25,Humanism: Finding a Sense of Meaning & Purpose (Part 1),Can suffering have a purpose?,3138
014-026,014,2,26,Humanism: Finding a Sense of Meaning & Purpose (Part 2),What if the emptiness is not an illness?,2222
014-027,014,2,27,How is the Past Holding You Back from the Present?,When does reflecting on your past stop helping?,2114
014-028,014,2,28,Heart/Soil Types: A Metaphor for Understanding People,Why does the same advice take root in one person and not another?,3300
014-029,014,2,29,Heart/Soil Types Metaphor: Further Distinctions,How do you tell what kind of ground a client is standing on?,2195
014-030,014,2,30,Pre-assumptions of Person Centred Counselling (Part 1),Is there a dependency hidden inside the therapy room?,3484
014-031,014,2,31,Pre-assumptions of Person Centred Counselling (Part 2),How do you help somebody without making them need you?,1983
014-032,014,2,32,Self-Awareness Exercise: Exploring Your Beliefs (Part 1),"Are your beliefs true, or just yours?",3694
014-033,014,2,33,Self-Awareness Exercise: Exploring Your Beliefs (Part 2),What does it cost to hold a belief that no longer fits?,2537
014-034,014,2,34,Self-Awareness Exercise: Exploring Your Beliefs (Part 3),Why are beliefs so often unreliable?,2288
014-035,014,2,35,The Psychology of Understanding the 'Self' (Part 1),What is the difference between all these words about the self?,2454
014-036,014,2,36,The Psychology of Understanding the 'Self'  (Part 2),Which one do you work on first?,2077
014-037,014,2,37,The Psychology of Understanding the 'Self'  (Part 3),What does understanding the self actually give a person?,2587
014-038,014,2,38,The Core Ingredients of a Therapeutic Relationship (Part 1),What makes a counselling relationship actually work?,2727
014-039,014,2,39,The Core Ingredients of a Therapeutic Relationship (Part 2),Do these attitudes only matter in a counselling room?,2936
014-040,014,2,40,Psychoanalysis: Freud's Iceberg Theory of the Mind,How much of the mind is actually below the surface?,3264
014-041,014,2,41,"Psychoanalysis: Freud's ID, Ego & SuperEgo Theory",What are the three parts of the psyche arguing about?,2454
014-042,014,2,42,Defence Mechanisms: The Mind's Protection (Part 1),How does the mind protect itself from what it cannot face?,3334
014-043,014,2,43,Defence Mechanisms: The Mind's Protection (Part 2),What does it cost not to notice your own defences?,2542
014-044,014,2,44,Defence Mechanisms: The Mind's Protection (Part 3),Why does the mind need defending in the first place?,2370
014-045,014,2,45,End of Section 2 Summary and Wrap-Up,What has the first half of this course established?,1743
014-046,014,3,46,Know Thyself: Self-Perception Self-Assessment (Part 1),Where does improving the world actually start?,3350
014-047,014,3,47,Know Thyself: Self-Perception Self-Assessment (Part 2a),Why does a counsellor need self-awareness before anything else?,3484
014-048,014,3,48,Know Thyself: Self-Perception Self-Assessment (Part 2b),Which of your own biases would a client notice first?,3187
014-049,014,3,49,The Roadblocks to Listening & Understanding (Part 1),What stops you understanding what somebody is telling you?,2694
014-050,014,3,50,The Roadblocks to Listening & Understanding (Part 2),Which of the roadblocks is hardest to catch in yourself?,2343
014-051,014,3,51,The Roadblocks to Listening & Understanding (Part 3),How do you actually get past these obstacles?,2731
014-052,014,3,52,Larry Crabb Model for Understanding People (Part 1),How many levels is a person operating on at once?,3540
014-053,014,3,53,Larry Crabb Model for Understanding People (Part 2),Why does a problem at one level show up at another?,3498
014-054,014,3,54,Larry Crabb Model for Understanding People (Part 3),What does the model give you that a description does not?,2705
014-055,014,3,55,Understanding People: Further Distinctions and Exercise,How do you understand somebody whose life is nothing like yours?,3435
014-056,014,3,56,The Differences Between Death and Life (An Exercise),Have you ever thought about what life and death mean to you?,2396
014-057,014,3,57,Shifting From Negative to the Positive (A Demonstration),Why does motivation keep disappearing?,2283
014-058,014,3,58,From Negative to Positive (Demonstration Deconstruction),What is really driving somebody's daily choices?,2155
014-059,014,3,59,Putting the Larry Crabb Model Into Practice (Part 1),What is a counselling model built on personal values?,2232
014-060,014,3,60,Putting the Larry Crabb Model Into Practice (Part 2),Why treat the cause rather than the complaint?,1547
014-061,014,3,61,The Larry Crabb Model in Action (Demonstration Deconstruction),What does a client notice that the counsellor does not?,2430
014-062,014,3,62,Section Summary & Human Experience Overview (Part 1),Whose version of reality are you actually living in?,2915
014-063,014,3,63,Section Summary & Human Experience Overview (Part 2),What does it mean for counselling that everyone sees differently?,2777
014-064,014,4,64,An Introduction to Psychology-Based Counselling Theory,How many kinds of counselling are there?,2038
014-065,014,4,65,The Philosophical Underpinnings of Counselling Practice,Is counselling a psychological practice or a philosophical one?,2654
014-066,014,4,66,I  → Thou: Martin Buber + the Philosophy of Dialogue,What if human existence is fundamentally about relationship?,2243
014-067,014,4,67,Six Conditions for Therapeutic Change (Expanded) Part 1,What has to be present before therapy can work at all?,2212
014-068,014,4,68,Six Conditions for Therapeutic Change (Expanded) Part 2,Why is the sixth condition the one that decides the rest?,2083
014-069,014,4,69,Abraham Maslow: Early Psychology of Motivation (Part 1),What actually motivates a person?,2884
014-070,014,4,70,Abraham Maslow: Early Psychology of Motivation (Part 2),Why is it useful to know which level somebody is on?,2525
014-071,014,4,71,Demonstration: A Conversation Centred on Core Values,Why should a counsellor examine their own values first?,2829
014-072,014,4,72,Psychoanalysis: Transactional Analysis and the 3 Ego States,Which version of you is speaking right now?,3170
014-073,014,4,73,Psychoanalysis: Ego States Discussion and Demonstration,What do the three ego states look like in an ordinary exchange?,2825
014-074,014,4,74,Psychoanalysis: Ego States Demonstration Deconstruction,How do ego states actually show up in a live conversation?,1467
014-075,014,4,75,"Transference, Counter Transference and Parallel Process",Whose feelings are actually in the room?,2187
014-076,014,4,76,Phenomenology: Inaccurate Perceptions and Bee Stings,How would you know your own feelings had entered a session?,3487
014-077,014,4,77,The Six Stage Cycle of Individual Change (Part 1),Why do people go round in circles when they try to change?,2295
014-078,014,4,78,The Six Stage Cycle of Individual Change (Part 2),Does a relapse mean starting again from the beginning?,2285
014-079,014,4,79,Differences Between Dependency and Codependency (Part 1),What is the difference between depending on somebody and codependency?,2678
014-080,014,4,80,Differences Between Dependency and Codependency (Part 2),How does either one show up between a counsellor and a client?,1633
014-081,014,4,81,"Ontology: The Study of Existence, Reality & Identity (Part 1)",What does it actually mean to be somebody?,2800
014-082,014,4,82,"Ontology: The Study of Existence, Reality & Identity (Part 2)",Why does a counsellor need a philosophy of identity?,2304
014-083,014,4,83,Introducing Behaviourism: Calibrating on Behaviour,What can you actually know about another person?,3295
014-084,014,4,84,How Theory Informs Counselling Practice (Demonstration),What is counselling theory actually for?,2300
014-085,014,4,85,Behaviourism: Previous Demonstration Deconstruction,What was actually happening in that exercise?,2404
014-086,014,4,86,Cognitive and Behavioural: Self-Awareness Questions (Part 1),How do you actually build self-awareness?,2411
014-087,014,4,87,Cognitive and Behavioural: Self-Awareness Questions (Part 2),Which questions do you avoid answering honestly?,2290
014-088,014,4,88,The Thought Investigation Model (Adapted from CBT),How much of what you feel is decided by what you think?,3180
014-089,014,4,89,The Thought Investigation Model (A Demonstration),How do you assess the quality of somebody's thinking?,3361
014-090,014,4,90,The Cognitive Experiential Model (Basic CBT Model),"How do thoughts, feelings and behaviour act on each other?",3379
014-091,014,4,91,CBT: The Advanced Cognitive Experiential Model (Part 1),Is there a gap between what happens and how you feel about it?,2308
014-092,014,4,92,CBT: The Advanced Cognitive Experiential Model (Part 2),What can you do with the space once you can see it?,1885
014-093,014,4,93,The ABCs of CBT (A Cognitive Interpretation Model),How do you trace a reaction back to the belief behind it?,3048
014-094,014,4,94,A Guide to Disputing False and Inaccurate Beliefs,How do you argue with a belief that feels like a fact?,1889
014-095,014,4,95,The Disputation of Inaccurate Beliefs (Demonstration),"Are you disturbed by what happened, or by your view of it?",2729
014-096,014,4,96,Cognitive Distortions and Patterns of Unhelpful Thinking (Part 1),Which thinking habits quietly distort reality?,3197
014-097,014,4,97,Cognitive Distortions and Patterns of Unhelpful Thinking (Part 2),How do you catch a distortion while it is happening?,2704
014-098,014,4,98,The Natural Order of Human Emotion & Section Wrap-Up,Should your emotions lead or follow?,3456
014-099,014,5,99,The 3 Phases Common to (Most) Counselling Models,What do nearly all counselling models have in common?,2738
014-100,014,5,100,The Counselling Journey & Counsellee Experience (Part 1),What does counselling look like from the client's side?,2036
014-101,014,5,101,The Counselling Journey & Counsellee Experience (Part 2),What happens at the end of a counselling relationship?,1990
014-102,014,5,102,Phase 1: Relationship Building Skills and Exploration,What has to happen before anything else in a session?,3180
014-103,014,5,103,Phase 1: Demonstration and Deconstruction (Part 1),What does the first phase look like when it is done properly?,1896
014-104,014,5,104,Phase 1: Demonstration and Deconstruction (Part 2),How does exploration turn into a plan?,1415
014-105,014,5,105,Phase 1: Advanced People and Communication Skills,Which skills do the most work in a session?,2171
014-106,014,5,106,The Hierarchy of Ideas (Conversational Chunking),How do you match a conversation to the level somebody is thinking at?,1819
014-107,014,5,107,The Conversational Chunking Framework Demonstration,What does moving between levels sound like in practice?,2039
014-108,014,5,108,The Art of Practicing Silence: Self-Reflection Exercise,Why is a pause so hard to leave alone?,1703
014-109,014,5,109,Critical Reflection: Putting You On The Spot,When did you last stop and examine your own practice?,1515
014-110,014,5,110,Empathic Relatability: Putting You On the Spot (Exercise),What does empathy actually require of you?,1281
014-111,014,5,111,How to Initiate Healthy Discussions: Icebreakers,How do you start a conversation somebody is nervous about?,3838
014-112,014,5,112,Initiating New or Healthy Discussions (A Demonstration),How do you make starting a conversation feel natural?,1641
014-113,014,5,113,The Exploration Phase in Action (Demonstration: Part 1),What does building rapport actually look like?,2843
014-114,014,5,114,The Exploration Phase in Action (Demonstration: Part 2),How does rapport turn into real understanding?,2322
014-115,014,5,115,The Exploration Phase (Demonstration Deconstruction),What is the exploration phase actually trying to achieve?,1237
014-116,014,5,116,Alfred Adler: The Purpose of Skills in Therapy (Part 1),"Who was Alfred Adler, and why did he break with Freud?",1825
014-117,014,5,117,Alfred Adler: The Purpose of Skills in Therapy (Part 2),What did Adler think therapy was supposed to do?,1699
014-118,014,5,118,The 'Broadening Perspective' Phase of Counselling (Part 1),How do you help somebody see their situation differently?,2771
014-119,014,5,119,The 'Broadening Perspective' Phase of Counselling (Part 2),"Which approach do you reach for, and when?",2153
014-120,014,5,120,What Are the Differences Between Open & Closed Questions?,When is a closed question the right one?,2405
014-121,014,5,121,Exploring the Contrast Between Open and Closed Questions,What has your habit of questioning done to your relationships?,3292
014-122,014,5,122,Using the Socratic Method (for Empathic Confrontation),How do you challenge somebody without them feeling attacked?,1634
014-123,014,5,123,The Socratic Method for Empathic Confrontation (Demo Pt 1),How does irrational thinking actually get changed?,3262
014-124,014,5,124,The Socratic Method for Empathic Confrontation (Demo Pt 2),What happens once a client hears their own belief out loud?,2443
014-125,014,5,125,The Socratic Method (Demonstration Deconstruction),Is the slower method worth the extra time?,2403
014-126,014,5,126,Revisiting the Larry Crabb 'Inside-Out' Model,Why does counselling work from the inside out?,1268
014-127,014,5,127,The Larry Crabb Model in Action (Demonstration: Part 1),What does the inside-out model look like applied?,2315
014-128,014,5,128,The Larry Crabb Model in Action (Demonstration: Part 2),How does the model handle what surfaces mid-session?,1861
014-129,014,5,129,The Larry Crabb Model in Action (Demonstration: Part 3),How does an inside-out session actually close?,1866
014-130,014,5,130,The Larry Crabb Model (Demonstration Deconstruction),What did that session actually achieve?,2147
014-131,014,5,131,The Five Fundamental Levels of Listening,How deeply are you actually listening?,3061
014-132,014,5,132,Listening For: The Difference that Makes a Difference (Part 1),What should a counsellor be listening for?,2093
014-133,014,5,133,Listening For: The Difference that Makes a Difference (Part 2),How do you listen for six things at once?,2042
014-134,014,5,134,The Art of Listening (An Honest Self-Reflection Exercise),What does being a good listener actually get you?,891
014-135,014,5,135,The 'Outcomes Focussed' (and Goal Setting) Phase,Why is goal setting part of counselling at all?,3608
014-136,014,5,136,Phase 3: The Goal Setting Phase (Demonstration Part 1),How does a theory become an actual conversation?,2714
014-137,014,5,137,Phase 3: The Goal Setting Phase (Demonstration Part 2),What does a goal look like by the end of the session?,2358
014-138,014,5,138,Future Planning Questions (A Self-Reflection Exercise),How do you turn an intention into a result?,1431
014-139,014,5,139,Six Prompts for Picking an Accountability Partner,Who holds a counsellor accountable?,1711
014-140,014,5,140,"Endings, Evaluations of Clients & End of Section Summary",How should a counselling relationship end?,3173
014-141,014,6,141,Demonstrations Section (The Laurie and Becka Sessions),What does the counselling process actually look like with a real client?,865
014-142,014,6,142,Introduction to the Demonstrations: Getting Started,What can you learn by watching somebody else's counselling session?,1786
014-143,014,6,143,The Becca Sessions (Phase 1 → Session 1 → Part 1),How does a first counselling session actually begin?,2289
014-144,014,6,144,The Becca Sessions (Phase 1 → Session 1 → Part 2),How does a client's account start to open up?,2467
014-145,014,6,145,The Becca Sessions (Phase 1 → Session 1 → Part 3),When does the real difficulty finally appear?,1881
014-146,014,6,146,The Becca Sessions (Phase 1 → Session 1 → Part 4),How do you close a first session well?,2079
014-147,014,6,147,The Becca Sessions (Phase 1 Demonstration Deconstruction),What did the client take from that first session?,1864
014-148,014,6,148,The Becca Sessions (Phase 2 → Session 2 → Part 1),What is different about a second session?,1476
014-149,014,6,149,The Becca Sessions (Phase 2 → Session 2 → Part 2),How does a client's perspective get widened?,1566
014-150,014,6,150,The Becca Sessions (Phase 2 → Session 2 → Part 3),What happens when a client resists?,1880
014-151,014,6,151,The Becca Sessions (Phase 2 → Session 2 → Part 4),What does a genuine shift look like from outside?,1800
014-152,014,6,152,Becca Sessions (Phase 2 Demonstration Deconstruction),What was the second session worth to the client?,1272
014-153,014,6,153,The Becca Sessions (Phase 3 → Session 3 → Part 1),How does a session turn towards action?,1963
014-154,014,6,154,The Becca Sessions (Phase 3 → Session 3 → Part 2),Whose goals end up on the list?,2253
014-155,014,6,155,The Becca Sessions (Phase 3 → Session 3 → Part 3),How does a goal become something a person can start?,1365
014-156,014,6,156,The Becca Sessions (Phase 3 → Session 3 → Part 4),How does a piece of counselling work end?,1518
014-157,014,6,157,Becca Sessions (Phase 3 Demonstration Deconstruction),What did three sessions produce?,1191
014-158,014,6,158,The Laurie Sessions (Phase 1 → Session 1 → Part 1),Does the same approach work with a different person?,2232
014-159,014,6,159,The Laurie Sessions (Phase 1 → Session 1 → Part 2),How do you follow somebody who tells a story differently?,1875
014-160,014,6,160,The Laurie Sessions (Phase 1 → Session 1 → Part 3),What does this client's difficulty turn out to be?,2386
014-161,014,6,161,The Laurie Sessions (Phase 1 → Session 1 → Part 4),How do you end a first session with somebody still talking?,1513
014-162,014,6,162,Laurie Sessions (Phase 1 Demonstration Deconstruction),What does a different client find valuable?,1467
014-163,014,6,163,The Laurie Sessions (Phase 2 → Session 2 → Part 1),What does the second session with this client open with?,2514
014-164,014,6,164,The Laurie Sessions (Phase 2 → Session 2 → Part 2),How is a perspective widened when the client is certain?,2010
014-165,014,6,165,The Laurie Sessions (Phase 2 → Session 2 → Part 3),What does the counsellor do when a session stalls?,2093
014-166,014,6,166,The Laurie Sessions (Phase 2 → Session 2 → Part 4),What has moved by the end of the second session?,1921
014-167,014,6,167,Laurie Sessions (Phase 2 Demonstration Deconstruction),What has two sessions built with this client?,982
014-168,014,6,168,The Laurie Sessions (Phase 3 → Session 3 → Part 1),How does this client move towards action?,2362
014-169,014,6,169,The Laurie Sessions (Phase 3 → Session 3 → Part 2),What does this client actually want to change?,2002
014-170,014,6,170,The Laurie Sessions (Phase 3 → Session 3 → Part 3),How do you keep a plan realistic?,3054
014-171,014,6,171,The Laurie Sessions (Phase 3 → Session 3 → Part 4),How does the second client's work conclude?,2085
014-172,014,6,172,Laurie Sessions (Phase 3 Demonstration Deconstruction),What does a client say at the very end?,1390
014-173,014,6,173,Demonstrations Section Summary and Wrap-up,What should you take away from six live sessions?,1962
014-174,014,7,174,The Principles of Professional Counselling Practice,What are you responsible for once you practise?,1714
014-175,014,7,175,Recommended Reads to Support Your Further Study,What is worth reading once the course finishes?,2148
014-176,014,7,176,Closing Thoughts and End-of-Course Summary,What are you actually equipped to do now?,1961
015-001,015,1,1,Getting Started: Course Introductions Video,What does this mindfulness course actually contain?,1980
015-002,015,1,2,The Basics of Mindfulness: What is it?,Is mindfulness just about being calm?,2367
015-003,015,1,3,How to Benefit the Most From This Training,What is the best way to approach learning something new?,1734
015-004,015,1,4,The 3 Dimensions of Mindfulness (and Self-Awareness),How many dimensions does mindfulness actually have?,4332
015-005,015,1,5,Mindfulness for Positive Intention (Motivational Awareness),What actually drives the people you are trying to help?,1627
015-006,015,1,6,The Three 'Culture Zones' in Which All People Live,Which zone are you actually living in?,2327
015-007,015,1,7,Exercise: The Art of Becoming Disciplined in Mindfulness,What does discipline actually give you?,1304
015-008,015,1,8,Shifting Focus: A Guide to Overcoming Distraction,Why is it so hard to stay focused now?,1172
015-009,015,1,9,Debunking the Common Myths About Mindfulness,What do people get wrong about mindfulness?,1413
015-010,015,1,10,Common Factors that Undermine Mindful Awareness (Part 1),Why can you not attend to somebody while thinking about yourself?,2287
015-011,015,1,11,Common Factors that Undermine Mindful Awareness (Part 2),How do you notice your own attention drifting?,2141
015-012,015,1,12,Contrastive Analysis: Conscious Awareness Vs. Autopilot,"Are you deciding, or are you running on autopilot?",1700
015-013,015,1,13,A Contrastive Analysis: Mindfulness Versus. Meditation,Is mindfulness the same thing as meditation?,1726
015-014,015,1,14,The Nine Fundamental Attitudes of Mindfulness,What attitudes does a mindful life actually rest on?,4048
015-015,015,1,15,A Contemplation of the Mind (Self-Awareness Exercise),Do you actually know how your own mind works?,1695
015-016,015,1,16,The History of Western Mindfulness (In Brief),Where did Western mindfulness come from?,2248
015-017,015,1,17,The Four States of Consciousness (and Awareness),How does a person's relationship with their own life change?,2525
015-018,015,1,18,Introducing the Four Noble Truths of Dukkha,What do the Four Noble Truths actually say about suffering?,3123
015-019,015,1,19,Guide to Understanding the Four Categories of Truth,How many kinds of truth are there?,2427
015-020,015,1,20,The Ten Accepted Truths (Presumptions) of Mindfulness,"Is truth objective, or is it just your opinion?",4077
015-021,015,1,21,End of Section One Check-In: Learning Evaluation,What have you actually taken from this section?,918
015-022,015,2,22,The Unexamined Life is Not Worth Living,Is a life worth living if it is never examined?,2602
015-023,015,2,23,Know Your Mind: The Mindful 'Wise' Mind Model,What sits between your reason and your feelings?,1619
015-024,015,2,24,The Layers of Self-Awareness and Art of Looking Within,Can you think about something too much?,1271
015-025,015,2,25,An Overview of the Human Experience (Part 1),What are the three parts of a human being?,1693
015-026,015,2,26,An Overview of the Human Experience (Part 2),What happens when one of the three is neglected?,2267
015-027,015,2,27,Ground Conditions of the Human Heart (Openness to Truth),How ready are you to hear something you disagree with?,2817
015-028,015,2,28,The 7 Stages of Mindful Evolution (and Enlightenment),What stages does a person pass through on the way to awakening?,3861
015-029,015,2,29,Self-Reflection Exercise: Thought-Provoking Questions,What do you actually see when you look at yourself?,1225
015-030,015,2,30,The Roadblocks to Personal Growth & Development (Part 1),What is actually holding you back?,2407
015-031,015,2,31,The Roadblocks to Personal Growth & Development (Part 2),How do you work on a barrier you cannot see?,1975
015-032,015,2,32,A Dialogue: On the Roadblocks to Personal Growth (Part 1),What do two practitioners say about their own obstacles?,2995
015-033,015,2,33,A Dialogue: On the Roadblocks to Personal Growth (Part 2),How did two practitioners get past their own obstacles?,1757
015-034,015,2,34,Self-Knowledge: The Five Capacities of Personhood,What makes somebody a person rather than a thing?,2952
015-035,015,2,35,A Guide to Accurate Self-Identification (Part 1),How many versions of yourself are there?,2802
015-036,015,2,36,A Guide to Accurate Self-Identification (Part 2),Which version of yourself are you actually assessing?,1989
015-037,015,2,37,Create an Accurate Persona: Self-Examination Exercise,Does your behaviour match what you say you value?,1437
015-038,015,2,38,The Difference Between Our Actual Self and Our Ideal Self,Is the gap between who you are and who you want to be useful?,2508
015-039,015,2,39,Self-Identification (and Lack of Intentional Definition),What are your labels costing you?,1900
015-040,015,2,40,How to Unpack People's Words & Discern Their Meaning,How do you work out what somebody actually meant?,3212
015-041,015,2,41,Self: The Road to Insight and Understanding (Part 1),Which of your beliefs did you never actually choose?,3885
015-042,015,2,42,Exercise: How Present is Your Past in Your Present?,What story are you still telling about something that happened?,1856
015-043,015,2,43,Self: The Road to Insight and Self-Understanding (Part 2),How do you separate what you were taught from what you believe?,3682
015-044,015,2,44,"Your Past, Present and Future: A Self-Reflection Exercise",What does writing it down actually do?,2120
015-045,015,2,45,The Life Transitions Curve (Based on Kubler-Ross' Model),What actually happens to a person during a major change?,3760
015-046,015,2,46,7 Seven Questions to Ask During a Life Transition,What should you ask yourself in the middle of a life change?,1933
015-047,015,2,47,Frame of Reference: What's Your Unique Reference Point?,What are you measuring your life against?,4945
015-048,015,2,48,A Lifelong Evolution in Self-Awareness (and Maturation),What does personal growth actually consist of?,4833
015-049,015,2,49,End of Section Two Summary and Check-In,What did the second section actually teach you?,791
015-050,015,3,50,Have You Ever Wondered If You Are 'Good Enough'?,What does success actually mean?,3252
015-051,015,3,51,Envisioning the 'Mindfully Self-Aware' Human Being,What does it mean to be fully alive?,3169
015-052,015,3,52,What are the Four Categories of 'Right' Effort?,What does right effort actually ask you to do?,2673
015-053,015,3,53,Know Thy Mind: Brain Waves and States of Mind,What is your brain actually doing right now?,2515
015-054,015,3,54,The Key Differences Between a Fixed and Growth Mindset,Which mindset are you actually operating from?,3928
015-055,015,3,55,Evaluate the Fluidity of Your Mind: Self-Assessment Quiz,How flexible is your own thinking?,2522
015-056,015,3,56,Mindset 1: The Fixed Mindset (Further Distinctions),What does a fixed mindset actually believe?,3218
015-057,015,3,57,Mindset 2: The Growth Mindset (Further Distinctions),What changes when you believe ability can be built?,3404
015-058,015,3,58,Mental Elevation: A Guide to Thinking at a Higher Level,How do you think at a higher level?,2420
015-059,015,3,59,An Introduction to Your Internal (Mental) Adversary (Part 1),What is the real cost of an impulsive decision?,4056
015-060,015,3,60,An Introduction to Your Internal (Mental) Adversary (Part 2),How do you interrupt a decision you have already made?,3127
015-061,015,3,61,The 16 Attitudes You Can Adopt Towards Making Mistakes,What do you do with a mistake once you have made one?,2376
015-062,015,3,62,The Differences Between Self-Regulation and Self-Control,Is self-control the same thing as self-regulation?,3589
015-063,015,3,63,How to Create a Space Between Stimulus and Response,Is there a gap between what happens to you and what you do about it?,3633
015-064,015,3,64,"Exploring Time, Space and the Stress Principle",What actually causes stress?,3214
015-065,015,3,65,A Dialogue About Creating More 'Space' in Our Lives,How do you actually make more room in your life?,3013
015-066,015,3,66,Introducing the Six Stages of Personal Reflection,How do you get from where you are to where you want to be?,1345
015-067,015,3,67,Demonstration: The Six Stages of Personal Reflection (Part 1),What does structured reflection look like with a real person?,3823
015-068,015,3,68,Demonstration: The Six Stages of Personal Reflection (Part 2),Why is finding time to reflect so much harder than agreeing to?,4441
015-069,015,3,69,The Seven Choices that Lead to Maturity and Character,Which choices actually shape the person you become?,4726
015-070,015,3,70,Choices of Maturity and Character: Honest Self-Evaluation,What happens when you actually live by those choices?,2585
015-071,015,3,71,A Guide to Building A Better Relationship with Truth,Why do people dislike the truth?,3021
015-072,015,3,72,The Five Stages of Spiritual Growth and Development,What stages does spiritual growth pass through?,4377
015-073,015,3,73,End of Section Three Summary and Check-In,What has the third section left you with?,846
015-074,015,4,74,Real or ideal? The Spectrum of Belief Possibility Spaces,"Are beliefs fixed, or do they sit on a scale?",2218
015-075,015,4,75,The Seven Hermetic Principles of Self-Mastery (Part 1),What are the seven Hermetic principles?,3659
015-076,015,4,76,The Seven Hermetic Principles of Self-Mastery (Part 2),What do these principles actually ask you to do?,2629
015-077,015,4,77,F.Y.I. A Brief History of the Human Enlightenment Era,"What was the Enlightenment, and why does it still matter?",2491
015-078,015,4,78,John Locke: How Human Beliefs come Into Existence,Where do your beliefs actually come from?,1776
015-079,015,4,79,Sigmund Freud's Iceberg Model of Human Consciousness,What is driving what you say and do?,2382
015-080,015,4,80,The Three Socio-Cultural Levels of Learning,Where does learning actually happen?,4810
015-081,015,4,81,Self-Reflection: What Lies Beneath Your Surface?,What shaped the person you present to the world?,425
015-082,015,4,82,An Introduction to Systems Thinking (Levels of Thinking),What if you are part of a system rather than a separate thing?,3421
015-083,015,4,83,The Fundamental Ideas of Cognitive Psychology,How do thoughts turn into the life you end up with?,2067
015-084,015,4,84,The Battlefield of the Mind (The Brain Vs. The Mind),Where does a conflict actually begin?,904
015-085,015,4,85,The Twelve Common Expressions of Irrational Thinking,What happens when you stop questioning your own perspective?,4170
015-086,015,4,86,Open Dialogue About the Patterns of Mindless Thinking,Which irrational patterns have cost you the most?,3878
015-087,015,4,87,An Introduction to Reason-Oriented Questioning (Socratic),Is asking questions actually a skill?,935
015-088,015,4,88,Conversation Demonstration: Socratic Questioning in Action,What does Socratic questioning sound like in practice?,3828
015-089,015,4,89,Insidious Beliefs that Bind People to Disempowerment (Part 1),Which beliefs are quietly holding people back?,3516
015-090,015,4,90,Insidious Beliefs that Bind People to Disempowerment (Part 2),How do you replace a belief you did not know you held?,2920
015-091,015,4,91,"Questioning Common, Sub-conscious and Irrational Beliefs",Which of these beliefs sounds like you?,1296
015-092,015,4,92,Exercise: Six Provocative Self-Reflection Questions,What do you actually value?,1580
015-093,015,4,93,Abraham Maslow's Hierarchy of Needs (Motivations),What has to be satisfied before anything else matters?,2953
015-094,015,4,94,Values: A Complete Guide to Understanding Values (Part 1),How do you decide what actually matters to you?,4187
015-095,015,4,95,Values: A Complete Guide to Understanding Values (Part 2),What does a values-driven life actually look like?,3416
015-096,015,4,96,Connecting the Dots of Our Values: Exercise 1,"Who do you actually admire, and why?",1252
015-097,015,4,97,Connecting the Dots of Our Values: Exercise 2,How do you find out what you actually value?,1656
015-098,015,4,98,Connecting the Dots of Our Values: Exercise 3,How can you tell when you are living by your values?,1935
015-099,015,4,99,End of Section Four Summary and Check-In,What have you actually grown into across this section?,936
015-100,015,5,100,Interpersonal Effectiveness and the Tale of Plato's Cave,Why will some people never consider your point of view?,1955
015-101,015,5,101,The 7 Pillars of Sustainable Long-Term Relationship,What holds a long relationship together?,5352
015-102,015,5,102,The 9 Attitudes of Honouring Interpersonal Relationships,When did you last undermine somebody without noticing?,4169
015-103,015,5,103,The Nine Destructive Myths of Romanticism,What do people believe about relationships that is not true?,5796
015-104,015,5,104,A Guide to Discerning People's Willingness to Grow,How do you tell whether somebody is ready to change?,3749
015-105,015,5,105,The Seven Common Types of Disconnected Relationships,What does a disconnected relationship look like?,5481
015-106,015,5,106,Dependency Vs. Co-Dependency-Based Relationships,When does relying on somebody become unhealthy?,2360
015-107,015,5,107,A Guide to Identifying Your Relationship 'Legacy' Habits,Where did your reactions actually come from?,4003
015-108,015,5,108,Exercise: Honest Self-Evaluation and Examination,How honest can you be about yourself?,889
015-109,015,5,109,A Guide to Becoming More Influential in Your Communicating,"Should you tell somebody what to do, or help them work it out?",2079
015-110,015,5,110,The Four-Stage Process of Interpersonal Misinterpretation,Where exactly does a message get distorted?,1473
015-111,015,5,111,Self-Evaluation & Examination (Self-Reflection Exercise 1),How well do you actually communicate?,1450
015-112,015,5,112,Self-Reflection: The Five Degrees of Self-Reflecting,How deep does self-reflection go?,1813
015-113,015,5,113,11 Principles for Building Conflict-Free Connections,"How healthy are your relationships, honestly?",4323
015-114,015,5,114,A Practical Guide to Becoming Mindful With Your Speech,What do your words reveal about you?,1998
015-115,015,5,115,Learning How to Listen Mindfully (and Hear!),What is the difference between hearing and listening well?,3116
015-116,015,5,116,People Skills: Essential Skills for Developing Rapport,What happens when you tell somebody how you are experiencing them?,2527
015-117,015,5,117,Conversation Demonstration: Rapport Building Skills,What do rapport-building skills look like in a real conversation?,4002
015-118,015,5,118,Exercise: Relationships Self-Examination (Part 2),Why do you do the good things you do?,621
015-119,015,5,119,The 'Super Weird' Victim -Vs- Healer Relationship Dynamic,Which role do you play when a relationship goes wrong?,2941
015-120,015,5,120,The Differences Between Forgiveness and Unforgiveness,Who does forgiveness actually benefit?,2639
015-121,015,5,121,Selfish Ego Vs. Selfless Love: A Comparison,"Do you love the person, or are you attached to them?",2666
015-122,015,5,122,Developing Reference (a Deep Love) for the Truth,What does it mean to love the truth?,6026
015-123,015,5,123,Closing Thoughts and the End of Course Summary,What do you take with you when the course ends?,1875
015-124,015,5,124,Suggestions for your Ongoing Future Studies,Where should your practice go from here?,2938
016-001,016,1,1,Getting Started: Course Introductions Video,"What does a mindfulness course actually teach you, and how should you approach it?",3790
016-002,016,1,2,Envisioning the 'Mindfully Self-Aware' Human Being,What does it mean to be fully alive rather than merely existing?,2543
016-003,016,1,3,The Mindfulness 'Full-Cycle' Model for Self-Awareness,How do you get to know yourself well enough to actually be yourself?,3936
016-004,016,1,4,Contrastive Analysis: Conscious Awareness Vs. Autopilot,"Are you living by conscious choice, or running on autopilot?",1878
016-005,016,1,5,The Endless Spiral of Self-Awareness (and Over-Thinking),When does self-reflection stop helping and start harming?,1550
016-006,016,1,6,Growing in Self-Awareness' Downloadable Resource,"What is the Growing in Self-Awareness resource, and how do you use it?",286
016-007,016,1,7,"Understanding Mindlessness, Immobility and Self-Sabotage",How do your own thoughts end up working against your goals?,2471
016-008,016,1,8,The Four Primary States of Human Self-Consciousness,What are the four attitudes people take towards their own lives?,2874
016-009,016,1,9,The 7 Roadblocks to Personal Growth and Improvement,What stops people growing when the ability is already there?,2761
016-010,016,1,10,The Nine Fundamental Attitudes of Mindfulness (Part 1),Which attitudes does a mindfulness practice actually rest on?,4291
016-011,016,1,11,The Nine Fundamental Attitudes of Mindfulness (Part 2),What are the remaining attitudes that mindfulness practice depends on?,4797
016-012,016,1,12,A Contrastive Analysis: Mindfulness Versus. Meditation,What is the difference between mindfulness and meditation?,2942
016-013,016,1,13,Debunking the Common Myths About Mindfulness,What do people commonly get wrong about mindfulness?,1167
016-014,016,1,14,The 7 Stages of Mindful Evolution (and Enlightenment),What stages does a person move through as awareness deepens?,3672
016-015,016,1,15,Self-Reflection Exercise: Thought-Provoking Questions,How do you reflect on yourself in a way that actually produces insight?,1330
016-016,016,1,16,Ten 'Self-Reflection Worthy' Truths of Mindfulness,"What is truth, and why does reflecting on it change what you understand?",3091
016-017,016,1,17,End of Section One Check-In: Your Learning Evaluation,How much of the first section has actually landed?,750
016-018,016,2,18,Self-insight: Mastering the Discipline of Looking Within,Where do the answers about your own life actually come from?,1058
016-019,016,2,19,The Trinity of Human Experientialism (Human Design),What are the three components that make up a human being?,3601
016-020,016,2,20,Mindful Awareness: Introducing the 'Wise' Mind Model,How do you make decisions that are both reasoned and true to what you feel?,3001
016-021,016,2,21,A Process for Effective Mind Management (and Discipline),How do you bring yourself back to the present when your thinking is scattered?,1334
016-022,016,2,22,A Step-by-Step Guide to Overcoming Distraction,"Why is it so hard to concentrate, and what can you do about it?",1656
016-023,016,2,23,A Contemplation of the Mind (Big Picture Thinking),What is the difference between your brain and your mind?,3760
016-024,016,2,24,Ground Conditions of the Human Heart (Openness to Truth),What determines whether a person is open to growth or closed to it?,4645
016-025,016,2,25,Who Are You? A Guide to Owning an Accurate Self-Identity,Are you more than the labels you have already accepted about yourself?,3989
016-026,016,2,26,Knowing Thyself: A Guide to Accurate Self-Identification,What does it actually mean to know yourself?,4462
016-027,016,2,27,Create an Accurate Persona: Self-Examination Exercise,How honestly do your actions match the standards you hold yourself to?,1638
016-028,016,2,28,How to Unpack People's Words & Discern Their Meaning,How do you work out what somebody actually means?,4042
016-029,016,2,29,Self-Identification (and Lack of Intentional Definition),"Which labels are you using to describe yourself, and what are they costing you?",2711
016-030,016,2,30,The Actual Self (Now) Vs. The Ideal Self (Future),What is the gap between who you are now and who you want to become?,3056
016-031,016,2,31,How to Evaluate the Fluidity of Your Mindset: Quiz,How healthy is your current mindset?,4446
016-032,016,2,32,Know Thyself: The Road to Insight & Understanding (Part 1),How do the meanings you attached to past events still shape you?,3468
016-033,016,2,33,Exercise: How Present is Your Past in Your Present?,Which stories about your past are still making your decisions for you?,1929
016-034,016,2,34,Know Thyself: The Road to Insight & Understanding (Part 2),Where do your earliest values and beliefs actually come from?,2908
016-035,016,2,35,"Your Past, Present and Future: A Self-Reflection Exercise",How do you use writing to make sense of where you have been and where you are going?,1131
016-036,016,2,36,Frame of Reference: What's Your Unique Reference Point?,What are you measuring your life against?,3564
016-037,016,2,37,End of Section Two Summary and Check-In,What did the second section actually give you?,1131
016-038,016,3,38,The Five Stages of Spiritual (Inner) Growth and Development,What are the stages a person passes through as they grow spiritually?,4400
016-039,016,3,39,Mental Elevation: A Guide to Thinking at a Higher Level,How do you learn to think at a higher level?,3282
016-040,016,3,40,A Guide to Understanding Cognition (+ Emotional Time Travel),How does thinking about the past or the future change how you feel right now?,3970
016-041,016,3,41,Twelve Common Expressions of Mindless Thinking (Part 1),"What is mindless thinking, and how does it get hold of you?",2727
016-042,016,3,42,Twelve Common Expressions of Mindless Thinking (Part 2),Which further patterns of irrational thinking shape the way you act?,2562
016-043,016,3,43,An Introduction to Your Internal (Mental) Adversary (Part 1),What is the cost of the mindset you are currently holding?,2754
016-044,016,3,44,An Introduction to Your Internal (Mental) Adversary (Part 2),How do you catch an impulsive decision before it is made?,3264
016-045,016,3,45,The Differences Between Self-Regulation and Self-Control,What is the difference between self-regulation and self-control?,4618
016-046,016,3,46,The Stress Principle: Stress = Time + Limited Space,"What actually causes stress, and how do you reduce it?",2930
016-047,016,3,47,The Seven Decisions of Maturity and Character,What makes a decision a good one?,4001
016-048,016,3,48,Decisions of Maturity & Character: Self-Reflection Questions,Are your current choices actually taking you where you want to go?,2220
016-049,016,3,49,Questions to Sharpen Your Relationship With Truth,Who is actually responsible for how you feel?,2582
016-050,016,3,50,A Guide to Cultivating a Permanently Inspired Outlook,Why does the same day feel positive to one person and overwhelming to another?,3063
016-051,016,3,51,End of Section Three Summary and Check-In,How much of the third section has taken hold?,1022
016-052,016,3,52,Recommended Reads and Closing Thoughts,What should you read next to build on this course?,4486
017-001,017,1,1,Getting Started: Leadership Course Introduction Video,"What does this leadership course teach, and how is it structured?",1005
017-002,017,1,2,The 3 Categories of Human Observation (Perception),How much of what you see is actually what is there?,2299
017-003,017,1,3,The Discipline of Learning How to Listen Mindfully,How do you actually become aware of what you are thinking?,3101
017-004,017,1,4,Self-Reflection: The Five Degrees of Self-Reflecting,How do you examine your own thinking and behaviour usefully?,1866
017-005,017,1,5,The Basics of Mindfulness: What is It?,"What is mindfulness, and what is it not?",2654
017-006,017,1,6,The 3 Dimensions of Mindfulness (and Self-Awareness),In which areas of life does mindfulness actually operate?,1855
017-007,017,1,7,Self-Knowledge: The Three Personal Culture Zones,How do you move out of a state of constant worry?,2537
017-008,017,1,8,Conscious Awareness Vs. Autopilot (Mindlessness),How much of your daily behaviour is actually chosen?,2516
017-009,017,1,9,Exercise: The Art of Becoming Disciplined in Mindfulness,How do you stay grounded when everything around you is pressured?,1290
017-010,017,1,10,Shifting Focus: A Guide to Overcoming Distraction,Why has staying focused become so difficult?,2909
017-011,017,1,11,Self-Consciousness: The Mindfulness 'Full-Cycle' Model,Do your decisions actually match what you say you want?,3357
017-012,017,1,12,Mindfulness for Positive Intention (Motivational Awareness),What actually motivates the people you lead?,2416
017-013,017,1,13,The Common Factors that Undermine Mindful Awareness,What stops you being properly present with another person?,3308
017-014,017,1,14,The Nine Fundamental Attitudes of Mindfulness,Which attitudes does mindfulness actually ask you to hold?,5461
017-015,017,1,15,A Contemplation of the Mind (Self-Awareness Exercise),How well do you actually understand your own mind?,3569
017-016,017,1,16,The Four States of Consciousness (and Awareness),How does a person's relationship with their own life change over time?,2598
017-017,017,1,17,Self-Consciousness: The Road to Waking Up in Life,What happens when you start to see yourself clearly?,3489
017-018,017,1,18,End of Section One Summary and Check-In,What have you actually taken from the first section?,564
017-019,017,2,19,The Layers of Self-Awareness and Art of Looking Within,Why does thinking harder about a problem often make it worse?,2344
017-020,017,2,20,The Trinity of Human Experientialism (Guide to Being Human),What are the three parts that make up a human being?,3541
017-021,017,2,21,The Five Stages of Spiritual Growth and Development,How does spiritual maturity actually develop?,4377
017-022,017,2,22,The 5 Stages of Self-Awareness (and Self-Knowledge),What are the steps by which a person comes to know themselves?,4848
017-023,017,2,23,The 7 Roadblocks to Personal Growth and Development,What is holding you back that you have not been able to name?,5078
017-024,017,2,24,Self-Reflection Exercise: Questions on Your Past + Future,What have your past experiences actually taught you?,846
017-025,017,2,25,Know Your Mind: The Mindful 'Wise' Mind Model,How do logic and feeling combine into a good decision?,2696
017-026,017,2,26,Who Are You? A Guide to Accurate Self-Identification,What are the different parts that make up your sense of self?,4827
017-027,017,2,27,The Difference Between Our Actual Self and Our Ideal Self,Why does the gap between who you are and who you want to be sometimes help and sometimes hurt?,2123
017-028,017,2,28,Self-Identity & Issues with an Unintentional Definition,Why do so many people define themselves too narrowly?,2350
017-029,017,2,29,Self: The Road to Insight and Self-Understanding (Part 1),Which of your beliefs did you never actually choose?,4237
017-030,017,2,30,Self: The Road to Insight and Self-Understanding (Part 2),How do inherited beliefs keep shaping your decisions today?,3103
017-031,017,2,31,The Life Transitions Curve (Based on Kubler-Ross' Model),What happens emotionally when your life changes significantly?,3447
017-032,017,2,32,The Stress Principle: Stress = Time + Limited Space,Why do pressure and lack of room make everything feel worse?,3053
017-033,017,2,33,"Your Past, Present and Future: A Self-Reflection Exercise",How do you turn what you have learned into something you can see?,1269
017-034,017,2,34,Frame of Reference: What's Your Unique Reference Point?,What do you compare your decisions against?,3965
017-035,017,2,35,A Download: Growing in Self-Awareness Workbook,Are you defining your worth by what you produce?,417
017-036,017,2,36,How You Are You: Understanding Personality Flexibility,"How much of your personality is fixed, and how much can change?",4467
017-037,017,3,37,How to Become Someone Who's Worth Listening To,What makes somebody worth listening to?,3306
017-038,017,3,38,Self-Evaluation & Examination (Self-Reflection Exercise 1),How well do you actually communicate with the people you lead?,1177
017-039,017,3,39,The Four-Stage Process of Interpersonal Misinterpretation,Why do people so often misunderstand what you meant?,2731
017-040,017,3,40,Self-Evaluation & Examination (Self-Reflection Exercise 2),How much of your communication has nothing to do with your words?,1641
017-041,017,3,41,How to Evaluate the Health of Your Communication Style,"Do you instruct too much, or listen too much?",1970
017-042,017,3,42,The 9 Attitudes of Honouring Interpersonal Relationships,Are you undermining people without noticing?,2846
017-043,017,3,43,An Introduction to Your Internal (Mental) Adversary,What is a mindset actually costing you?,5284
017-044,017,3,44,A Practical Guide to Becoming Mindful With Your Speech,What do your words reveal about your intentions?,4613
017-045,017,3,45,A Practical Guide to Building Conflict-Resistant Connections,How do you build relationships that survive conflict?,2665
017-046,017,3,46,End of Section Three Summary and Check-In,What does the third section leave you able to do?,485
017-047,017,3,47,Closing Thoughts & Additional Study Options for You,Where can you take your studies after this course?,2844
018-001,018,1,1,Mental Health Practitioner Course Introduction Video,Why does mental health need to be talked about openly?,1613
018-002,018,1,2,Critical Traits for Continuous Self-Improvement,Who is actually responsible for your mental and emotional well-being?,2278
018-003,018,1,3,The Essentials of Positive Mental Health and Wellness,What does good mental health actually consist of?,2978
018-004,018,1,4,Johari Window: Stepping Out from 'Unawareness' Slavery,What do other people see in you that you cannot see yourself?,3823
018-005,018,1,5,Does Your Childhood Justify Your Attitude?,Do your childhood experiences decide how you behave now?,4123
018-006,018,1,6,Envisioning the Fully Functioning Human Being,What does a fully functioning person look like?,3159
018-007,018,1,7,Life Context: Current Conditions Vs. Ideal Conditions,What is actually stopping you getting from here to where you want to be?,3465
018-008,018,1,8,The Dynamics of Facilitating Positive Change (Part 1),Why do people resist change even when they want it?,4536
018-009,018,1,9,The Dynamics of Facilitating Positive Change (Part 2),How do you help someone adapt to a change they did not choose?,3361
018-010,018,1,10,Attitudes for Drawing Out the Best from People,How do you draw the best out of somebody?,5168
018-011,018,1,11,The Circle of Concern - Vs - Circle of Control,How much of your energy goes on things you cannot change?,3872
018-012,018,1,12,Incorporating New Habits Into Our Lives (for a Better Life),Why is changing a habit so much harder than deciding to change it?,3588
018-013,018,1,13,Developing Social Intelligence (via Maturity and Character),What makes someone good at reading other people?,4518
018-014,018,1,14,The Wise Mind Model for Personal Development,Which part of your mind should be making the decision?,2650
018-015,018,1,15,The Cognitive Psychology (Levels) of Self-Awareness,How many different ways can a person be aware of themselves?,3991
018-016,018,1,16,The Endless Spiral and Layers of Self-Awareness,How do you examine yourself without spiralling?,1545
018-017,018,1,17,The Act of Blowing Life Out of Realistic Proportion,Why do small setbacks sometimes feel enormous?,3434
018-018,018,1,18,The Seven Stages of Personal Maturation (Part 1),What does it actually take to become a better version of yourself?,3835
018-019,018,1,19,The Seven Stages of Personal Maturation (Part 2),How do you keep maturing once the easy changes are made?,2524
018-020,018,1,20,The 'Irresponsibility' (Viscious Circle) Conundrum,Which role do you fall into when a conflict starts?,2154
018-021,018,1,21,A Guide to Building & Maintaining Collaborative Relationships,What makes people work well together?,3292
018-022,018,1,22,End of Section One Summary and Check-In,What has the first section changed in how you see things?,919
018-023,018,2,23,An Introduction to the Human Mind (and Mindset),How much of what you believe can actually be unlearned?,3363
018-024,018,2,24,How to Identify the Cause of Unhelpful Emotional States,Where do your difficult emotions actually come from?,2423
018-025,018,2,25,The Key Differences Between a Fixed and Growth Mindset,What does a fixed mindset cost you without your noticing?,2952
018-026,018,2,26,Conversation About Developing a Growth Mindset,"Can talent actually be developed, or are you born with it?",4164
018-027,018,2,27,A Guide to Understanding Growth and Fixed Mindsets,"Is a mindset something you have, or something you are currently in?",4302
018-028,018,2,28,Cognition: Expanding Your Cognitive Capacity,How do you get better at thinking?,1865
018-029,018,2,29,Mental Model: The CBT Communication Framework,How does understanding your own thinking improve how you communicate?,2623
018-030,018,2,30,Internalisation: Dissecting the Typical Human Experience,How much of your experience happens where nobody can see it?,2975
018-031,018,2,31,Thinking Styles: The Patterns of Deductive Thinking,Why does your reasoning sometimes lead you somewhere false?,5712
018-032,018,2,32,Patterns of Deductive Thinking: Further Distinctions,What does it cost you to leave an unhelpful thinking pattern alone?,3194
018-033,018,2,33,Eight Questions for Developing Wise Reasoning Skills,How do you tell whether your own thinking is reliable?,2112
018-034,018,2,34,Demonstration: Questions for Nurturing Wise Reasoning Skills,What happens when you question what you already believe?,3978
018-035,018,2,35,A Guide to Understanding the Human Emotional Experience,Why does where your mind wanders change how you feel?,3344
018-036,018,2,36,The Battlefield of the Mind (The Brain Vs. The Mind),Where do large conflicts actually begin?,4918
018-037,018,2,37,Introduction to Reason-Oriented Questioning (Socratic),Is asking a good question a skill you have actually learned?,1373
018-038,018,2,38,Conversation Demonstration: Socratic Questioning in Action,What does Socratic questioning look like in a real conversation?,2737
018-039,018,2,39,A Model for Reprogramming Unhelpful Thinking Habits,How do you replace a thinking habit that is holding you back?,1101
018-040,018,2,40,Mind Disciplines: The Principle of Cause and Effect,How much of your situation follows from your own choices?,1272
018-041,018,2,41,Demonstration: The Cause and Effect Questioning Framework,How do you take somebody through the cause and effect framework?,1938
018-042,018,2,42,The Art of Getting 'OK' with Truth Statements,How honest are you willing to be about why you have not got there yet?,1287
018-043,018,2,43,End of Section Two Summary and Check-In,How much of sections one and two can you actually apply?,611
018-044,018,3,44,Introducing the Psychology of Mental Health and Wellness,What does it mean to thrive mentally rather than just cope?,1562
018-045,018,3,45,A Practical Guide for Accurate Self-Identification,What do the labels you use actually do to the people wearing them?,5694
018-046,018,3,46,The Characteristics of a Fully Functioning Person,What do people who are functioning well have in common?,5664
018-047,018,3,47,The Fully Functioning Person (A Humble Dialogue),What does becoming a fully functioning person involve in practice?,3729
018-048,018,3,48,Motivation: Abraham Maslow's Hierarchy of Needs,"What drives human behaviour, and in what order?",2981
018-049,018,3,49,The Ten Characteristics of a Self-Actualized Person,What did Abraham Maslow say a self-actualised person looks like?,5301
018-050,018,3,50,Self-Reflection Exercise: How Self-Actualised Are You?,How close are you to realising what you are capable of?,1514
018-051,018,3,51,Dialogue On the Process of Becoming Self-Actualised (Part 1),What does it mean to become the best version of yourself?,3412
018-052,018,3,52,Dialogue on the Process of Becoming Self-Actualised (Part 2),How does self-actualisation show up in everyday decisions?,3424
018-053,018,3,53,Dialogue on the Process of Becoming Self-Actualised (Part 3),What holds a person back from realising their capabilities?,3503
018-054,018,3,54,Sigmund Freud's Iceberg Model of Human Consciousness,How much of your mind are you actually aware of?,3491
018-055,018,3,55,Milton H. Erickson and the Minds 'Critical Factor',What stops a new idea getting through to you?,4013
018-056,018,3,56,Sigmund Freud's Defence Mechanisms Theory (Part 1),How does your mind protect you from thoughts you would rather not have?,3844
018-057,018,3,57,Sigmund Freud's Defence Mechanisms Theory (Part 2),Which defence mechanisms are operating in you without your knowing?,2501
018-058,018,3,58,A Guide to Exploring Your Own Defence Mechanisms,Are your coping strategies still helping you?,476
018-059,018,3,59,Discussion: Honestly Exploring Defence Mechanisms (Part 1),What does it look like to admit your own defences honestly?,3001
018-060,018,3,60,Discussion: Honestly Exploring Defence Mechanisms (Part 2),How do your defences shape the way you treat other people?,3383
018-061,018,3,61,Discussion: Honestly Exploring Defence Mechanisms (Part 3),What changes once you can see your own defences clearly?,1961
018-062,018,3,62,Understanding Behaviour: William Glasser's Choice Theory,How much of another person's behaviour can you actually control?,4382
018-063,018,3,63,John Locke: How Human Beliefs come Into Existence,Where did your beliefs actually come from?,1866
018-064,018,3,64,The Difference Between Perception and Reality (Truth),Is what you perceive the same as what is actually there?,3634
018-065,018,3,65,Assumptions: The Killer of All Human Connectedness,How much damage does an assumption do?,3597
018-066,018,3,66,A Guide to Progression & Becoming Elevated in Thought,Why does your mind default to expecting the worst?,2959
018-067,018,3,67,The Beliefs that Bind People to Disempowerment (Part 1),Which beliefs are quietly holding you back?,3302
018-068,018,3,68,The Beliefs that Bind People to Disempowerment (Part 2),How do you actually replace a belief that limits you?,3110
018-069,018,3,69,Six Keys to Establishing a Meaningful Direction for Life,What gives a life its direction?,4697
018-070,018,3,70,End of Section Three Summary and Check-In,What have all three sections added up to?,735
018-071,018,4,71,Inner Gold: The Source of Unlimited Human Potential,What actually limits what a person can achieve?,1127
018-072,018,4,72,Solid Grounds for Defining 'the Self' (and YOURself),How do you define who you are with any accuracy?,3363
018-073,018,4,73,The Discipline of Making Peace with Who We Are,What does it take to be at peace with who you are?,3087
018-074,018,4,74,The Element: How Finding Your Passion Changes Everything,What happens when someone recognises your talent before you do?,1612
018-075,018,4,75,"A Discussion: Identity in Virtues, Never by Nouns!",Should you identify with what you do or with who you are?,4445
018-076,018,4,76,Identifying in Virtue and Opportunity (Part 1),Why are people drawn to those of good character?,3398
018-077,018,4,77,Identifying in Virtue and Opportunity (Part 2),What does a life grounded in virtue actually look like?,3625
018-078,018,4,78,The Core Identity Model (for Healthy Self-Identification),What is a reliable foundation for knowing who you are?,3760
018-079,018,4,79,Questions for Self-Reflection and Further Insight,Where are you actually struggling most?,1579
018-080,018,4,80,Why Some People are Against Your Personal Growth,Who benefits from you staying unwell?,4057
018-081,018,4,81,Have You Ever Wondered If You Are 'Good Enough'?,What does success actually mean?,3465
018-082,018,4,82,The 7 Choices that Lead to Maturity and Character,How much does a single decision shape what comes next?,5769
018-083,018,4,83,Choices of Maturity and Character: Honest Self-Evaluation,What legacy are your current choices actually building?,2001
018-084,018,4,84,The 4 Key Stages of Progression and Personal Growth,Which stage of life are you currently in?,3684
018-085,018,4,85,End of Section Four Summary and Check-In,What has the fourth section given you to work with?,737
018-086,018,5,86,Principles for Healthy and Successful Relationships (Part 1),"How healthy are your relationships, honestly?",3505
018-087,018,5,87,Principles for Healthy and Successful Relationships (Part 2),What are you contributing to the relationships that are not working?,3971
018-088,018,5,88,Principles for Building Conflict-Resistant Connections,How do you build a relationship that disagreement cannot break?,5340
018-089,018,5,89,How to Become Someone That Other People Confide In,What makes someone feel safe enough to tell you the truth?,3077
018-090,018,5,90,11 Factors that Undermine Relationship Health (Part 1),How do you actually show up for the people in your life?,3912
018-091,018,5,91,11 Factors that Undermine Relationship Health (Part 2),What are the remaining habits that erode a relationship?,4144
018-092,018,5,92,A Guide to Reprogramming Your Mind Beyond Biases,Which of your own prejudices have you never examined?,3261
018-093,018,5,93,Interpersonal Effectiveness and the Story of Plato's Cave,Why will some people never accept a new perspective?,1983
018-094,018,5,94,Triangulation and Stephen Karpman's 'Drama' Triangle,How do conflicts keep repeating in the same shape?,1941
018-095,018,5,95,A Guide to Self-Awareness: How Present is Your Past?,How much of your past is still running your present?,2040
018-096,018,5,96,The 'Empowerment' Dynamic (to Counteract the Drama Triangle),"What replaces the victim, persecutor and rescuer roles?",2419
018-097,018,5,97,"People Types, Maturity Levels and Consequences",Does everybody actually want to grow?,3729
018-098,018,5,98,The Prerequisites of Becoming Positively Influential,"Who deserves your time, and who does not?",3436
018-099,018,5,99,Family Dynamics: Virginia Satir's Foundational Assumptions,How much can a person change once their past is fixed?,4111
018-100,018,5,100,Behaviours that Cause Conflict in Relationships (Part 1),Which attitudes are actually causing the conflict in your family?,2536
018-101,018,5,101,Behaviours that Cause Conflict in Relationships (Part 2),How do you resolve a conflict that keeps coming back?,3077
018-102,018,5,102,The Characteristics and Attributes of a 'Leveller',How do you stay calm and clear when tension is high?,3309
018-103,018,5,103,The Seven Pillars of Healthy Relationships,What actually makes a relationship healthy?,3103
018-104,018,5,104,The 8 Stages of Connection in Mature Relationships,How does a relationship deepen over time?,2740
018-105,018,5,105,How Tension Never Needs to Be a 'Bad' Thing,Can stress ever be good for you?,3336
018-106,018,5,106,End of Section Five Summary and Check-In,How does what you have learned connect to your own life?,625
018-107,018,6,107,Channelling Our Focus onto Positively Framed Goals,Does the wording of a goal change whether you reach it?,2217
018-108,018,6,108,The Accountability Ladder: Where Do you Stand?,"Do you take responsibility, or find somewhere to put the blame?",2225
018-109,018,6,109,In*flu*ence: How to Achieve Anything in the World,What actually separates people who achieve things from people who do not?,2316
018-110,018,6,110,The Twelve Roadblocks to Influential Communication,Why does helpful advice sometimes make things worse?,5542
018-111,018,6,111,People Skills: Essential Skills for Developing Rapport,Should you tell someone how they are affecting you as it happens?,4566
018-112,018,6,112,Demonstration: Understand Immediacy in Action,What does immediacy look like when it is actually used?,3642
018-113,018,6,113,The Art and Power of S.I.L.E.N.C.E,What would you gain from more quiet in your day?,no speech
018-114,018,6,114,The Four Primary Categories of Communication,What kind of conversation are you actually having?,1535
018-115,018,6,115,The Life Balance Workbook (Download a Copy),How do you tell whether your life is actually in balance?,1058
018-116,018,6,116,Goal Types: A Model for Highly-Productive Goal Setting,Do your daily efforts actually point anywhere?,3378
018-117,018,6,117,How to Sett and Establish Positively Framed Goals,Are you aiming away from failure or towards success?,2307
018-118,018,6,118,The Freedom Vs. Security Conundrum (Risk Vs. Safety),"What are you free from, and what are you protecting?",1743
018-119,018,6,119,Ten Possible Options for Addressing Life's Problems,Is what you are facing a problem or a tension?,2497
018-120,018,6,120,Become a Problem-Solver with Solution-Oriented Questioning,How do you get your mind working on solutions instead of problems?,2086
018-121,018,6,121,The Five E's for Highly Effective Problem Solving,Is this person actually ready to change?,2561
018-122,018,6,122,Demonstration: Moving People from Problem to Solution,How do you move someone from a problem to a solution?,2833
018-123,018,6,123,End of Section Six Summary and Check-In,How do the ideas across this course fit together?,936
018-124,018,7,124,The Five Most Common Expressions of Skilled Helping,"What is the difference between coaching, mentoring and counselling?",2420
018-125,018,7,125,Gerard Egan's 3-Stage Skilled Helper Model,How do you structure a conversation that actually helps somebody?,2244
018-126,018,7,126,Demonstration: The Skilled Helper Model in Action,What does the Skilled Helper Model look like in practice?,3424
018-127,018,7,127,The Operation P.E.T.E. Worldwide Coaching Initiative,How does your own growth end up affecting other people?,5143
018-128,018,7,128,The Essential Traits of Positive Mental Health,Which traits keep a person mentally healthy over time?,859
018-129,018,7,129,For Your Ongoing Studies: Recommended Reading List,What should you read to take this further?,1386
018-130,018,7,130,Closing Thoughts and End-of-Course Summary,What happens after the course finishes?,2616
019-001,019,1,1,Welcome to the Emotional IQ and Assertiveness Masterclass,"What does this masterclass teach, and what will it change?",2438
019-002,019,1,2,Understanding the Importance of Your Mindset,How much does your mindset decide what happens to you?,1130
019-003,019,1,3,The Four Categories of People (and Mindset),How much of your life is decided by your attitude?,2508
019-004,019,1,4,Personal Growth: The Natural Order of Things,What does authentic confidence actually look like?,3881
019-005,019,1,5,Life Happens: The 4 Main States of Consciousness,What are the different levels of human awareness?,3019
019-006,019,1,6,The Eight Main Categories of Confidence (Part 1),What does it actually mean to be confident?,2679
019-007,019,1,7,The Eight Main Categories of Confidence (Part 2),Which kind of confidence do all the others depend on?,2283
019-008,019,1,8,The Roadblocks That Undermine Personal Growth,Which barrier is holding you back without your knowing?,3802
019-009,019,1,9,Comparison Thinking and the Self-Comparison Trap,What does comparing yourself to other people cost you?,2794
019-010,019,1,10,The Psychology and Stages of Self-Awareness,What do you actually need to know about yourself?,5428
019-011,019,1,11,The Five Degrees of Healthy Self-Reflecting,How do you examine yourself constructively?,3252
019-012,019,1,12,Putting Principles Into Practice: Self-Reflection Questions,What have you actually taken from the course so far?,2107
019-013,019,1,13,Unpack and Understand Your Emotional Experiences,Where do your emotions actually come from?,3426
019-014,019,1,14,Comparing the 'Actual Self' and the 'Ideal Self',What do you do when the gap feels too big to cross?,3515
019-015,019,1,15,The Psychological Journey of Change and Transition,What are the stages people move through when life changes?,3202
019-016,019,1,16,End of Section One Check-In,What did the first section actually leave you with?,577
019-017,019,2,17,Wisdom From Across the Ages: The Unexamined Life,Why is an unexamined life not worth living?,4107
019-018,019,2,18,The 3 Dimensions of Your Everyday Experience (Part 1),How many different dimensions is your daily experience made of?,2467
019-019,019,2,19,The 3 Dimensions of Your Everyday Experience (Part 2),How do the models of self-understanding apply to your own life?,3087
019-020,019,2,20,Four Ground Conditions of the Human Heart,How receptive are you actually to change?,1983
019-021,019,2,21,An Exploration of Self-Sabotage and Self-Categorisation,What is a label actually costing you?,2578
019-022,019,2,22,Self: The Road to Insight and Self-Understanding,How well do you actually understand how your mind works?,5562
019-023,019,2,23,How to Identify Your Relationship 'Legacy' Habits,What did you inherit that you are now passing on?,3371
019-024,019,2,24,Homework Assignment: Self-Reflection Challenge,What does your own life story actually teach you?,1615
019-025,019,2,25,Know Thyself: A Guide to Accurate Self-Identification,Do the labels you claim online help you or restrict you?,3233
019-026,019,2,26,The Psychology Behind the Flexibility of Your Personality,"Is your personality fixed, or can it change?",3406
019-027,019,2,27,The Self-Awareness Self-Examination Exercise,How do you become an objective judge of your own behaviour?,834
019-028,019,2,28,The Annoying Feeling of Not Being 'Good Enough',Why do you feel like you are not good enough?,2014
019-029,019,2,29,End of Section Two Wrap-Up and Check-In,How firmly has the second section actually settled?,637
019-030,019,3,30,Imagining the Ideal of a Fully Realised Human Being,Who decides what you believe to be true?,2877
019-031,019,3,31,Evaluate Your Mindset: Is it Fixed or Growth-Oriented?,Is your mindset carrying you forward or holding you back?,1963
019-032,019,3,32,A Contrastive Analysis: The Fixed and Growth Mindsets,What separates a growth mindset from a fixed one?,2655
019-033,019,3,33,Unlocking the Mind: The Fixed Human Mindset,What does a fixed mindset make you spend your energy on?,2178
019-034,019,3,34,Unlocking the Mind: The Growth Human Mindset,How much of what you believe and feel is actually chosen?,2150
019-035,019,3,35,How to Upgrade the Calibre of Your Thinking (Part 1),What is your default way of thinking costing you?,2549
019-036,019,3,36,How to Upgrade the Calibre of Your Thinking (Part 2),How do you actually change the way you think?,3460
019-037,019,3,37,The Seven Decisions of Maturity and Character,What are you giving up every time you choose something?,2989
019-038,019,3,38,Decisions of Maturity & Character: Self-Reflection Questions,Do your choices actually match what you say you value?,1293
019-039,019,3,39,A Simple Process for Levelling-Up Your Whole Life,What are you settling for that is keeping you from something better?,1866
019-040,019,3,40,Ten Approaches to Addressing Life's Problems,How should you actually handle the problems life brings?,1353
019-041,019,3,41,The Rules For a Lifelong Journey of Personal Growth,What does lifelong personal growth actually require?,4186
019-042,019,3,42,End of Course Check-In and Closing Thoughts,What comes next now the course is finished?,2434
020-001,020,1,1,Welcome to the Authentic Confidence Masterclass,What is confidence actually built on?,2064
020-002,020,1,2,Critical Traits for Continuous Personal Growth,What does confidence need in order to be useful?,2564
020-003,020,1,3,Crystallised Thinking Versus Fluid Intelligence,How rigid are your beliefs about what you can do?,4240
020-004,020,1,4,Differentiating Between Your 'Actual Self' and 'Ideal Self',How far apart are the person you are and the person you want to be?,2984
020-005,020,1,5,A Model for Self-Awareness & Personal Growth,Why is it so hard to hear something true about yourself?,2092
020-006,020,1,6,The Eight Different Categories of Confidence,Can confidence really be built in five simple steps?,4986
020-007,020,1,7,Ulric Neisser's Levels of Awareness (and Self-Knowledge),In how many different ways do you know yourself?,3543
020-008,020,1,8,Assessing Self-Awareness: How Self Aware Are You?,"How self-aware are you, actually?",3290
020-009,020,1,9,Concept: Ideas Are The Birth of All Knowledge,Where do ideas actually come from?,2710
020-010,020,1,10,The Human Experience: How We Interpret Life,Does what happens to you carry any meaning of its own?,4131
020-011,020,1,11,The Four States of Human Consciousness,What does freedom actually depend on?,4399
020-012,020,1,12,General Attitudes for Ongoing Self-Improvement,What did your education never teach you?,3988
020-013,020,1,13,Perception: The Map Is Not The Territory,How accurate are your beliefs about yourself?,2830
020-014,020,1,14,Reframing: Becoming Elevated In Our Thinking,How does a passing thought become a fixed belief?,2045
020-015,020,1,15,Concern vs. Control: Where to Direct Your Energy,Where should your energy actually go?,4790
020-016,020,1,16,Envisioning the Fully Functioning Human Being,What does a person look like when they are functioning fully?,3086
020-017,020,1,17,End of Section One Check-In,What have you actually absorbed from the first section?,779
020-018,020,2,18,The Factors that Determine How Confident You Are,What actually determines how confident you feel?,3631
020-019,020,2,19,"The Connection Between Thoughts, Actions and Outcomes",How do your thoughts turn into your results?,1094
020-020,020,2,20,The Common Patterns of Destructive Thinking,Which thinking habits are quietly making you anxious?,4435
020-021,020,2,21,Socratic Questions for Stimulating Critical Thinking,How do you challenge a belief without arguing about it?,1229
020-022,020,2,22,A Script for Developing Wise Reasoning Skills,What do you say to yourself when your confidence is low?,1047
020-023,020,2,23,The Pygmalion Effect: Self-Fulfilling Prophecy,Can expecting something make it happen?,2501
020-024,020,2,24,Albert Ellis' Fourteen Insidious Perspectives for Life,Which extreme beliefs are you holding without realising?,4392
020-025,020,2,25,Helpful Questions to Address Insidious Perspectives,Which of your beliefs are limiting what you attempt?,999
020-026,020,2,26,The Road to Self-Knowledge and Self-Understanding,How do the separate events of your life fit together?,4617
020-027,020,2,27,How Does Your Past Shape Your Present?,Does your past have to determine your future?,922
020-028,020,2,28,14 Questions to Enhance Your Self-Awareness,What actually sets you off?,1841
020-029,020,2,29,Self-Assessment: How Do You Evaluate Yourself?,How do you assess yourself without comparing yourself to others?,1430
020-030,020,2,30,Fact: Some People Do Not Want You to Grow,Which relationships are actually holding you back?,1773
020-031,020,2,31,The Seven Types of Disconnected Relationship,Which of your relationships are draining you?,1881
020-032,020,2,32,Triangulation: Disempowerment and Empowerment Dynamics,What keeps the same conflict repeating between people?,2875
020-033,020,2,33,The Hermetic Principles of Self-Mastery,What are the principles behind mastering yourself?,5218
020-034,020,2,34,End of Section Two Check-In,How far has the second section moved you?,586
020-035,020,3,35,The Stages of Life Progression and Personal Growth,Is the drive to improve something you chose?,3592
020-036,020,3,36,Maslow's Hierarchy of Values: What Drives You in Life?,What are you actually committed to?,4704
020-037,020,3,37,Kierkegaard Wisdom: 'To Be The Self Which One Is',What does it cost to be genuinely yourself?,2288
020-038,020,3,38,An Ode to Self-Reflection: How 'Real' Are You?,How well do you actually know what makes you different?,2298
020-039,020,3,39,Core Identity: A Guide to Accurate Self-Identification,What happens when your identity depends on your performance?,2543
020-040,020,3,40,Firm Foundations for Defining Yourself (Authentically),What gets in the way of being honest about who you are?,1906
020-041,020,3,41,The 'How To' of Defining Your True Identity,What makes you distinct from everybody else?,1954
020-042,020,3,42,The Hans Eysenck Model of Personality Flexibility,Are you defining yourself by traits that can change?,3385
020-043,020,3,43,A Guide to Crafting Your Ultimate Life Vision,What do you want to be remembered for?,1681
020-044,020,3,44,Are You 'Good Enough'? (The Good Enough Principle),Why does one failure outweigh all your successes?,2283
020-045,020,3,45,Closing Thoughts and Recommended Reads,What are you taking away from this course?,2765
021-001,021,1,1,Welcome to Master Your Emotions and Revolutionise Your Social Skills,Where does a course on emotions and social skills actually begin?,2655
021-002,021,1,2,The Mindset Continuum & How to Benefit Most From Learning,How do you get real value from a course rather than agreement?,2345
021-003,021,1,3,"Self-Awareness Comes First, Self-Discipline Second",Why does self-discipline depend on self-awareness first?,3242
021-004,021,1,4,Exploring the Three Personal Culture Zones,Which of the three zones are you operating from right now?,3930
021-005,021,1,5,Outputs vs Outcomes: What's the Difference & Why It Matters,What is the difference between finishing something and achieving something?,1250
021-006,021,1,6,The Self-Awareness 'Full Cycle' Model,What structure can you run your own self-reflection through?,1653
021-007,021,1,7,The Three Types of Seeing (Human Observation),What are the three ways of looking at your own life?,1660
021-008,021,1,8,The Five Different Degrees of Self-Reflecting,What happens in the gap between something happening and your response?,2907
021-009,021,1,9,Awareness: Is an Unexamined Life Truly Worth Living?,How much of what you think happened actually happened?,4255
021-010,021,1,10,The Five Different Levels of Human Experience,What are the five parts of your response to any experience?,4834
021-011,021,1,11,The Psychology of Growing in Self-Awareness,How much of your own mind are you actually aware of?,3375
021-012,021,1,12,Delving Deeper into the Mind: Socio-Cultural Learning,Where did your beliefs actually come from?,4592
021-013,021,1,13,The Spectrum of Belief Possibility Spaces,How do you tell a belief from a fact?,5207
021-014,021,1,14,The Seven Stages of Personal Evolution (and Growth),"What does it mean to grow up, if not simply to get older?",4200
021-015,021,1,15,End of Section One Check-In,What should have settled by the end of the first section?,470
021-016,021,2,16,Don't Believe Everything That You Think!,Why do your memories decide how you feel today?,2768
021-017,021,2,17,A Guide to Understanding the Emotional Experience,"How exactly do perception, focus and emotion connect?",3131
021-018,021,2,18,The Twelve Patterns of Unintelligent Thinking,Which patterns of poor thinking are you running without noticing?,4933
021-019,021,2,19,Eight Scientific Strategies to Enhance Critical Thinking,How do you learn to think accurately?,4255
021-020,021,2,20,Head Discipline: Putting Your Thoughts on Trial,How do you check whether a snap judgement is fair?,1001
021-021,021,2,21,Don't Get Caught in the Comparison Trap,Why can your progress not be measured against somebody else's?,2710
021-022,021,2,22,Disempowered and Empowered Relationship Dynamics,Which roles do people take up when conflict enters a relationship?,2860
021-023,021,2,23,How You Are You: The Fluidity of Personality,Can the personality you were born with actually be developed?,5438
021-024,021,2,24,A Guide to Understanding Values (and People): Part 1,"What are values, and why do they explain what people do?",3691
021-025,021,2,25,A Guide to Understanding Values (and People): Part 2,How far do your values reach into the decisions you make daily?,2870
021-026,021,2,26,A Guide to Understanding Your Values: Exercise 1,"Who do you look up to, and what does that reveal?",1154
021-027,021,2,27,A Guide to Understanding Your Values: Exercise 2,Why do you do what you do?,1057
021-028,021,2,28,A Guide to Understanding Your Values: Exercise 3,What do your moments of ease and discomfort reveal about your values?,1104
021-029,021,2,29,End of Section Two Check-In,What is worth resolving before the final section begins?,523
021-030,021,3,30,A Guide to Cultural Competence (Social Effectiveness),Why do you need to understand somebody's culture to connect with them?,3591
021-031,021,3,31,Plato's Cave: A Journey from Illusion to Enlightenment,Why do people resist ideas that would plainly help them?,2285
021-032,021,3,32,Directive and Non-Directive Communication Styles,What makes people push back against being told?,2134
021-033,021,3,33,Six Highly Undermining Communication Styles,Which of your communication habits are quietly costing you credibility?,3956
021-034,021,3,34,The Seven Types of Disconnected Relationships,What does a relationship look like once it has come apart?,4150
021-035,021,3,35,"Dependency, Co-Dependency and Freestanding Relationships",What separates healthy reliance from co-dependency?,2583
021-036,021,3,36,The Four Stages of Human Misinterpretation,At what point does listening actually break down?,4183
021-037,021,3,37,How Strong Are Your Relationships? Self-Reflection Exercise,Which conversational habits of yours are damaging trust?,1371
021-038,021,3,38,A Guide to Cultivating Intentionality in Your Speech,What does it take to be deliberate about what you say?,2075
021-039,021,3,39,Learning to Listen: The Eight Types of Listening,What are the eight distinct types of listening?,3748
021-040,021,3,40,The Power of Immediacy and Skills for Building Rapport,"What is immediacy, and what does it change in a conversation?",3284
021-041,021,3,41,The Power of Immediacy: A Demonstration,What does immediacy look like when somebody actually uses it?,3591
021-042,021,3,42,Wisdom for Building Conflict-Resistant Relationships,How do you build a relationship that survives disagreement?,5549
021-043,021,3,43,Closing Thoughts and Recommended Further Reading,What leaves with you once the course has finished?,2829
022-001,022,1,1,Welcome to the Clarity and Personal Effectiveness Course,What will this course actually leave you able to do?,2638
022-002,022,1,2,A Guide to Understanding What Motivates You in Life,"Do you actually know what drives you, or only that something does?",2986
022-003,022,1,3,How to Maximise Your Learning (for the Rest of Your Life),How do you actually get the most out of a course like this?,3075
022-004,022,1,4,The Difference Between Being Output-Oriented vs. Outcome-Oriented,"Are you busy, or are you effective?",3068
022-005,022,1,5,Understanding What It Means to Make Progress,Does progress always look like a leap forward?,5960
022-006,022,1,6,A (Relatively) Complete Guide to Understanding Yourself,How much of your life is actually shaped by your attitude?,3868
022-007,022,1,7,Knowing Your Zone of Consciousness (and Awareness),Which of the four zones are you operating from right now?,4867
022-008,022,1,8,A Guide to Becoming More Honest with Yourself,How honest are you willing to be about your own part in your results?,3075
022-009,022,1,9,Transitioning From Our Actual Selves to Ideal Selves,How do people actually move through a major life change?,5910
022-010,022,1,10,How to Know and Understand What Motivates You,"What is the difference between a need, a want and a preference?",6298
022-011,022,1,11,The Difference Between Internal and External Motivation,Can buying something ever fill an internal emptiness?,4631
022-012,022,1,12,Exploring the Essence of Our Core Human Values,Why does not knowing your values leave you stuck?,6662
022-013,022,1,13,Connecting the Dots of Our Values: Exercise 1,Who are the people whose example has actually shaped you?,1078
022-014,022,1,14,Connecting the Dots of Our Values: Exercise 2,Why do you actually do what you do?,828
022-015,022,1,15,Connecting the Dots of Our Values: Exercise 3,When do you feel most like yourself?,1624
022-016,022,1,16,End of Section One Check-In,What have you actually taken from this section so far?,585
022-017,022,2,17,The Pathway to Strategic Vision and Execution,What separates strategic thinking from ordinary problem solving?,5683
022-018,022,2,18,The Four Main Stages of Life and Progression,Are you making decisions with the whole of your life in view?,4270
022-019,022,2,19,The Differences Between Creative and Critical Thinking,Do you need creativity or judgement to solve this problem?,2673
022-020,022,2,20,The U.N. Global Goals for Sustainable Development,Where does your own contribution fit into a global goal?,2517
022-021,022,2,21,Breaking Down the Four Different Categories of Ideas,Which kind of idea are you actually holding?,3106
022-022,022,2,22,Pro-Active Goal Setting & Positively Framed Outcomes,Why do negative goals so often fail to motivate?,2588
022-023,022,2,23,A Process for Removing Ambiguity and Vagueness,What does it take to actually get to the bottom of your motivation?,2790
022-024,022,2,24,The Quadrant of Human Agenda: Priorities and Progress,Where is your attention actually pointed?,3099
022-025,022,2,25,Six Principles for Unlocking Your Purpose in Life,What are the six principles behind a purposeful life?,3614
022-026,022,2,26,A Guide to Finding Your Sweet Spot in Life (Ikigai),Do you really need one single purpose?,3397
022-027,022,2,27,Away from Consumption: The Mindset of a Purposeful Life,"Are you living to consume, or to contribute?",2734
022-028,022,2,28,"The World System, Institutions and Societal Structure",What does it take to actually change a system rather than just complain about it?,3423
022-029,022,2,29,Six Perspectives for Personal Reflection and Self-Evolution,How well do you actually know where you currently stand?,2878
022-030,022,2,30,What You Choose Today Influences Your Path Ahead.,What are you quietly trading away with your current choices?,853
022-031,022,2,31,End of Course Summary and Closing Thoughts,What should you actually do with everything this course has covered?,2260
023-001,023,1,1,Welcome to the Goal Setting and Action Planning Masterclass,"What does this masterclass teach, and how should you work through it?",1966
023-002,023,1,2,The Factors That Contribute to Human Motivation,What is actually driving you to set the goals you set?,3115
023-003,023,1,3,Understanding the four Different Types of Goals,"What are the four types of goal, and why does the difference matter?",3450
023-004,023,1,4,A Guide to determining the Effectiveness of Your Efforts,How do you know whether your effort is actually working?,3254
023-005,023,1,5,External Versus Internal Motivations,Are you driven from inside or from outside?,4041
023-006,023,1,6,The Four States of Vision and Contentment,Can you be content and ambitious at the same time?,3133
023-007,023,1,7,The Four Categories of People (and Outlook),Where did your attitude to life actually come from?,3364
023-008,023,1,8,The Circle of Concern - Vs. - Circle of Control,How much of your worry is about things you can actually change?,4827
023-009,023,1,9,The Mindset Factor In Goal Setting Success (Part 1),Why do the same goals keep producing the same results?,4496
023-010,023,1,10,The Mindset Factor In Goal Setting Success (Part 2),What does it take to change how you think about a difficulty?,3726
023-011,023,2,11,The Tarpaulin Principle and Numbering Your Years,What is each stage of your life actually for?,5539
023-012,023,2,12,The Six Keys to Unlocking Your Purpose in Life,How do you work out what your life is actually for?,6027
023-013,023,2,13,The Psychology of Transcending for a Greater Cause,How does a society actually make progress?,2188
023-014,023,2,14,How to Grow in Influence Within the World System,What kind of influence are you actually building?,4285
023-015,023,2,15,Ikigai: For a More Fulfilling and Meaningful Life,Do you really have only one purpose in life?,3409
023-016,023,2,16,Maslow's Needs: Creating a Vision for Purpose in Life,What has to be in place before somebody can pursue their potential?,4504
023-017,023,2,17,A Guide to Unpacking Your Core Values (Part 1),"What are your values, and how would you know?",4201
023-018,023,2,18,A Guide to Unpacking Your Core Values (Part 2),How do your values connect to each other?,2515
023-019,023,2,19,End of Section Two Check-In,What have you actually absorbed from this section so far?,680
023-020,023,3,20,The Four Different Categories of Idea,Which of your ideas is worth acting on?,2777
023-021,023,3,21,Setting Goals and Positively Framed Outcomes (Part 1),Why does a goal phrased as a negative fail?,3994
023-022,023,3,22,"Ideas Come First, Vision Always Comes Second",Can you have a vision before you have had an idea?,4649
023-023,023,3,23,The Trade-Off Between ‘Good’ and ‘Great’,What are you giving up by settling for good?,2336
023-024,023,3,24,The Process of SMART Vision Boarding,Does putting your goals on a wall actually work?,3117
023-025,023,3,25,Setting Goals and Positively Framed Outcomes (Part 2),How specific does a goal need to be?,2335
023-026,023,3,26,"The Head, Heart, and Gut Model for Decision-Making",Which part of you should make the decision?,2484
023-027,023,3,27,The Gibbs Reflective Model,How do you learn something from a mistake rather than just regret it?,3733
023-028,023,3,28,End of Section Three Check-In,What will you actually do with what this course covered?,2884
024-001,024,1,1,Welcome to the Communication Skills Masterclass,What should you expect before starting a course on communication?,3076
024-002,024,1,2,Identifying Your Communication and People Goals,What are you actually trying to achieve when you speak to someone?,3225
024-003,024,1,3,The Foundational Assumptions of Communication (Part 1),What is the real measure of how well you communicate?,3147
024-004,024,1,4,The Foundational Assumptions of Communication (Part 2),"Is there a correct way to communicate, or only a more honest one?",2840
024-005,024,1,5,The Art of Communicating From the Heart,"Are you speaking from your head, your heart or your gut?",3028
024-006,024,1,6,The Four Stages of Misinterpretation,At what point does a conversation actually go wrong?,1814
024-007,024,1,7,More Than Words: The Albert Mehrabian Formula,How much of a message do the words themselves actually carry?,2888
024-008,024,1,8,Communication Foundations: 9 Types of Listening,Why is listening counted as half of all communication?,3859
024-009,024,1,9,Foundations: Further Distinctions on Discriminative Listening,What happens when you listen to the words instead of the person?,499
024-010,024,1,10,Core Conditions for Respectful Communicating,What did Carl Rogers say a person needs in order to grow?,3160
024-011,024,1,11,Demonstration: The Core Conditions for Respectful Communicating,"What do empathy, genuineness and positive regard look like in practice?",2396
024-012,024,1,12,The Nine Attitudes of Unconditional Positive Regard,What makes someone judge a situation before they have understood it?,5087
024-013,024,1,13,The Four Basic Styles of Verbal Communication,"What separates dialogue from discourse, debate and diatribe?",3322
024-014,024,1,14,The Prerequisites of Positive Social Influence,What has to be in place before you can influence anyone for the better?,3630
024-015,024,1,15,The Pre-Communicating 'Full Cycle' Model,What is worth doing before you open your mouth?,3137
024-016,024,1,16,Six Factors that Undermine Relational Connecting,What quietly damages a connection while both people are still being polite?,3776
024-017,024,1,17,End of Section One Check-In,How do you make the first section's ideas stick?,492
024-018,024,2,18,Is Honesty Always the Best Policy?,What decides whether your words will be received at all?,1612
024-019,024,2,19,The Non-Directiveness of Conversational Influence,Are you steering the conversation or opening it up?,2899
024-020,024,2,20,A Discussion of Directive and Non-Directive Communications,Why does telling someone what to do so reliably shut them down?,2551
024-021,024,2,21,Discernment: The Three Levels of Discerning,How do you read a person accurately without assuming you already know them?,2016
024-022,024,2,22,Heart Conditions: A Basis for Human Receptiveness,Why does the same message land with one person and not another?,2600
024-023,024,2,23,"Reality, Ideology, and Belief Possibility Spaces",Which subjects are most likely to divide a conversation?,2542
024-024,024,2,24,A Discussion about Unpacking the Meaning of Words,Why do two people use the same words and mean different things?,3394
024-025,024,2,25,The Five Primary Communication Styles,Is the way you communicate a fixed trait or a habit?,4547
024-026,024,2,26,The Seven Stages of Human Relationships (Part 1),How does the ego get in the way of a genuine connection?,3318
024-027,024,2,27,The Seven Stages of Human Relationships (Part 2),Why does understanding yourself come before understanding anyone else?,2536
024-028,024,2,28,The Seven Stages of Human Relationships: A Discussion,What changes as a relationship moves from one stage to the next?,3278
024-029,024,2,29,Developing Judgmental Accuracy Through Cognitive Growth,How accurate is your reading of what someone means?,4414
024-030,024,2,30,Reflecting on the Health of Your Tongue,Where do your words actually come from?,4002
024-031,024,2,31,"Reframing Meanings, Perception and Interpretation",How do you change what a difficult situation means to you?,2825
024-032,024,2,32,Demonstration Discussion - The Reframing Game (Part 1),What does reframing look like when two people play with it?,2316
024-033,024,2,33,Demonstration Discussion - The Reframing Game (Part 2),Can a well chosen question open a possibility that a statement cannot?,3161
024-034,024,2,34,The Factors that Undermine Healthy Connecting,What does measuring yourself against other people do to your relationships?,5066
024-035,024,2,35,The Stages of Evolution in all Healthy Relationships,What has to shift for a relationship to genuinely deepen?,4016
024-036,024,2,36,Empowered and Disempowered Relationship Dynamics,Which three roles do people fall into when a relationship turns unhealthy?,2470
024-037,024,2,37,A Guide to Building Conflict-Resistant Connections,How do boundaries make a relationship stronger rather than smaller?,3562
024-038,024,2,38,End of Section Two Check In,How does the second section apply to your own circumstances?,432
024-039,024,3,39,Conversational Metaphors and Vague Ambiguity,Why do preachers and politicians speak in such general terms?,4742
024-040,024,3,40,Representational Systems for Effective Communication,How can you tell the way someone prefers to take in information?,4828
024-041,024,3,41,Communication Skills for Developing Rapport,Should you be aiming to get your communication right every time?,5887
024-042,024,3,42,Demonstration: How to Have a 'Disconnected' Conversation,What does a badly handled conversation actually look like from outside?,979
024-043,024,3,43,Demonstration: Engaging in a Deeply Connected Dialogue,What does active listening look like when you watch it happen?,4276
024-044,024,3,44,Mental Filter: The Interpretational Modelling Process,Why do you remember the one bad moment in an otherwise good exchange?,3426
024-045,024,3,45,Open Questioning for Invoking Dialogue,What do you ask when someone has taken offence at nothing?,4783
024-046,024,3,46,Demonstration: Open Questioning for Invoking Dialogue,How does breaking an idea into smaller pieces help two people agree?,2308
024-047,024,3,47,Milton H. Erickson and the 'CRITICAL' Factor,"What is the critical factor, and why would you want to bypass it?",5925
024-048,024,3,48,"Closing Thoughts, Summary, and Final Communication Principles",What is the most effective way to impress someone?,3771
024-049,024,3,49,Closing Discussion and Curtain Close,Why do so many people speak more openly to a therapist than to those closest to them?,1937
025-001,025,1,1,Welcome to the Training Course and Introductions,"What is hyperfocus, and can it be a skill rather than an accident?",2071
025-002,025,1,2,A Framework for Increased Productivity and Efficiency,Is doing more the same thing as doing it well?,3387
025-003,025,1,3,Defining an Overarching Objective for Life,What are you still emotionally tied to that you need to let go of?,2725
025-004,025,1,4,Charting Your Pathway towards Personal Progression,How do you know if you are still on course towards your own goal?,5047
025-005,025,1,5,The Blocks to Hyper-Personal Efficiency (Part 1),What is actually standing between you and consistent output?,3763
025-006,025,1,6,The Blocks to Hyper-Personal Efficiency (Part 2),What happens once you actually decide to act rather than wait?,3132
025-007,025,1,7,A Basis for Reflective (Wise) Self-Evaluation,How honestly can you actually assess yourself?,3281
025-008,025,1,8,A Practical Guide to Overcoming Distraction (Part 1),What can pinning down a tarpaulin teach you about managing your life?,3348
025-009,025,1,9,A Practical Guide to Overcoming Distraction (Part 2),How do you actually stop getting blown around by whatever comes up?,1853
025-010,025,1,10,Unpacking Your Core and Innermost Values (Part 1),"What are your core values, and how did you come to hold them?",3538
025-011,025,1,11,Unpacking Your Core and Innermost Values (Part 2),How have your values changed as you have grown older?,2821
025-012,025,1,12,The Gibbs Reflective Model,How do you learn something useful from a genuinely bad experience?,2967
025-013,025,1,13,The Six Keys for Unlocking HYPER-Efficiency,Can real suffering still produce a meaningful life?,4123
025-014,025,1,14,Ikigai: A Purposeful Reason for Your Being,"What is your ikigai, and how do you actually find it?",3661
025-015,025,1,15,A Framework for Defining Inspiring Future Goals,What makes a goal inspiring rather than merely stated?,4411
025-016,025,1,16,Design Thinking: Well-Formed and Specified Goal Setting,How do you actually turn a well planned idea into action?,3925
025-017,025,1,17,The Four Levels of Self-Knowledge and Awareness,"What are the four levels of self-awareness, and which one are you living in?",3169
025-018,025,2,18,The Four States of Vision and Contentment,Is fulfilment the same thing as happiness?,3519
025-019,025,2,19,The Hierarchy of Competency Development (CD),Do you know what you do not yet know?,3781
025-020,025,2,20,Understanding Your Zone (and How to Get Into It),"Which zone are you operating in right now, and is it the right one?",4265
025-021,025,2,21,Context for Being a More Valuable Human (Part 1),"Who you are, how you are, and what you do: are all three aligned?",4122
025-022,025,2,22,Context for Being a More Valuable Human (Part 2),What daily habits are quietly working against your own productivity?,2916
025-023,025,2,23,The Kaizen Model for Continuing Improvement,"Can small, unremarkable steps actually produce lasting change?",3978
025-024,025,2,24,Redesign Your Day for Optimal Balance,Where is your day actually going?,5361
025-025,025,2,25,The Six Principles for Perpetual Personal Proficiency,What can every experience teach you if you are actually paying attention?,2340
025-026,025,2,26,The Difference Between Settling for Good and Striving for Great,When is settling for good actually the wrong call?,2410
025-027,025,2,27,The Stress (and Stress Management) Principle,"What is stress actually doing to you, beyond how it feels?",4247
025-028,025,2,28,Productivity - Vs - Progress - Vs - Personal Leadership,Is being productive the same as making real progress?,3838
025-029,025,2,29,The Alternative Faces of Influential Leadership,What actually makes somebody a leader worth following?,2851
025-030,025,2,30,An Uncommon Blueprint for Financial Excellence,What should your money actually be organised around?,5369
025-031,025,2,31,Understanding Cash Flow: Assets and Liabilities,Do you understand your own cash flow?,4402
025-032,025,2,32,The Simplest Business Planning Model in the World,Does a business plan have to be complicated to be useful?,3596
025-033,025,2,33,Getting Efficient: Six Types of Leverage,"What is leverage, and why does it matter more than effort alone?",5161
025-034,025,2,34,The Seven Projects (Course) Project,What happens when you actually apply what you have learned about money?,1862
025-035,025,2,35,Closing Thoughts and Recommended Reads,"Are you producing outputs, or reaching outcomes?",3107
026-001,026,1,1,Welcome to The Mental Toughness and Inner Resilience Masterclass,What does mental toughness actually mean?,2490
026-002,026,1,2,Conflicting Mindsets: Contribution Versus Consumerism,"Do your beliefs actually belong to you, or were they simply inherited?",3509
026-003,026,1,3,The Journey towards Becoming Unshakeable (Part 1),What does the first stage of becoming unshakeable actually involve?,3375
026-004,026,1,4,The Journey towards Becoming Unshakeable (Part 2),What does the second stage of becoming unshakeable build on?,2459
026-005,026,1,5,Envisioning the Self-Disciplined Human Being,"What does a fully functioning, self-disciplined person actually look like?",4515
026-006,026,1,6,The Consequences of Mind Management and Self-Discipline,What actually makes somebody finally decide to change?,4087
026-007,026,1,7,The Five Degrees of Healthy Self-Reflecting,How honestly can you actually look at your own habits?,4010
026-008,026,1,8,The Roadblocks to Personal Growth and Development,What is actually standing in the way of your own growth?,5450
026-009,026,1,9,The Relationship Between Self-Awareness and Self-Discipline,What is mental toughness actually for?,4188
026-010,026,1,10,Thinking Different: Autopilot Versus Conscious Awareness,"Are you running on autopilot, or actually present?",3243
026-011,026,1,11,A Practical Guide to Overcoming Distraction,What happens to your attention the moment you name a goal?,2815
026-012,026,1,12,Cognition: A Framework for Developing Self-Discipline,How much does a single thought actually shape your life?,3584
026-013,026,1,13,Progress Orientation: Becoming Elevated in Thought,"Are you looking at what happened, or at the same thing everybody else is seeing?",2196
026-014,026,1,14,Mindlessness: The Pattern of Undisciplined Thinking,"Is your own mind working for you, or against you?",4154
026-015,026,2,15,The Seven Stages to Mind Mastery (Part 1),What are the seven stages of actually mastering your mind?,3595
026-016,026,2,16,The Seven Stages to Mind Mastery (Part 2),How do you carry the seven stages of mind mastery all the way through?,2948
026-017,026,2,17,A Model for Mind Management and Forging Self-Discipline,"Should decisions be made with logic, or with feeling?",1732
026-018,026,2,18,Understanding and Overcoming Toxic Thought Habits,Which of your thought habits actually serve you?,2136
026-019,026,2,19,Open and Closed Mindsets: A Contrastive Analysis,"Is your mindset open, or quietly closed?",2429
026-020,026,2,20,Between Stimulus and Response Always Lies a Choice,What actually happens in the gap between something happening and your reaction to it?,3881
026-021,026,2,21,The Opportunity Cost: Comparative Mindsets (Part 1),What are you actually giving up every time you choose something?,4080
026-022,026,2,22,The Opportunity Cost: Comparative Mindsets (Part 2),How does opportunity cost keep quietly shaping your choices day to day?,2900
026-023,026,2,23,Your Mindset: A Self-Reflection Exercise,What have you actually taken from this course so far?,1638
026-024,026,2,24,Counter-Cultural Attitudes Towards Self-Improvement,"Are your beliefs actually facts, or simply ideas you chose to adopt?",2694
026-025,026,2,25,Transitions: Getting with the Process of Change (Part 1),How do you actually move through a difficult transition?,4259
026-026,026,2,26,Transitions: Getting with the Process of Change (Part 2),What does staying with a transition rather than rushing it actually look like?,2618
026-027,026,2,27,End of Section Two Check-In,What have you genuinely learned across this section?,471
026-028,026,3,28,Mindset Flexibility (or Cognitive Fluidity),"How flexible is your attitude actually, once something goes wrong?",3233
026-029,026,3,29,The Circle of Concern - Vs. - Circle of Control,Are you spending your energy on things you can actually change?,3709
026-030,026,3,30,Systems Thinking: Levels of Thinking (Part 1),"How does your mind actually process a problem, step by step?",2657
026-031,026,3,31,Systems Thinking: Levels of Thinking (Part 2),How do you actually apply systems thinking to a real decision?,3133
026-032,026,3,32,Future Orientation: Define Your Unique Reference Point (URP),What is your own fixed point when everything else is moving?,4695
026-033,026,3,33,Personality Fluidity: How Are You You?,Can a personality test actually capture who you are?,4234
026-034,026,3,34,Characteristics of Growth & Decisions of Maturity (Part 1),What are the seven categories of choice that actually build maturity?,3420
026-035,026,3,35,Characteristics of Growth & Decisions of Maturity (Part 2),How do the seven categories of choice actually build maturity in practice?,2419
026-036,026,3,36,Recommended Reads and Closing Thoughts,What should you actually carry forward from this whole course?,4503
027-001,027,1,1,Welcome to The Essential Guide to Marriage and Long-Term Relationships,"What does this course cover, and what makes it different from a typical relationships course?",1341
027-002,027,1,2,The Choice Between Oneness and Division,"Do you and your partner grow together, or apart?",1415
027-003,027,1,3,The Discipline of Fighting For Unity In Relationships,What does it mean to fight for unity rather than to fight your partner?,2557
027-004,027,1,4,"Roles, Responsibilities, Collaboration or Competition",What happens when one of you is putting in more than the other?,2742
027-005,027,1,5,The Impact of Irresponsibility on Long-Term Relationships,Are you still living as though you were single?,2072
027-006,027,1,6,Relationships Grow as the People Within Them Change and Evolve,Should you expect your relationship to stay the same?,3623
027-007,027,1,7,"The Alignment Principle: Two People, Two Paths, One Direction",Do two people have to want the same things to work as a couple?,2725
027-008,027,1,8,The Entitlement Mentality: The Killer of Connection,When did you last thank your partner for something you now expect?,3058
027-009,027,1,9,On What Occasions is Love 'Not Enough'?,Is love on its own enough to keep two people together?,2631
027-010,027,1,10,Can Trouble and Tension Exist in the 'Right' Relationship?,Does conflict mean you are with the wrong person?,3345
027-011,027,1,11,"Fostering a Culture of ""Benefit of the Doubt""",What if you assumed the best of your partner rather than the worst?,3180
027-012,027,1,12,How Forgiveness is the Basis for All Relational Growth,Why does a relationship stall without forgiveness?,4935
027-013,027,1,13,Healthy Heart-to-Heart Communication,What makes a conversation with your partner actually land?,2766
027-014,027,1,14,The Tug-of-War Between Connection and Disconnection,How do two close people slowly drift apart without noticing?,3045
027-015,027,1,15,No Rapport? No Connection. No Relationship!,"What is rapport, and why does a relationship fail without it?",2621
027-016,027,1,16,Transparency and Openness for Relational Connectivity,How honest should you be with your partner when it is uncomfortable?,2407
027-017,027,1,17,How Present are Your Parents,How much is your parents' marriage shaping your own relationship?,2295
027-018,027,1,18,Potential Problems to be Addressed and Handled Wisely,Which conversations have you been avoiding?,3986
027-019,027,1,19,The Collaborative Problem-Solving Process,How do you settle a disagreement without one of you losing?,4593
027-020,027,1,20,The Potential Cost of Taking People for Granted,When did you last notice what your partner actually does?,3850
027-021,027,1,21,Mutual Submission: Foundations for Collaborative Unity,What does submission actually mean between two equals?,3611
027-022,027,1,22,How to Avoid Being a Spectator in Your Relationship,"Are you actively building your relationship, or waiting to see how it turns out?",4058
027-023,027,1,23,Looking Forward and Surviving the Unexpected,How do you survive what you did not plan for?,4209
028-001,028,1,1,Welcome to An Entrepreneur's Guide to Launching a New Business,"What does this masterclass cover, and what do its three key words actually mean?",1092
028-002,028,1,2,First Things First: What Exactly is Entrepreneurship?,"What exactly is entrepreneurship, beyond starting a company?",2577
028-003,028,1,3,The Six Phases of Every Entrepreneur's Journey,What are the six stages an entrepreneur moves through?,2119
028-004,028,1,4,A Conversation about the Entrepreneur's Journey,What do the six stages look like in practice rather than on paper?,2799
028-005,028,1,5,A Fourfold Expression of Innovation (Different Types),"How many different kinds of innovation are there, and how does each create value?",2801
028-006,028,1,6,Some Excellent News for All the Rule Breakers,"Is breaking the rules a flaw in an entrepreneur, or the point of one?",1670
028-007,028,1,7,The Main Advantages of Starting a Business,What do you actually gain by starting a business rather than taking a job?,2354
028-008,028,1,8,The Four Main Categories of Innovative Idea,What kind of idea have you actually had?,2255
028-009,028,1,9,Where do Entrepreneurial Ideas Come From?,Where do the best business ideas actually come from?,3058
028-010,028,1,10,Knowing the Difference Between Assets and Liabilities,What is the real difference between an asset and a liability?,3096
028-011,028,1,11,A Guide to Defining Your Entrepreneurial Vision and Goals,Why is it worth stopping to define your vision before you build anything?,3698
028-012,028,1,12,Ikigai: Finding Your Direction in Life (and Business),How do you find work that is worth doing and can also pay you?,3595
028-013,028,1,13,"Ideas Always Come First, Vision Comes Second","Which comes first, the idea or the vision?",2892
028-014,028,1,14,The General Risks Associated with Entrepreneurship,What are you actually risking when you start a business?,2632
028-015,028,1,15,The Role of Focus and Consistency in Entrepreneurship,Why do some people succeed while others work just as hard and do not?,4036
028-016,028,1,16,Essential Questions for Entrepreneurs to Ask Themselves,What should you ask yourself before committing to working for yourself?,5156
028-017,028,2,17,A Contrastive Analysis: Exploring Fixed and Growth Mindsets,"What is the difference between a fixed and a growth mindset, and why does it matter in business?",4652
028-018,028,2,18,FAQ's: Questions Asked by the Achology Community,What do people most often want to know about starting a business?,5123
028-019,028,2,19,A Guide to Investing Your Time and Energy Wisely,Where should your time and energy actually go?,2882
028-020,028,2,20,"Setting Efficient Business, Partnership and Financial Goals",How do you set goals that survive contact with real life?,3610
028-021,028,2,21,The Four Distinct Categories of Goal (and Objective),How much time should each kind of goal be given?,3190
028-022,028,2,22,A Guide to Setting Positively Framed Business Goals,Why does the wording of a goal change whether you reach it?,3354
028-023,028,2,23,How to Stay Motivated and Drive Your Business,What actually keeps you going when the work stops being enjoyable?,4042
028-024,028,2,24,How to Build Effective Collaborative Relationships,Who should you actually go into partnership with?,2937
028-025,028,2,25,Understanding Motivation: Maslow's Hierarchy of Needs,What does Maslow's hierarchy explain about the people you work with?,5287
028-026,028,2,26,The Eight Primary Domains of Social Influence (and Impact),What separates a business leader who lasts from one who does not?,2177
028-027,028,2,27,Understanding the Importance of a Concise Business Plan,What is a business plan actually for?,5720
028-028,028,2,28,Business Planning Demonstration (Executive Summary),How is an executive summary actually built from a rough idea?,4492
028-029,028,2,29,Business Planning Demonstration (Mission Statement: Pt 1),How do you turn a passionate idea into a mission statement?,4310
028-030,028,2,30,Business Planning Demonstration (Mission Statement: Pt 2),What does a mission statement look like once the questioning is done?,4213
028-031,028,2,31,Business Planning Demonstration (Products & Services),How do you turn a concept into the products and services that will carry it?,4538
028-032,028,2,32,Business Planning Demonstration (The Marketing Plan),What does a marketing plan need to contain to be worth writing?,4842
028-033,028,2,33,Business Planning Demonstration Deconstruction (and Section Wrap-Up),"If there is no written plan at the end, what was the planning for?",1310
028-034,028,3,34,Legal Structures to Know When Starting Up a Business,Which legal structure should a new business be set up under?,2723
028-035,028,3,35,Raising the Capital You Need to Start a New Business,Where does the money to start a business actually come from?,3483
028-036,028,3,36,Good Debt Vs. Bad Debt: What's the Difference?,Is there really such a thing as good debt?,3100
028-037,028,3,37,The Role of Market Research in Business Planning,How much do you need to know about your market before you start?,4352
028-038,028,3,38,An Interview with Kain: The Heart of Entrepreneurship,What is at the heart of being an entrepreneur?,4388
028-039,028,3,39,A Guide to Establishing (and Defining) Your Value Proposition,Why should a customer choose you rather than somebody else?,2379
028-040,028,3,40,Customer Communication Touchpoints (Touchpoint Analysis),Where are your customers actually forming their opinion of you?,4662
028-041,028,3,41,The Key Elements of a Balanced Marketing Strategy,What has to be in a marketing strategy for it to be balanced?,4237
028-042,028,3,42,Thoughts About Improving Customer Service in Your Business,How much does customer service really affect a business?,5478
028-043,028,3,43,Things to Think About When Setting Your Financial Goals,How should a business owner set financial goals?,1278
028-044,028,3,44,What Must Entrepreneurs Know about Financial Statements?,What do the four financial statements each tell you?,3459
028-045,028,3,45,A Guide to Growing in Assets and Reducing Liabilities,How do you build assets rather than accumulate liabilities?,2863
028-046,028,3,46,Principle: Using Leverage to Your Business Advantage,How do you grow a business without simply working longer hours?,3975
028-047,028,3,47,Creating Income in the Early Stages of Business,How do you earn anything in the first year of a business?,2634
028-048,028,3,48,Sustaining Business Efficiency and Effectiveness,What does a business need in place to keep growing over years rather than months?,3325
028-049,028,3,49,The Finite and Infinite Games of Entrepreneurship,Are you playing a finite game or an infinite game in business?,2482
028-050,028,3,50,"Summary, Recommended Reading List and Closing Thoughts",What should you read next?,2244
