id,slug,post_title,old_keyword,new_keyword,new_seo_title,new_seo_description,new_body_html
218,what-is-achology,What is Achology?,what is Achology,what exactly is Achology,What Exactly Is Achology? | Achology,"What exactly is Achology? It is an online applied psychology academy: 28 courses, seven schools, a learning community, and a certification pathway.","So what exactly is Achology? Achology, The Academy of Modern Applied Psychology, is an online applied psychology training academy founded in 2017 and based in Scotland. It teaches practical psychology for personal growth and professional helping work through 28 courses organised across seven schools, a collaborative learning community, and a structured certification pathway. It is an independent education provider registered with the UK Register of Learning Providers; it is not a university, and it is not therapy.
<h2>What Achology teaches</h2>
The curriculum spans seven schools of applied psychology: <a href=""/academy/neuro-linguistic-programming/"">The School of Neuro-Linguistic Programming (NLP)</a>, <a href=""/academy/cognitive-behavioural-psychology/"">The School of Cognitive Behavioural Psychology (CBP)</a>, <a href=""/academy/life-coaching/"">The School of Life Coaching and Professional Helping</a>, <a href=""/academy/person-centred-counselling/"">The School of Person-Centred Counselling and Psychology</a>, <a href=""/academy/mindfulness/"">The School of Mindfulness, Applied Insight and Wisdom (MIW)</a>, The School of Mental Health, Wellness and Emotional Resilience, and The School of Personal Growth and Development (PGD). Each school collects courses in one tradition, from beginner introductions to practitioner-level training, all built around applying psychological insight in real life rather than studying it academically. The full curriculum lives on the <a href=""/courses/"">Achology courses</a> page, and the schools are introduced on the <a href=""/academy/schools/"">Academy schools</a> page.
<h2>The community and how learning works</h2>
Achology's courses sit inside a learning community rather than standing alone. Members practise together through daily live events, peer practice sessions, mentorship groups, and discussion spaces, so the skills taught in the courses are rehearsed with real people rather than only watched on video. <a href=""/membership/"">Achology Membership</a> is the community subscription; every course purchase includes three months of it.
<h2>Who Achology is for</h2>
Achology serves <a href=""https://en.wikipedia.org/wiki/Self-directedness"" target=""_blank"" rel=""noopener"">self-directed</a> learners: people building coaching, mentoring, or helping practices; professionals adding psychological skill to work they already do; and people studying purely for their own growth. There are no entry requirements. Those pursuing recognition can progress through the <a href=""/certification/"">Achology certification pathway</a>, a five-level competency development programme from Achologist to Master Achologist.

<strong>Related questions</strong>
<ul>
 	<li><a href=""/help/curriculum-and-subjects/seven-schools-achology-curriculum-explained/"">What are Achology's seven schools and how do they differ?</a></li>
 	<li><a href=""/help/comparisons-and-alternatives/what-makes-achology-different/"">What makes Achology different from most online learning platforms?</a></li>
 	<li><a href=""/help/achology-basics-and-identity/is-achology-therapy-counselling-or-coaching/"">Is Achology therapy, counselling, or coaching?</a></li>
</ul>"
222,achology-vs-university-psychology,How is Achology's approach different from university psychology programmes?,how is Achology's approach different from university psychology programmes,Achology vs university psychology programmes,Achology vs University Psychology Programmes,"Achology vs university psychology programmes: applied, self-directed learning from $97 versus a regulated academic degree. Here is an honest comparison.","<p>Comparing Achology vs university psychology programmes, how does the approach actually differ? Achology and university psychology programmes are built for different purposes.
A university degree is a regulated academic qualification: three or more years of study, formal entry requirements, tuition typically upwards of £27,000 for a UK undergraduate programme, and the only route into statutory professions such as clinical psychology. Achology is an applied psychology academy: no entry requirements, courses from $97 to $299, and a curriculum built around practical application, personal development, and community practice rather than academic assessment. Neither replaces the other; which is right depends entirely on what you want the education to do.</p>
<h2>What universities offer that Achology does not</h2>
<p>Honesty first. A university programme gives you a recognised academic degree, structured research training, and access to regulated career paths: if your goal is to become a clinical psychologist, a chartered psychologist, or an academic researcher, a university degree is not optional, and Achology is not the right route. Achology is not a university, does not award degrees, and its certifications are educational recognition within its own framework rather than statutory qualifications.</p>
<h2>What Achology offers that universities typically do not</h2>
<p>Achology's differences are real, and they matter for a different kind of learner:</p>
<ul><li><strong><a href=""/policies/accessibility-statement/"">Accessibility</a>.</strong> No entry requirements, applications, or prerequisites; anyone willing to learn thoughtfully and apply it responsibly can start immediately, at a fraction of a degree's cost.
Individual courses run <a href=""/pricing/"">$97 to $299</a>, full school bundles $987 to $1,337, and the <a href=""/access-all-areas/"">Access All Areas</a> Pass, covering all <a href=""/courses/"">28 courses</a>, is $2,995.</li><li><strong>Breadth over specialisation.</strong> The curriculum spans <a href=""/academy/schools/"">seven schools of applied psychology</a> taught as complementary perspectives rather than competing camps, where a degree usually asks you to specialise in one tradition.</li><li><strong>Application from day one.</strong> Teaching centres on using psychological insight in real life and helping work, rather than working through theory and assessment first.</li><li><strong>Learning in community.</strong> Members practise together through daily live events, peer feedback, and mentorship, where much university study is necessarily solitary.</li></ul>
<h2>Which should you choose?</h2>
<p>Choose a university programme if you need a formal qualification, a statutory career route, or research training. Choose Achology if your goal is practical psychological competence for personal growth, coaching, mentoring, leadership, or responsible helping work, and you want to start now without academic gatekeeping or degree-level cost. Many members hold degrees already and use Achology for the applied layer their academic study never covered; others come with no academic background at all. Both are legitimate starting points here.</p>
<p><strong>Related questions</strong></p>
<ul><li><a href=""/help/outcomes-and-expectations/can-achology-replace-university-degrees/"">Can Achology courses replace a university psychology degree?</a></li><li><a href=""/help/comparisons-and-alternatives/achology-certificates-vs-university-degrees/"">How do Achology certificates compare to university psychology degrees?</a></li><li><a href=""/help/achology-basics-and-identity/is-achology-a-university/"">Is Achology a university or degree provider?</a></li><li><a href=""/help/pricing-and-payments/achology-pricing-versus-udemy-universities/"">Why is Achology priced higher than Udemy but lower than universities?</a></li></ul>"
223,transfer-kain-ramsay-udemy-courses-achology,Can I transfer my Kain Ramsay Udemy course to Achology?,can I transfer my Kain Ramsay Udemy course to Achology,transfer Udemy course to Achology,Can You Transfer Udemy Course to Achology?,"No, you cannot transfer Udemy course to Achology. The platforms are separate, with separate accounts and licensing. Here is why, and what to do instead.","<p>So can you transfer Udemy course to Achology access if you already bought a <a href=""/about/instructors/kain-ramsay/"">Kain Ramsay</a> course on Udemy? No. Udemy courses cannot be transferred, credited, or exchanged for Achology access. Udemy and Achology are entirely separate platforms with separate purchases, accounts, and licensing, so what you bought on Udemy stays accessible on Udemy; it simply does not carry over. This page explains why, and what the two actually give you.</p>
<h2>Why a transfer is not possible</h2>
<p>When you buy a course on Udemy, your transaction is with Udemy: they host the content, process the payment, and control access on their platform, with Kain's content licensed to them under their marketplace terms. Achology is a separate organisation with its own platform, purchasing system, and content library. It is like buying a book from one retailer and asking a different retailer to honour the purchase: the author is shared, but the transactions are independent, and neither platform has the contractual or technical basis to recognise the other's sales.</p>
<h2>How the Udemy courses relate to the Achology curriculum</h2>
<p>Kain's Udemy courses fall into two groups:</p>
<ul><li><strong>Earlier, condensed versions of current Achology material.</strong> Some Udemy courses were built for that marketplace's format and are reduced editions of subjects now taught in expanded, regularly updated form inside Achology. If you enjoyed one, the Achology version will feel familiar in its foundations and substantially deeper in practice; you are not paying twice for the same thing.</li><li><strong>Standalone material with no Achology equivalent.</strong> Other Udemy courses cover topics outside the Achology curriculum entirely. If you took one of these, Achology's courses are new ground rather than an expansion of what you studied.</li></ul>
<h2>What Achology offers a Udemy student</h2>
<p>Udemy is a content marketplace: you buy a course and watch it. Achology is an academy and learning community around its <a href=""/courses/"">28 courses</a>, with daily live events, peer practice, mentorship, and a structured continuing professional development (CPD) pathway that a marketplace course cannot provide. If you found Kain's teaching on Udemy and want the full version of that education, the natural next steps are exploring the <a href=""/academy/"">Achology Academy</a> or trying <a href=""/membership/"">Achology Membership</a> at $7 for the first 30 days to experience the community before buying anything.</p>
<p><strong>Related questions</strong></p>
<ul><li><a href=""/help/comparisons-and-alternatives/kain-ramsay-udemy-vs-achology-courses/"">What's the difference between Kain Ramsay's Udemy and Achology courses?</a></li><li><a href=""/help/comparisons-and-alternatives/achology-on-udemy-should-i-join-achology/"">I bought an Achology course on Udemy: should I also join Achology?</a></li><li><a href=""/help/comparisons-and-alternatives/achology-vs-udemy-psychology-courses/"">How does Achology compare to Udemy for psychology courses?</a></li><li><a href=""/help/achology-basics-and-identity/who-is-kain-ramsay/"">Who is Kain Ramsay?</a></li></ul>"
225,achology-lifetime-access-explained,"What does ""lifetime access"" actually mean at Achology?","what does ""lifetime access"" actually mean at Achology",Achology lifetime access policy explained,Achology Lifetime Access Policy Explained,"The Achology lifetime access policy explained: buying a course gives access for as long as you want it, including updates. Membership works differently.","<p>So what does lifetime access actually mean when you buy a course? Here is the Achology lifetime access policy explained plainly: buying an Achology course gives you access to that course for as long as you want it, which can be up to a lifetime. That covers the course itself and every update made to it: improvements appear automatically in your account at no extra cost, and you never buy a course twice to get its current version. <a href=""/membership/"">Achology Membership</a> is different. It is a separate community subscription that lasts while you pay for it, and it is the one thing a course purchase does not give you permanently.</p>
<h2>What course access covers</h2>
<p>Course access applies to individual <a href=""/courses/"">courses</a>, <a href=""/academy/schools/"">school bundles</a>, and the Access All Areas Pass alike. Buy the <a href=""/academy/neuro-linguistic-programming/diploma-modern-applied-psychology/"">Diploma Course in Modern Applied Psychology</a> (DiMAP) at $299 and it stays in your account to study and revisit at your own pace, with no expiry date and no renewal charge. The same holds for a school bundle, such as <a href=""/academy/neuro-linguistic-programming/"">The School of Neuro-Linguistic Programming (NLP)</a> at $1,137, and for the <a href=""/access-all-areas/"">Access All Areas Pass</a> at $2,995, which covers all 28 courses. When a course you own is improved, the updated content replaces the previous version in your account.</p>
<h2>Where membership fits</h2>
<p>Achology Membership is the learning community around the courses: daily live events, peer practice, mentorship groups, and discussion spaces. It runs on subscription because it is a living operation rather than a finished product, at $7 for the first 30 days and then $34.50 per month, or $345 per year. Every course purchase includes 3 months of complimentary membership, which continues automatically at $34.50 per month afterwards unless you cancel; school bundles and the Access All Areas Pass include 12 months.</p>
<h2>What happens when membership ends</h2>
<p>If you cancel your membership or let it lapse, you keep every course you have bought and lose the community features: live events, peer practice, mentorship, and the discussion spaces. Nothing is lost during a gap. You can rejoin at the standard <a href=""/pricing/"">pricing</a> whenever you choose, and your courses are there throughout. Cancelling is done at any time inside the community platform and stops future payments; membership payments already made are not refunded, as set out in the <a href=""/policies/refund-policy/"">Refunds Policy</a>.</p>
<h2>Choosing how to use this</h2>
<p>If the community is central to how you want to learn, the $345 annual membership costs less than twelve monthly payments. If you prefer studying independently, let the included membership lapse and work through your courses alone; the content, and its future updates, stay with you either way.</p>
<p><strong>Related questions</strong></p>
<ul><li><a href=""/help/learning-experience/do-achology-courses-get-updated/"">Do Achology courses get updated?</a></li><li><a href=""/help/membership-and-access/difference-membership-courses-achology/"">What's the difference between Achology membership and courses?</a></li><li><a href=""/help/membership-and-access/share-achology-account-courses/"">Can I share my Achology account or courses with others?</a></li><li><a href=""/help/membership-and-access/platform-changes-course-access-achology/"">What happens to courses if the Achology platform changes?</a></li></ul>"
226,achology-free-trial-introductory-offer,Does Achology offer a free trial or introductory rate?,does Achology offer a free trial or introductory rate,Achology free trial introductory offer,The Achology Free Trial Introductory Offer,Yes. The Achology free trial introductory offer includes a free membership tier plus $7 for the first 30 days of full membership. Here is how each works.,"<p>So what is the Achology free trial introductory offer, and can you try Achology before paying full price? Yes, both. Achology has a free membership tier that costs nothing and needs no card: it gives you the free live events that run Monday to Friday, a discussion forum where you can ask members anything, a coaching board, and quarterly live <a href=""/about/code-of-ethics/"">Code of Ethics</a> training. If you want the full learning community, new members pay an introductory $7 for their first 30 days of Achology Membership, which then continues at the standard $34.50 per month unless cancelled. Between the two, you can experience Achology properly before spending anything at all, or almost nothing.</p>
<h2>The free membership tier</h2>
<p>The free tier is a real membership, not a mailing list. You join the community platform at no cost and take part in the <a href=""/free-events/"">free events</a>, the discussion forum, and the coaching board, where subscribing members offer practice coaching sessions that free members can apply for. It exists so you can see how Achology teaches and how its community works before deciding whether any of it is for you. The free events page is the way in.</p>
<h2>The $7 first month of full membership</h2>
<p>Full <a href=""/membership/"">Achology Membership</a> adds the complete community experience: daily live events, peer practice, mentorship groups, and the member discussion spaces. New members pay $7 for the first 30 days. After that it continues automatically at $34.50 per month, or $345 per year on the annual plan, and you can cancel at any time inside the community platform to stop future payments. Membership payments are not refunded once made, so the honest way to try it is the $7 month itself: a full month of everything, cancellable before the standard rate begins.</p>
<h2>Trying the courses</h2>
<p><a href=""/courses/"">Courses</a> are a separate purchase from membership, and they carry their own safety net: every course, bundle, and the <a href=""/access-all-areas/"">Access All Areas</a> Pass is covered by Achology's 14-day money-back guarantee, in full and with no reason required, as set out in the <a href=""/policies/refund-policy/"">Refunds Policy</a>. Every course purchase also includes 3 months of complimentary membership, which continues at $34.50 per month afterwards unless cancelled. So if you already know which course you want, buying it is itself a low-risk way to start.</p>
<h2>Which way in to choose</h2>
<p>Start free if you are exploring: attend a few live events and read the forum. Take the $7 month when you want the full community. Buy a course under the 14-day guarantee when you have a specific goal. None of these locks you in, and all of them are cancellable or refundable on the terms above.</p>
<p><strong>Related questions</strong></p>
<ul><li><a href=""/help/membership-and-access/what-does-achology-membership-include/"">What does Achology membership include?</a></li><li><a href=""/help/pricing-and-payments/how-much-does-achology-cost/"">How much does Achology cost?</a></li><li><a href=""/help/pricing-and-payments/achology-discounts-sales-promotions/"">Does Achology offer discounts, sales, or promotional offers?</a></li></ul>"
228,hidden-fees-additional-costs-achology,Are there hidden fees or additional costs at Achology?,are there hidden fees or additional costs at Achology,hidden fees or additional costs,Are There Hidden Fees or Additional Costs?,No hidden fees or additional costs at Achology: checkout price is what you pay. The one thing to know: courses include 3 months of membership.,"<p>So are there hidden fees or additional costs at Achology, and is the price at checkout really the price? No. The price you see at checkout is what you pay, in US dollars, and course prices are one-off. There is one thing every buyer should understand rather than discover: every course purchase includes 3 months of complimentary <a href=""/membership/"">Achology Membership</a>, and that membership continues automatically at $34.50 per month after the 3 months unless you cancel it. It is disclosed at purchase and in the <a href=""/policies/refund-policy/"">Refunds Policy</a>, and cancelling it inside the community platform takes a moment, but it is the one recurring charge a course purchase can lead to.</p>
<h2>What a course price includes</h2>
<p>An individual course, priced between $97 and $299, is a single payment for the course and its future updates: improvements appear in your account at no extra cost, and access lasts for as long as you want it. <a href=""/academy/schools/"">School bundles</a>, from $987 to $1,337, include every course in that school plus 12 months of Achology Membership, a $345 value. The <a href=""/access-all-areas/"">Access All Areas Pass</a> at $2,995 includes all 28 <a href=""/courses/"">courses</a> plus 12 months of membership. Full prices for everything live on the <a href=""/pricing/"">pricing page</a>.</p>
<h2>The one recurring charge: membership</h2>
<p>Achology Membership is the only Achology product that renews. The monthly plan is $7 for the first 30 days and then $34.50 per month; the annual plan is $345 per year and renews annually unless cancelled before the renewal date. The included membership that comes with a course behaves the same way once its complimentary period ends. Membership is cancellable at any time to stop future payments, and payments already made are not refunded. If you buy a course and do not want the community, cancel the included membership before its 3 months are up and you will never be charged for it.</p>
<h2>Costs that are not Achology's</h2>
<p>If you pay with a card issued outside the United States, your bank or card provider may convert the currency at its own rate and add a conversion fee. Those are your financial institution's charges, not Achology's: the USD checkout price is what Achology receives.</p>
<p><strong>Related questions</strong></p>
<ul><li><a href=""/help/pricing-and-payments/how-much-does-achology-cost/"">How much does Achology cost?</a></li><li><a href=""/help/pricing-and-payments/achology-payment-methods/"">What payment methods does Achology accept?</a></li><li><a href=""/help/pricing-and-payments/pay-instalments-achology-courses/"">Can I pay for Achology courses in instalments?</a></li></ul>"
229,upgrade-courses-bundle-access-pass,Can I upgrade from individual courses to a bundle or Access All Areas Pass?,can I upgrade from individual courses to a bundle or Access All Areas Pass,upgrade to Achology bundle,How to Upgrade to Achology Bundle Pricing,"There is no automatic button, but you can upgrade to Achology bundle or Access All Areas pricing through support, case by case. Here is how it works.","<p>So if you already own a course or two, can you upgrade to Achology bundle pricing rather than buy twice? There is no automatic upgrade button at checkout, but upgrading is often possible. If you own individual <a href=""/courses/"">courses</a> and want a school bundle or the Access All Areas Pass, contact Achology support through the <a href=""/enquiries/"">enquiries page</a>, list what you already own, and name the bundle or Pass you want. Support reviews requests case by case and may be able to apply the value of previous purchases toward the larger package; credit is not guaranteed and depends on what you bought and when.</p>
<h2>The one ready-made upgrade</h2>
<p>Owners of the <a href=""/academy/neuro-linguistic-programming/diploma-modern-applied-psychology/"">Diploma Course in Modern Applied Psychology</a> (DiMAP) have a dedicated upgrade product: the DiMAP Course Upgrade at $399, which adds 12 months of <a href=""/membership/"">Achology Membership</a> to the diploma. It is purchased directly, with no support request needed.</p>
<h2>Why upgrades run through support</h2>
<p>Every account is different: which courses you own, what you paid, and how much of the bundle or Pass you would be duplicating all vary. Rather than an automated credit formula that would treat those situations identically, a person looks at your account and tells you what an upgrade would cost in your case. When you write in, include the courses you own and roughly when you bought them, and state plainly which package you want to move to; that is everything support needs to give you a clear answer.</p>
<h2>Avoiding the need to upgrade</h2>
<p>If you already know you want depth in one tradition, the arithmetic favours starting with the bundle: the seven <a href=""/academy/schools/"">school bundles</a> run $987 to $1,337 and save 21 to 26 percent against buying their courses individually, and each includes 12 months of Achology Membership. If you want the whole curriculum, the <a href=""/access-all-areas/"">Access All Areas Pass</a> at $2,995 covers all 28 courses at a 43 percent saving. Buying one $149 course to test the water first is a sound approach too; just raise the upgrade question with support before buying several courses separately from the same school.</p>
<p><strong>Related questions</strong></p>
<ul><li><a href=""/help/membership-and-access/achology-access-all-areas-pass/"">What is the Achology Access All Areas Pass?</a></li><li><a href=""/help/membership-and-access/achology-school-bundles-how-they-work/"">What are Achology school bundles and how do they work?</a></li><li><a href=""/help/learning-experience/masterclasses-vs-practitioner-courses-differences/"">What's the difference between Achology Masterclasses and practitioner courses?</a></li></ul>"
230,achology-discounts-sales-promotions,"Does Achology offer discounts, sales, or promotional offers?","does Achology offer discounts, sales, or promotional offers",Achology discounts and sales promotions,Achology Discounts and Sales Promotions Explained,"Achology discounts and sales promotions are mostly built into pricing: bundles save 21 to 26 percent, the Access All Areas Pass saves 43 percent.","<p>So should you wait for Achology discounts and sales promotions, or are they already built into the price? Achology's biggest discounts are permanent and built into how the products are priced, rather than run as sales events. <a href=""/academy/schools/"">School bundles</a> save 21 to 26 percent against buying their <a href=""/courses/"">courses</a> individually. The Access All Areas Pass saves 43 percent against the $5,249 combined value of everything it contains. New members get their first 30 days of <a href=""/membership/"">Achology Membership</a> for $7 instead of $34.50, and the annual membership at $345 costs two months less than paying monthly for a year. Promotional sales beyond these are occasional rather than regular, so the savings above are the ones worth planning around.</p>
<h2>The built-in savings, in order of size</h2>
<p>The <a href=""/access-all-areas/"">Access All Areas Pass</a> at $2,995 is the largest saving: all 28 courses plus 12 months of Achology Membership, 43 percent below their combined value. The seven school bundles, from $987 to $1,337, each collect one school's courses plus 12 months of membership at a 21 to 26 percent saving. On the membership side, the $7 first month lets you try the full community for a month at a fraction of the standard rate, and the $345 annual plan saves $69 against twelve monthly payments. All of this sits permanently on the <a href=""/pricing/"">pricing page</a>; none of it requires a code or a sale window.</p>
<h2>Why pricing works this way</h2>
<p>Platforms that run constant sales tend to inflate their base prices so the discounts look dramatic. Achology prices its products at what they cost all year, which means nobody who bought last week watches this week's sale undercut them, and the saving you get from a bundle or the Pass is real arithmetic rather than theatre. When promotional pricing does run, it is occasional, typically announced by email to the mailing list first, and never something worth delaying a purchase for on speculation.</p>
<h2>Discounts Achology does not offer</h2>
<p>There are no student, senior, loyalty, or referral discounts, and no standing coupon codes; codes found on third-party voucher sites will not work. Everyone pays the same published prices. If you are looking for the lowest-cost way in, that is the free membership tier or the $7 first month, not a hunt for a code.</p>
<p><strong>Related questions</strong></p>
<ul><li><a href=""/help/pricing-and-payments/achology-free-trial-introductory-offer/"">Does Achology offer a free trial or introductory rate?</a></li><li><a href=""/help/membership-and-access/achology-access-all-areas-pass/"">What is the Achology Access All Areas Pass?</a></li><li><a href=""/help/membership-and-access/achology-school-bundles-how-they-work/"">What are Achology school bundles and how do they work?</a></li><li><a href=""/help/achology-basics-and-identity/manipulative-pricing-tactics-achology-avoids/"">What manipulative pricing tactics does Achology deliberately avoid?</a></li></ul>"
232,achology-pricing-versus-udemy-universities,Why is Achology priced higher than Udemy but lower than universities?,why is Achology priced higher than Udemy but lower than universities,Achology pricing vs Udemy universities,Achology Pricing vs Udemy Universities,"Achology pricing vs Udemy universities sits between the two because the models differ: integrated curriculum, live community, no university overhead.","<p>So why does Achology pricing vs Udemy universities sit where it does? Because the three are built to do different jobs, and the price reflects what each takes to run. A marketplace course is a piece of recorded content you study alone, priced accordingly. A university degree is a regulated academic qualification carried by an institution, with the cost that institutions involve. Achology, with <a href=""/courses/"">courses</a> from $97 to $299 and everything up to the $2,995 <a href=""/access-all-areas/"">Access All Areas</a> Pass, sits between them because its model does: deeper and more supported than a standalone course, without the scale, regulation, and overhead of a university.</p>
<h2>What the difference from marketplace pricing pays for</h2>
<p>Udemy and similar marketplaces do their job well: affordable, self-contained courses on almost any topic, often at a fraction of Achology's prices. What their model does not include is what Achology's prices carry. Achology courses are built for depth rather than volume: the <a href=""/academy/neuro-linguistic-programming/diploma-modern-applied-psychology/"">Diploma Course in Modern Applied Psychology</a> (DiMAP) alone holds 51+ hours of teaching.</p>
<p>The <a href=""/academy/schools/"">seven schools</a> are taught as one integrated curriculum rather than unrelated titles. And every course comes with the learning community where daily live events, peer practice, and mentorship run: a living operation with real ongoing costs, which is why it exists as <a href=""/membership/"">Achology Membership</a> rather than inside a one-off content price. If you want a single course on a single topic to study alone, a marketplace serves that well, and more cheaply.</p>
<h2>What the difference from university pricing spares you</h2>
<p>A UK undergraduate psychology degree costs upwards of £27,000 in tuition because it carries things Achology deliberately does not: campuses, research programmes, regulatory compliance, formal assessment, and the institutional machinery behind a recognised academic qualification. Those are real strengths when you need them; a degree remains the only route into regulated professions such as clinical psychology. Achology asks for none of that cost because it offers none of that apparatus: no entry requirements, no multi-year commitment, no academic credential, and a curriculum aimed at practical competence rather than examined theory.</p>
<h2>Reading the price as a signal</h2>
<p>The practical question is not which price is lowest but which job you need done. Study one topic cheaply on your own: a marketplace. A regulated qualification and a statutory career route: a university. Applied psychological skill, practised in community, starting this week from $97: that is the job Achology's pricing reflects, and the <a href=""/pricing/"">pricing page</a> sets out every option.</p>
<p><strong>Related questions</strong></p>
<ul><li><a href=""/help/pricing-and-payments/is-achology-worth-the-money/"">Is Achology worth the money?</a></li><li><a href=""/help/comparisons-and-alternatives/achology-vs-university-psychology/"">How is Achology's approach different from university psychology programmes?</a></li><li><a href=""/help/comparisons-and-alternatives/achology-vs-udemy-psychology-courses/"">How does Achology compare to Udemy for psychology courses?</a></li><li><a href=""/help/pricing-and-payments/achology-anti-gatekeeping-pricing/"">How does Achology's pricing reflect its anti-gatekeeping philosophy?</a></li></ul>"
233,achology-anti-gatekeeping-pricing,How does Achology's pricing reflect its anti-gatekeeping philosophy?,how does Achology's pricing reflect its anti-gatekeeping philosophy,how Achology anti-gatekeeping pricing works,How Achology Anti-Gatekeeping Pricing Works,"How Achology anti-gatekeeping pricing works: no applications, no prerequisites, no loans. Courses run $97 to $299 and anyone can start today.","<p>So how Achology anti-gatekeeping pricing works comes down to one question: what does the <a href=""/pricing/"">pricing</a> say about who Achology thinks should be let in? Achology's pricing is designed so that the only requirement for starting is the decision to learn. There are no applications, entry grades, prerequisites, or selection processes, and the prices are set where a working adult can pay them without a loan: individual <a href=""/courses/"">courses</a> from $97 to $299, <a href=""/academy/schools/"">school bundles</a> from $987 to $1,337, and the whole curriculum through the $2,995 <a href=""/access-all-areas/"">Access All Areas</a> Pass. Anyone willing to learn thoughtfully and apply it responsibly can enrol today, at any age, from anywhere, and that openness is the philosophy the pricing exists to serve.</p>
<h2>The barriers the model removes</h2>
<p>Formal education necessarily asks a lot before teaching begins: qualifying grades, an application process, years of full-time commitment, and tuition that usually means borrowing. Those demands make sense for what a degree is, and they also mean many capable adults never get to study psychology at all. Achology's answer is structural. Fully online, so geography does not decide access. Self-paced, so the education fits around work and family rather than replacing them. Priced in the hundreds rather than the tens of thousands, so the decision is a purchase rather than a debt. And open-entry, because prior academic performance says little about someone's capacity to grow.</p>
<h2>Why accessible is not free</h2>
<p>Achology charges for its education because free would undermine the two things the model depends on. Quality costs money to make and maintain: the courses, the platform, and the daily live community are a real operation, not a content archive. And a price, even a modest one, marks the difference between a decision and a whim; the free membership tier and the $7 first month of <a href=""/membership/"">Achology Membership</a> exist precisely so you can explore seriously before that decision. Accessible means the barrier is low enough for a committed working adult, not that the education costs nothing.</p>
<h2>What anti-gatekeeping does not mean</h2>
<p>Open entry does not mean lowered standards. The courses hold professional depth, the <a href=""/certification/"">certification pathway</a> requires demonstrated competence rather than mere completion, and outcomes still depend on practice and integrity. Achology removes the barriers that decide who may start. What you make of the education after that has never been for sale.</p>
<p><strong>Related questions</strong></p>
<ul><li><a href=""/help/pricing-and-payments/achology-no-transformation-promises/"">Why doesn't Achology promise transformation or guaranteed outcomes?</a></li><li><a href=""/help/pricing-and-payments/achology-pricing-versus-udemy-universities/"">Why is Achology priced higher than Udemy but lower than universities?</a></li><li><a href=""/help/comparisons-and-alternatives/what-makes-achology-different/"">What makes Achology different from most online learning platforms?</a></li><li><a href=""/help/achology-basics-and-identity/manipulative-pricing-tactics-achology-avoids/"">What manipulative pricing tactics does Achology deliberately avoid?</a></li></ul>"
234,achology-no-transformation-promises,Why doesn't Achology promise transformation or guaranteed outcomes?,why doesn't Achology promise transformation or guaranteed outcomes,does Achology promise transformation results,Does Achology Promise Transformation Results?,"Does Achology promise transformation results? No. It promises what it controls: curriculum, community, and lasting course access, not outcomes.","<p>So does Achology promise transformation results? No, because no education provider controls the thing such promises claim to sell. What a course changes in someone's life depends on their practice, their circumstances, their consistency, and their honesty with themselves, none of which a platform can guarantee. Achology promises what it actually controls: the quality of its curriculum, the community in which the skills are practised, and access to purchased <a href=""/courses/"">courses</a> for as long as you want them. Its <a href=""/pricing/"">prices</a> reflect those deliverables, and nothing else.</p>
<h2>The pattern behind transformation marketing</h2>
<p>A familiar pattern across online education prices the promise rather than the product: dramatic transformation is promised, a premium price is justified by it, and when results vary, the shortfall lands on the student's commitment. The promise does the selling, and it can never be tested at the point of purchase. Achology's position is that psychological change is real and teachable, and precisely because it is real, it cannot be sold as a guaranteed outcome. Treating readers as capable adults means telling them which part of the result is theirs to produce.</p>
<h2>What Achology does promise</h2>
<p>The commitments are the checkable kind. A structured curriculum across <a href=""/academy/schools/"">seven schools</a> of applied psychology, taught as one integrated body of teaching. A living community through <a href=""/membership/"">Achology Membership</a>: daily live events, peer practice, and mentorship, where the material is rehearsed rather than only watched. Access to any course you buy for as long as you want it, updates included. And a 14-day money-back guarantee on courses, bundles, and the <a href=""/access-all-areas/"">Access All Areas</a> Pass, set out in the <a href=""/policies/refund-policy/"">Refunds Policy</a>, so the purchase itself carries no leap of faith.</p>
<h2>What this means for a buyer</h2>
<p>Read every Achology page expecting evidence rather than promises: what a course covers, how long it runs, what students report, what it costs. If a claim about your future appears anywhere, it will be conditional on your practice, because that is the truth of how applied psychology works. Buyers who want that honesty tend to be the learners the education actually serves; buyers who want a guaranteed result are better served by knowing, before spending anything, that no honest provider can sell one.</p>
<p><strong>Related questions</strong></p>
<ul><li><a href=""/help/pricing-and-payments/achology-anti-gatekeeping-pricing/"">How does Achology's pricing reflect its anti-gatekeeping philosophy?</a></li><li><a href=""/help/pricing-and-payments/is-achology-worth-the-money/"">Is Achology worth the money?</a></li><li><a href=""/help/refunds-and-billing/achology-refund-disagree-course-content/"">Can I get a refund if I disagree with the course content?</a></li><li><a href=""/help/achology-basics-and-identity/why-achology-emphasises-personal-responsibility/"">Why does Achology emphasise personal responsibility so strongly?</a></li></ul>"
236,how-to-request-achology-refund,How do I request a refund from Achology?,how do I request a refund from Achology,request an Achology refund,How to Request an Achology Refund,"To request an Achology refund, email support@achology.com with your order number, date, and product name. Allow up to 5 business days.","<p>So how do you actually request an Achology refund? Email support@achology.com, or use the <a href=""/enquiries/"">enquiries page</a>, and include your order details: the order number or confirmation reference, the date of purchase, the product name, and the email address you bought with. If the purchase is an individual course, a school bundle, or the <a href=""/access-all-areas/"">Access All Areas</a> Pass and you are within 14 days of buying it, that is all you need; no reason is required, and your decision will not be disputed. Approved refunds return to your original payment method in US dollars, and you should allow up to 5 business days for the funds to appear.</p>
<h2>Step 1: check the purchase qualifies</h2>
<p>The 14-day money-back guarantee covers <a href=""/courses/"">courses</a>, bundles, and the Access All Areas Pass, once per customer per product. <a href=""/membership/"">Achology Membership</a>, monthly and annual, is non-refundable once access has started; if that is what you want to stop, <a href=""/help/refunds-and-billing/cancel-achology-membership-anytime/"">cancel the membership</a> inside the community platform instead, which ends future payments. Outside the 14 days, refunds are not offered for a change of mind, though a technical failure that keeps your purchased content down for 7 consecutive days or more, from a cause on Achology's side, may qualify. The full terms are in the <a href=""/policies/refund-policy/"">Refunds Policy</a>.</p>
<h2>Step 2: send the request</h2>
<p>A clear subject line such as ""Refund request: [course name], [order number]"" helps the team route it quickly. If the request concerns a technical issue, add what went wrong, when it started, and what you have already tried; that detail is what turns a back-and-forth into a single reply. Feedback about why you are refunding is welcome but entirely optional.</p>
<h2>Step 3: allow the payment time to land</h2>
<p>Achology processes approved refunds as promptly as possible, and the funds then travel back through the payment system to your account. Allow up to 5 business days before following up. If nothing has arrived after that, reply on the same thread so support can trace it. And if anything about the purchase has gone wrong, contact support before raising a chargeback with your bank; a dispute filed first usually slows down a fix Achology could make directly.</p>
<p><strong>Related questions</strong></p>
<ul><li><a href=""/help/refunds-and-billing/achology-refund-policy-explained/"">What is Achology's refund policy?</a></li><li><a href=""/help/refunds-and-billing/how-long-achology-refund-process/"">How long does an Achology refund take to process?</a></li><li><a href=""/help/pricing-and-payments/achology-payment-methods/"">What payment methods does Achology accept?</a></li><li><a href=""/help/refunds-and-billing/achology-refund-technical-issues/"">Can I get a refund if I experience technical issues with my course?</a></li></ul>"
237,how-long-achology-refund-process,How long does an Achology refund take to process?,how long does an Achology refund take to process,Achology refund processing time,"Achology Refund Processing Time, Explained","Achology refund processing time is up to 5 business days once a refund is approved, back to your original payment method in US dollars.","<p>So what is Achology refund processing time once a refund is approved? Achology processes approved refunds promptly and asks you to allow up to 5 business days for the money to appear before following up. It returns to your original payment method, in US dollars, the currency you paid in. Straightforward requests move quickly because there is nothing to investigate.</p>
<h2>Why five business days</h2>
<p>Because the money crosses three organisations, not one.</p>
<p>Achology issues the refund, the payment processor handles it, then your bank or card provider credits it, each on its own timetable. Business days run Monday to Friday, so a refund issued on a Thursday can cross a weekend before it lands.</p>
<p>None of that reflects the status of your request. A refund confirmed by support is on its way while your balance still shows nothing, which is the part worth knowing so the wait does not feel like silence.</p>
<h2>What moves fast and what does not</h2>
<p>A <a href=""/help/refunds-and-billing/does-achology-offer-a-money-back-guarantee/"">14-day guarantee claim on a course</a> is the quick case: no reason is required, so there is nothing to assess and it simply goes through.</p>
<p>Requests involving <a href=""/help/refunds-and-billing/achology-refund-technical-issues/"">a technical problem</a> take longer, because somebody has to look at what actually happened. That is not reluctance; a claim nobody examined would be a claim nobody could stand behind.</p>
<h2>If nothing arrives</h2>
<p>After 5 business days, reply to your original support thread or write to support@achology.com with your order details, and the payment will be traced. <a href=""/help/technical-help/how-to-contact-achology-support/"">How to reach support</a> covers the routes.</p>
<p>One thing to check first if you paid on a card issued in another currency. Compare the credited amount against your bank's exchange rate on the day of the refund rather than the day you bought. Small differences between the two conversions are your bank's rates rather than a short refund, and they are <a href=""/help/pricing-and-payments/hidden-fees-additional-costs-achology/"">the one cost in the process that is not Achology's</a>.</p>
<p>The full terms sit in the <a href=""/policies/refund-policy/"">Refunds Policy</a>, and <a href=""/help/refunds-and-billing/how-to-request-achology-refund/"">how to request a refund</a> covers the step before this one.</p>
<p><strong>Related questions</strong></p>
<ul><li><a href=""/help/refunds-and-billing/how-to-request-achology-refund/"">How do I request a refund from Achology?</a></li><li><a href=""/help/pricing-and-payments/achology-payment-methods/"">What payment methods does Achology accept?</a></li></ul>
"
238,achology-change-mind-after-14-day-guarantee,What if I change my mind after the 14-day guarantee period?,what if I change my mind after the 14-day guarantee period,Achology 14-day guarantee period,After the Achology 14-Day Guarantee Period,"After the Achology 14-day guarantee period, courses are not refunded for a change of mind. You keep access for as long as you want it.","<p>So what happens if you change your mind after the Achology 14-day guarantee period ends? Once the 14-day money-back guarantee has passed, Achology does not refund <a href=""/courses/"">courses</a>, bundles, or the <a href=""/access-all-areas/"">Access All Areas</a> Pass for a change of mind. The <a href=""/policies/refund-policy/"">Refunds Policy</a> names the situations this covers: dissatisfaction with a teaching style or approach, disagreement with an idea or framework, lack of time, engagement, or motivation, personal circumstances, and feeling you did not gain personal benefit. What you keep is the purchase itself: access to a bought course lasts for as long as you want it, so stepping away for months costs you nothing when you return.</p>
<h2>Why the line sits there</h2>
<p>The 14 days exist precisely so this decision can be made while a refund is still open: enough time to study the material, test the teaching style, and decide. After it, the policy treats course content the way education honestly works. Material of this kind is interpretive, and different people experience it differently; one learner finds a framework valuable while another rejects it, and neither reaction makes the content faulty. Discomfort with an idea is not a defect, and the policy says so plainly rather than leaving it to be discovered in a support reply.</p>
<h2>What remains open to you</h2>
<p>Three things survive the deadline. Your access: the course stays in your account, updates included, however long you pause. Your statutory rights under UK consumer law, which the policy does not reduce: where the law provides a remedy for digital content that is faulty, not as described, or not fit for purpose, that remedy stands on its own terms. And Achology's discretion: the policy allows an occasional goodwill refund outside its terms, which creates no entitlement but means a genuinely exceptional situation is still worth raising politely with support@achology.com. What is closed is only the guarantee itself.</p>
<p><strong>Related questions</strong></p>
<ul><li><a href=""/help/refunds-and-billing/achology-refund-policy-explained/"">What is Achology's refund policy?</a></li><li><a href=""/help/refunds-and-billing/does-achology-offer-a-money-back-guarantee/"">Does Achology offer a money-back guarantee?</a></li><li><a href=""/help/refunds-and-billing/achology-refund-disagree-course-content/"">Can I get a refund if I disagree with the course content?</a></li><li><a href=""/help/outcomes-and-expectations/what-if-achology-courses-dont-work/"">What if Achology courses don't work for you? What then?</a></li></ul>"
239,cancel-achology-membership-anytime,Can I cancel my Achology membership anytime?,can I cancel my Achology membership anytime,cancel Achology membership anytime,Cancel Achology Membership Anytime: How To,"Yes, you can cancel Achology membership anytime inside the community platform, with no fees or retention tactics. Courses you own are unaffected.","<p>So can you cancel Achology membership anytime, or are you tied in? Yes. <a href=""/membership/"">Achology Membership</a> can be cancelled at any time, with no cancellation fee, no notice period, and no retention process; cancelling simply stops all future payments. You cancel inside the community platform itself, through your account's billing settings, and your access continues to the end of the period you have already paid for. Any <a href=""/courses/"">courses</a> you have bought are unaffected: course access lasts for as long as you want it, whether or not you hold a membership.</p>
<h2>What cancelling does and does not do</h2>
<p>Cancelling ends future billing from that moment. If you cancel a monthly plan mid-month, you keep full membership access until the month you paid for ends; the same applies to the annual plan, which otherwise renews each year unless cancelled before its renewal date. What cancelling does not do is refund payments already made: membership is non-refundable once access starts, monthly and annual alike, because its benefits begin immediately, as set out in the <a href=""/policies/refund-policy/"">Refunds Policy</a>. So the months an annual plan has left run out rather than pay back, which is worth weighing when choosing between the $345 annual plan and $34.50 per month.</p>
<h2>The one cancellation people miss</h2>
<p>Every course purchase includes 3 months of complimentary Achology Membership that continues automatically at $34.50 per month once the 3 months end. Refunding or finishing a course does not cancel it. If you bought a course and do not want the community subscription, cancel that included membership inside the platform before its complimentary period ends and it will never bill you.</p>
<h2>Coming back later</h2>
<p>Cancellation is not an exit from Achology. Your account and your courses remain, and you can rejoin Achology Membership at the standard <a href=""/pricing/"">pricing</a> whenever it suits you: nothing is lost in the gap, and there is no rejoining penalty.</p>
<p><strong>Related questions</strong></p>
<ul><li><a href=""/help/refunds-and-billing/does-achology-offer-a-money-back-guarantee/"">Does Achology offer a money-back guarantee?</a></li><li><a href=""/help/refunds-and-billing/achology-membership-refund/"">Is it possible to obtain a refund for my Achology community subscription?</a></li><li><a href=""/help/membership-and-access/what-does-achology-membership-include/"">What does Achology membership include?</a></li><li><a href=""/help/privacy-and-legal/delete-achology-account-and-data/"">Can I request the deletion of my Achology account and data?</a></li></ul>"
240,achology-membership-refund,Is it possible to obtain a refund for my Achology community subscription?,is it possible to obtain a refund for my Achology community subscription,Achology membership refund policy,The Achology Membership Refund Policy,"The Achology membership refund policy: non-refundable once access starts, monthly and annual alike. You can cancel anytime to stop future payments.","<p>So what does the Achology membership refund policy say about getting a refund on <a href=""/membership/"">membership</a>, as opposed to on a course? No. Achology Membership is non-refundable once your access has started, and that applies to the monthly plan, the annual plan, and renewals alike. What you can always do is cancel: cancelling inside the community platform takes effect at once on your billing, stops all future payments, and leaves your access running to the end of the period you have already paid for. The 14-day money-back guarantee covers Achology's other products, individual <a href=""/courses/"">courses</a>, <a href=""/academy/schools/"">school bundles</a>, and the <a href=""/access-all-areas/"">Access All Areas</a> Pass, but not membership.</p>
<h2>Why membership sits outside the guarantee</h2>
<p>Membership delivers its value the moment access opens: the member-only content, discussions, and daily live events are available from day one, and access already given cannot be handed back the way an unstarted course can. That is why the <a href=""/policies/refund-policy/"">Refunds Policy</a> treats the two product types differently, and why it says so before purchase rather than in a support reply afterwards. The <a href=""/pricing/"">pricing</a> reflects the same logic: the monthly plan is $7 for the first 30 days and then $34.50 per month, so trying membership costs $7, not a leap of faith; the annual plan is $345 per year and renews each year unless cancelled before the renewal date.</p>
<h2>What to do instead of a refund</h2>
<p>If membership is not working for you, cancel it in your account's billing settings inside the community platform; no reason is needed and there is no cancellation fee. If your membership came free with a course purchase, the same applies: the complimentary 3 months continue at $34.50 per month unless cancelled, and cancelling it costs nothing while your course access continues for as long as you want it. If something has genuinely gone wrong with the service itself rather than the fit, contact support@achology.com before doing anything else: the policy allows an occasional goodwill refund at Achology's discretion, and nothing in it reduces your statutory rights under UK consumer law.</p>
<p><strong>Related questions</strong></p>
<ul><li><a href=""/help/refunds-and-billing/cancel-achology-membership-anytime/"">Can I cancel my Achology membership anytime?</a></li><li><a href=""/help/refunds-and-billing/achology-refund-policy-explained/"">What is Achology's refund policy?</a></li></ul>"
241,achology-refund-disagree-course-content,Can I get a refund if I disagree with the course content?,can I get a refund if I disagree with the course content,refund for course content,Can You Get a Refund for Course Content?,"Within 14 days, yes, a refund for course content applies for any reason. After that, disagreeing with an idea is not grounds for a refund.","<p>So can you get a refund for course content you simply disagree with? Within 14 days of purchase, yes: the money-back guarantee on <a href=""/courses/"">courses</a>, bundles, and the <a href=""/access-all-areas/"">Access All Areas</a> Pass covers any reason at all, including disliking the teaching style or disagreeing with the approach, with no explanation required. After the 14 days, no. The <a href=""/policies/refund-policy/"">Refunds Policy</a> states it plainly: course content is interpretive, different people experience it differently, and disagreeing with an idea, or finding a topic uncomfortable, is not a fault in the product and is not grounds for a refund.</p>
<h2>Why the policy draws the line this way</h2>
<p>Applied psychology is a field of frameworks and perspectives rather than settled facts, and reactions to them genuinely vary: the model one learner finds valuable, another rejects. Both reactions are normal, and neither makes the content defective. Achology's <a href=""/policies/trust-statement/"">Trust Statement</a> sets out the same position: the ideas taught are open to interpretation, disagreement, and critique, and learners are treated as adults able to engage critically with material they may not accept. The 14-day window exists precisely because of this. It is the testing period in which you find out whether the approach suits you, at no risk, before the decision becomes yours to keep.</p>
<h2>What still applies after 14 days</h2>
<p>Your access does: a purchased course stays in your account for as long as you want it, so disagreement with one module costs you nothing across the rest. Your statutory rights under UK consumer law also stand apart from the guarantee; where the law provides a remedy for digital content that is faulty, not as described, or not fit for purpose, that remedy is unaffected, though disagreement with an idea is not a fault in that legal sense either. If your concern is something other than the ideas themselves, a broken video, missing content, or an access failure, that is a different question with different terms; raise it with support@achology.com.</p>
<p><strong>Related questions</strong></p>
<ul><li><a href=""/help/refunds-and-billing/achology-change-mind-after-14-day-guarantee/"">What if I change my mind after the 14-day guarantee period?</a></li><li><a href=""/help/pricing-and-payments/achology-no-transformation-promises/"">Why doesn't Achology promise transformation or guaranteed outcomes?</a></li><li><a href=""/help/learning-experience/achology-content-offensive-emotionally-challenging/"">What if I find Achology course content offensive or challenging?</a></li></ul>"
242,achology-refund-technical-issues,Can I get a refund if I experience technical issues with my course?,can I get a refund if I experience technical issues with my course,refund for technical issues,Refund for Technical Issues With Achology,Not automatically. A refund for technical issues is considered where access is down 7 consecutive days or more and the cause is Achology's.,"<p>So can you get a refund for technical issues that stop you using what you paid for? Not automatically. Under the <a href=""/policies/refund-policy/"">Refunds Policy</a>, a temporary technical issue, platform outage, or access interruption does not by itself entitle you to a refund. A refund may be considered only where both of two things are true: your access to purchased content has been down for 7 consecutive days or more, and the cause is on Achology's side rather than your device, software, internet connection, or unmet system requirements. Separately, if you are still within 14 days of buying the course, the money-back guarantee covers any reason at all, technical or otherwise.</p>
<h2>What the 7-day rule protects</h2>
<p>The threshold does two jobs at once. A week without access to content you have paid for is a genuine service failure, and the policy recognises it as one. A few hours of downtime during maintenance is not, because it does not dent the value of a course you will study over weeks or months, and your access to a purchased course lasts for as long as you want it, so a brief outage costs you nothing that waits for you. The policy's second condition simply locates responsibility where the cause is: platform failures and server problems are Achology's; a browser that needs updating is a fix on your side, not a refund trigger.</p>
<h2>What to do when something breaks</h2>
<p>First, run the quick checks that clear most access problems: reload in a different browser, clear the cache, test your connection, and try another device if one is handy. If the problem survives that, report it to support@achology.com with what went wrong, when it started, and what you have tried; that record matters, because it dates the start of any outage and gives support what it needs to fix the fault, which is the outcome that serves you faster than a refund would. If a fault on Achology's side does keep your content down for 7 days or more, raise the refund question on that same thread, where the history already proves the case.</p>
<p><strong>Related questions</strong></p>
<ul><li><a href=""/help/refunds-and-billing/how-to-request-achology-refund/"">How do I request a refund from Achology?</a></li><li><a href=""/help/membership-and-access/membership-payment-fails-achology/"">What happens if my Achology membership payment fails?</a></li><li><a href=""/help/achology-basics-and-identity/achology-accessibility-requirements/"">What accessibility support does Achology offer?</a></li></ul>"
244,difference-membership-courses-achology,What's the difference between Achology membership and courses?,what's the difference between Achology membership and courses,Achology membership vs courses,Achology Membership vs Courses: The Difference,Achology membership vs courses: courses are content you buy once and keep; membership is the community subscription where the skills are practised.,"<p>So, Achology membership vs courses: what is the actual difference between buying a course and joining the community? A course is content you buy once and keep: the video teaching, materials and exercises on one subject, with <a href=""/help/pricing-and-payments/achology-lifetime-access-explained/"">access for as long as you want it</a> and <a href=""/help/privacy-and-legal/achology-updates-course-already-purchased/"">updates included</a>. <a href=""/membership/"">Membership</a> is a subscription to the community around the <a href=""/courses/"">courses</a>, running while you pay for it.</p>
<h2>What each one is</h2>
<p>The course is a purchase. Once bought it is yours, and nothing you later do with your membership changes that.</p>
<p>Membership is access rather than ownership: <a href=""/help/events-and-mentorship/achology-live-events-types/"">daily live events</a>, <a href=""/help/events-and-mentorship/pals-earn-them/"">peer practice</a>, <a href=""/help/events-and-mentorship/mentoring-opportunities-achology-membership/"">mentorship groups</a> and the discussion spaces. That difference is also why <a href=""/help/refunds-and-billing/does-achology-offer-a-money-back-guarantee/"">courses carry a 14-day guarantee</a> and <a href=""/help/refunds-and-billing/achology-membership-refund/"">membership does not</a>: you can hand back something unstarted, and you cannot hand back access you have used.</p>
<h2>How they work together</h2>
<p>They are halves of one education rather than two products that happen to be sold by the same company.</p>
<p>The course teaches the framework. The community is where it becomes skill, because coaching, helping and communication are learned with people. That is <a href=""/help/membership-and-access/why-achology-includes-community-course-prices/"">why every course purchase includes three months of membership</a>, and why bundles and the <a href=""/access-all-areas/"">Access All Areas Pass</a> include twelve.</p>
<p>Buying membership alone gives you the community without course content, which suits somebody who wants the live environment before choosing a subject.</p>
<h2>Choosing what you need</h2>
<p>If you want a specific subject, buy that course. Membership comes with it, and you can decide inside the three months whether the community earns its subscription.</p>
<p>If you are unsure where to start, <a href=""/help/membership-and-access/there-free-achology-membership-include/"">the free tier</a> and the introductory first month let you stand inside the community before buying anything, and <a href=""/help/getting-started/membership-first-or-course-first/"">membership first or course first</a> works the decision through.</p>
<p>If you already know you want the whole curriculum, <a href=""/help/membership-and-access/achology-school-bundles-how-they-work/"">the bundles</a> and the Pass price the two halves together with twelve months built in.</p>
<p><strong>Related questions</strong></p>
<ul><li><a href=""/help/pricing-and-payments/achology-lifetime-access-explained/"">What does ""lifetime access"" actually mean at Achology?</a></li><li><a href=""/help/membership-and-access/what-does-achology-membership-include/"">What does Achology membership include?</a></li><li><a href=""/help/membership-and-access/why-achology-includes-community-course-prices/"">Why does Achology include community access with course purchases?</a></li></ul>
"
246,achology-school-bundles-how-they-work,What are Achology school bundles and how do they work?,what are Achology school bundles and how do they work,how Achology school bundles work,How Achology School Bundles Work,"How Achology school bundles work: each collects one school's courses plus 12 months of membership, from $987 to $1,337, saving 21 to 26 percent.","<p>So what is a school bundle, and how Achology school bundles work in practice? A school bundle collects every course in one of Achology's <a href=""/academy/schools/"">seven schools</a> into a single purchase, adds 12 months of <a href=""/membership/"">Achology Membership</a> (a $345 value), and <a href=""/pricing/"">prices</a> the whole at 21 to 26 percent below buying its parts separately. Bundles run from $987 to $1,337, they are one-off payments covered by the 14-day money-back guarantee, and access to the courses lasts for as long as you want it. They exist for the learner who wants depth in one tradition rather than the whole curriculum.</p>
<h2>The seven bundles and their prices</h2>
<ul><li><a href=""/academy/neuro-linguistic-programming/"">The School of Neuro-Linguistic Programming (NLP)</a>: 5 courses, $1,137</li><li><a href=""/academy/cognitive-behavioural-psychology/"">The School of Cognitive Behavioural Psychology (CBP)</a>: 5 courses, $987</li><li><a href=""/academy/life-coaching/"">The School of Life Coaching and Professional Helping</a>: 6 courses, $1,287</li><li><a href=""/academy/person-centred-counselling/"">The School of Person-Centred Counselling and Psychology</a>: 5 courses, $1,057</li><li><a href=""/academy/mindfulness/"">The School of Mindfulness, Applied Insight and Wisdom (MIW)</a>: 5 courses, $987</li><li>The School of Mental Health, Wellness and Emotional Resilience: 5 courses, $1,027</li><li>The School of Personal Growth and Development (PGD): 12 courses, $1,337</li></ul>
<p>Each bundle's saving is calculated against the sum of its courses' individual prices plus 12 months of membership at $345; the exact contents of each school live on the <a href=""/courses/"">courses page</a>.</p>
<h2>How a bundle compares to the alternatives</h2>
<p>Against individual courses, a bundle buys the same material at a 21 to 26 percent discount and adds a year of the community, so it wins on arithmetic whenever you want three or more courses from one school. Against the <a href=""/access-all-areas/"">Access All Areas Pass</a> at $2,995, a bundle is the focused choice: one tradition studied properly rather than all seven. If you own some of a school's courses already and want the rest, raise it with support through the <a href=""/enquiries/"">enquiries page</a> before buying the bundle at full price; upgrades are handled case by case.</p>
<p><strong>Related questions</strong></p>
<ul><li><a href=""/help/pricing-and-payments/upgrade-courses-bundle-access-pass/"">Can I upgrade from individual courses to a bundle or Access All Areas Pass?</a></li><li><a href=""/help/pricing-and-payments/achology-discounts-sales-promotions/"">Does Achology offer discounts, sales, or promotional offers?</a></li><li><a href=""/help/membership-and-access/achology-access-all-areas-pass/"">What is the Achology Access All Areas Pass?</a></li><li><a href=""/help/curriculum-and-subjects/seven-schools-achology-curriculum-explained/"">What are Achology's seven schools and how do they differ?</a></li></ul>"
247,membership-payment-fails-achology,What happens if my Achology membership payment fails?,what happens if my Achology membership payment fails,Achology membership payment failed,Achology Membership Payment Failed: What Now,"If your Achology membership payment failed, it never affects courses you own. Update your card in the community platform and the subscription continues.","<p>So what happens after an Achology membership payment failed? First, the thing that matters most: a failed membership payment never affects the <a href=""/courses/"">courses</a> you own. Course access lasts for as long as you want it regardless of any subscription. What a failed payment puts at stake is the membership itself, because <a href=""/membership/"">Achology Membership</a> runs on its subscription billing: you are notified by email when a payment fails, the payment system retries it, and membership access depends on the payment resolving. Updating your card in the billing settings inside the community platform puts everything back as it was.</p>
<h2>Why payments fail, and the quick fix</h2>
<p>The usual causes are ordinary: an expired card, a replaced card whose new details were never updated, a bank declining an international charge until you approve it, or insufficient funds on the day. All Achology payments run through Stripe on the community platform's checkout, so the fix lives in one place: open your account's billing settings there, update the payment method, and the subscription continues. If the card looks right and payments still fail, your bank is the next call, since security blocks on international transactions clear only from their side.</p>
<h2>If membership lapses anyway</h2>
<p>Losing membership over a failed payment is not an exit. Your account, your courses, and your progress all remain, and you can rejoin at the standard <a href=""/pricing/"">pricing</a> whenever you choose: $7 for the first 30 days applies to new members, and returning members rejoin at $34.50 per month or $345 per year. If a payment was taken when you expected the membership to be cancelled, or something about the billing looks wrong, contact support@achology.com with the details; billing questions are exactly what the <a href=""/enquiries/"">enquiries page</a> is for, and membership payments already made are non-refundable under the <a href=""/policies/refund-policy/"">Refunds Policy</a>, so raising it quickly matters.</p>
<p><strong>Related questions</strong></p>
<ul><li><a href=""/help/pricing-and-payments/achology-payment-methods/"">What payment methods does Achology accept?</a></li><li><a href=""/help/refunds-and-billing/achology-refund-technical-issues/"">Can I get a refund if I experience technical issues with my course?</a></li><li><a href=""/help/membership-and-access/can-achology-suspend-terminate-access/"">Can Achology suspend or terminate my access?</a></li></ul>"
248,share-achology-account-courses,Can I share my Achology account or courses with others?,can I share my Achology account or courses with others,share your Achology account,Can You Share Your Achology Account?,"No. You cannot share your Achology account: one purchase is one user, licensed to you alone. Sharing can end your access without refund.","<p>So can you share your Achology account, or what you have bought, with somebody else? No. An Achology purchase is licensed to one person: one purchase, one user. Your login is yours alone, and course materials may not be recorded, shared or redistributed to anyone, including family, colleagues or clients. This is set out in the <a href=""/policies/terms-and-conditions/"">Terms and Conditions</a>, and breaching it can end your access.</p>
<h2>Where the line sits</h2>
<p>Using your own <a href=""/courses/"">courses</a> fully is the whole point of owning them. Study anywhere, take notes, apply the teaching in your work with clients, quote what you have learned in your own words.</p>
<p>What crosses the line is passing the materials themselves on: sharing login details, sending downloaded content to somebody else, screening course videos for a group, or teaching directly from the materials as though they were yours to distribute. <a href=""/help/privacy-and-legal/achology-copyright-sharing-course-content/"">Sharing and redistribution</a> covers the detail, and <a href=""/help/partnerships-and-press/using-achology-content-branding-materials/"">what you may use in your own materials</a> covers the professional case.</p>
<h2>Why the rule exists, and it is not mainly about revenue</h2>
<p>There is a commercial reason and a better one.</p>
<p>The commercial reason is that <a href=""/pricing/"">prices</a> stay in the hundreds rather than the thousands because each learner buys their own access. Shared accounts erode exactly the model that keeps <a href=""/help/pricing-and-payments/achology-anti-gatekeeping-pricing/"">the education affordable and open to anyone</a>.</p>
<p>The better reason is what an account actually is here. It is not a key to a video library; it is the record of one person's practice. Sessions attended, coaching delivered, <a href=""/help/certificates-cpd-accreditation/who-verifies-achology-cpd-claims/"">claims independently verified</a>. Two people behind one login make that record a fiction, and the thing it would destroy is the only reason <a href=""/help/certificates-cpd-accreditation/what-achology-certificate-proves/"">an Achology certificate means anything to an outsider</a>.</p>
<h2>If somebody in your life would benefit</h2>
<p>The answer is their own account. Each person's progress, <a href=""/certification/"">certification</a> and development record should reflect their own learning, and there is <a href=""/help/membership-and-access/there-free-achology-membership-include/"">a free tier with real access</a> if cost is the obstacle.</p>
<p>The consequences of ignoring this are published rather than discretionary: under <a href=""/policies/refund-policy/"">the Refunds Policy</a> no refund is due where access is withdrawn for unauthorised sharing, and <a href=""/help/membership-and-access/can-achology-suspend-terminate-access/"">access can be suspended</a> in defined circumstances.</p>
<p><strong>Related questions</strong></p>
<ul><li><a href=""/help/membership-and-access/can-achology-suspend-terminate-access/"">Can Achology suspend or terminate my access?</a></li><li><a href=""/help/pricing-and-payments/achology-lifetime-access-explained/"">What does ""lifetime access"" actually mean at Achology?</a></li><li><a href=""/help/learning-experience/download-achology-course-materials/"">Can I download the materials from Achology courses?</a></li></ul>
"
249,why-achology-includes-community-course-prices,Why does Achology include community access with course purchases?,why does Achology include community access with course purchases,why achology includes community access,Why Achology Includes Community Access,"Why Achology includes community access with every course: three months of membership, because skills are learned through practice with people.","<p>So why Achology includes community access with every course purchase is worth explaining plainly. The skills taught here are learned with people rather than only from videos. Every individual course includes three months of complimentary <a href=""/membership/"">membership</a>, and <a href=""/academy/schools/"">school bundles</a> and the <a href=""/access-all-areas/"">Access All Areas</a> Pass include twelve, so the community where the material is practised arrives with the curriculum rather than as an optional extra.</p>
<h2>The reasoning</h2>
<p>Communication, coaching and helping skills behave like languages. Understanding the theory is the start; competence comes from using it with real people who respond in ways you did not plan for.</p>
<p>A learner who watches a coaching course alone has knowledge. A learner who then practises it in structured sessions, with honest feedback, develops skill. <a href=""/certification/"">The certification pathway</a> is built on that distinction, since progression is demonstrated through practice rather than through completions, and <a href=""/help/outcomes-and-expectations/course-completion-vs-competence/"">the gap between the two</a> is the problem the whole design exists to solve.</p>
<p>Bundling the two halves <a href=""/pricing/"">prices</a> the education as it actually works.</p>
<h2>What this means for how you use the three months</h2>
<p>Worth stating, because the months are often treated as a trial to evaluate and then quietly allowed to lapse.</p>
<p>They are not a preview of a separate product. They are the window in which the course you just bought is meant to be practised, and a member who spends them only watching has used half of what they paid for. Attending one <a href=""/help/events-and-mentorship/achology-live-events-types/"">live session</a> in the first fortnight is the single highest-value thing a new course buyer can do.</p>
<h2>How this differs from other models</h2>
<p>Most platforms sell content and community separately, if community exists at all. That suits them: a marketplace's job is to deliver a course, and <a href=""/help/comparisons-and-alternatives/achology-vs-udemy-psychology-courses/"">it does that well</a>.</p>
<p>Achology's job is competence, so the community is part of the product rather than an upsell. That is also why the price sits where it does, above a marketplace course and far below a degree.</p>
<h2>The choice stays yours afterwards</h2>
<p>After the included months, <a href=""/help/membership-and-access/course-included-free-membership-happens-when/"">membership continues at the standard rate unless you cancel</a>. Continue it if the community is earning its keep, or cancel and keep studying independently: <a href=""/help/pricing-and-payments/achology-lifetime-access-explained/"">course access lasts as long as you want it</a> either way, and <a href=""/help/membership-and-access/difference-membership-courses-achology/"">the two are genuinely separate purchases</a>.</p>
<p><strong>Related questions</strong></p>
<ul><li><a href=""/help/membership-and-access/difference-membership-courses-achology/"">What's the difference between Achology membership and courses?</a></li><li><a href=""/help/membership-and-access/what-does-achology-membership-include/"">What does Achology membership include?</a></li><li><a href=""/help/learning-experience/achology-peer-learning-community-teaches/"">Why does Achology emphasise peer learning alongside expert teaching?</a></li></ul>
"
250,platform-changes-course-access-achology,What happens to courses if the Achology platform changes?,what happens to courses if the Achology platform changes,courses if achology platform changes,Courses if Achology Platform Changes,Courses if Achology platform changes stay accessible: access has been preserved through every past migration. Downloading resources is still sensible.,"<p>So what happens to <a href=""/courses/"">courses</a> if Achology platform changes? The commitment is that access continues through platform changes, and that is how past changes have gone: through hosting moves, interface redesigns and system migrations, purchased course access has been preserved each time. The promise is made by Achology rather than by any particular piece of software, so when the technology underneath improves, your courses move with it.</p>
<h2>An honest note on permanence</h2>
<p>No online business can credibly guarantee absolute permanence forever, and saying so is better than pretending otherwise.</p>
<p>What can honestly be pointed at is the commitment in your purchase terms, the track record of every migration so far, and a business in which withdrawing paid-for access would contradict everything else it publishes. That is a strong position and it is not magic, and the difference matters.</p>
<p>So treat the promise as genuine and demonstrated, and take the sensible precaution anyway: <a href=""/help/learning-experience/download-achology-course-materials/"">download the written resources as you go</a>. It is ordinary practice with any digital purchase and it costs you nothing.</p>
<h2>Why this question deserves a straight answer</h2>
<p>Because ""lifetime access"" is a phrase the whole industry uses loosely, and a reader who has been burned before is right to ask what stands behind it.</p>
<p><a href=""/help/pricing-and-payments/achology-lifetime-access-explained/"">What lifetime access means here</a> is stated precisely rather than left to atmosphere: access for as long as you want it, with <a href=""/help/privacy-and-legal/achology-updates-course-already-purchased/"">updates included at no extra cost</a>. A company willing to write down the limits of its own promise is usually a better bet than one that will not discuss them.</p>
<h2>What a change looks like from your side</h2>
<p>Almost nothing. The place you log in improves, updated content replaces old versions automatically, and there is nothing to re-buy or re-enrol in.</p>
<p>If something ever failed to carry over, that is a support matter rather than a loss: <a href=""/help/technical-help/how-to-contact-achology-support/"">contact support</a>, and if a fault on Achology's side kept purchased content down for 7 days or more, the <a href=""/policies/refund-policy/"">Refunds Policy</a> addresses it directly rather than leaving it to goodwill.</p>
<p><strong>Related questions</strong></p>
<ul><li><a href=""/help/pricing-and-payments/achology-lifetime-access-explained/"">What does ""lifetime access"" actually mean at Achology?</a></li><li><a href=""/help/learning-experience/do-achology-courses-get-updated/"">Do Achology courses get updated?</a></li><li><a href=""/help/privacy-and-legal/achology-updates-course-already-purchased/"">What happens if Achology updates a course I've bought?</a></li><li><a href=""/help/learning-experience/download-achology-course-materials/"">Can I download the materials from Achology courses?</a></li></ul>
"
251,can-achology-suspend-terminate-access,Can Achology suspend or terminate my access?,can Achology suspend or terminate my access,achology suspend or terminate access,Can Achology Suspend or Terminate Access?,"Yes: Achology suspend or terminate access applies in specific, published circumstances, such as breach of Terms or unresolved payment failure.","<p>So can Achology suspend or terminate access to your account? Yes, in specific and published circumstances. Under the <a href=""/policies/terms-and-conditions/"">Terms and Conditions</a>, access can be suspended or terminated for a breach of the Terms, for <a href=""/help/privacy-and-legal/share-my-achology-account-login/"">unauthorised sharing or recording of content</a>, for a breach of the Community Code of Conduct, or for misuse of the platform.</p>
<h2>What follows a breach</h2>
<p>Where access ends for one of those reasons, the <a href=""/policies/refund-policy/"">Refunds Policy</a> is explicit: no refund is due, and fees already paid may be retained to reflect the losses the breach caused.</p>
<p>Failed subscription payments are treated differently. Access can be suspended until valid payment details are provided and outstanding amounts cleared, with a window to put it right first, and <a href=""/help/membership-and-access/membership-payment-fails-achology/"">what happens when a payment fails</a> covers that in full.</p>
<h2>What this means for an ordinary member</h2>
<p>For almost everybody, nothing at all. The grounds are deliberate acts rather than accidents of everyday use.</p>
<p>Disagreeing with course ideas carries no consequence, and <a href=""/help/community-and-conduct/achology-disagreement-open-discussion/"">disagreement is actively expected here</a>. Taking a long break from study carries none either: <a href=""/help/certificates-cpd-accreditation/cpd-journey-after-leaving-achology/"">your progress is preserved</a> and your <a href=""/courses/"">courses</a> wait. Letting a <a href=""/membership/"">membership</a> lapse is not a breach of anything.</p>
<p>A failed payment is a problem to fix rather than an offence. Update your payment method and the matter closes.</p>
<h2>Why the grounds are published rather than reserved</h2>
<p>Plenty of platforms keep a broad clause allowing them to end access at their discretion. Naming the specific grounds does the opposite: it tells you what you would have to do, which also tells you what you cannot lose your access for.</p>
<p>That matters in a community where members are asked to <a href=""/help/community-and-conduct/achology-disagreement-open-discussion/"">disagree openly</a> and to bring genuine material into <a href=""/help/events-and-mentorship/coaching-hot-seat/"">live sessions</a>. People are candid in proportion to how confident they are about the rules, and vague rules quietly produce careful members.</p>
<h2>If you believe a suspension is wrong</h2>
<p>Suspensions are applied to specific accounts for specific reasons, so the route is direct: <a href=""/help/technical-help/how-to-contact-achology-support/"">contact support</a>, ask for the reason if it is unclear, and put your side plainly.</p>
<p>Where the cause is a payment failure, clearing it restores access. Where it is conduct or sharing, the Terms and <a href=""/help/community-and-conduct/achology-community-rules-moderation/"">the Code of Conduct</a> are the reference points the decision is made against, and both are published so you can read them yourself.</p>
<p><strong>Related questions</strong></p>
<ul><li><a href=""/help/membership-and-access/share-achology-account-courses/"">Can I share my Achology account or courses with others?</a></li><li><a href=""/help/membership-and-access/membership-payment-fails-achology/"">What happens if my Achology membership payment fails?</a></li></ul>
"
252,does-achology-provide-crisis-support,Does Achology provide crisis or mental health support?,does Achology provide crisis or mental health support,achology mental health support,Achology Mental Health Support: Does It Exist?,"Achology mental health support isn't offered: Achology is an education provider, not a clinical service. Contact emergency services in a crisis.","<p>So is Achology mental health support available if you are in crisis right now? No. Achology is an education provider and does not offer crisis support, emergency services, or clinical intervention of any kind. Nothing it provides constitutes medical advice, psychological or psychiatric treatment, counselling or therapy, or diagnosis, and it operates no helpline, crisis chat, or clinical referral service.</p>
<p>If you or someone you know is in crisis, contact a qualified professional or emergency service now: in the UK, call 999 in an emergency, get <a href=""https://www.nhs.uk/nhs-services/mental-health-services/where-to-get-urgent-help-for-mental-health/"">urgent mental health help through NHS 111</a>, speak to your GP, or call the <a href=""https://www.samaritans.org/how-we-can-help/contact-samaritan/"">Samaritans</a> free on 116 123, any hour of any day. Outside the UK, use your local emergency number or a crisis line in your country.</p>
<h2>Why the boundary is firm</h2>
<p>Crisis support requires trained professionals working within clinical frameworks: people equipped to assess risk, manage safety, and provide ongoing care. Achology's staff, facilitators, and community members are not positioned or trained for that role, and treating an education community as a substitute for crisis services puts the person in crisis at risk while placing an unfair burden on members who cannot safely carry it. The <a href=""/policies/disclaimers/"">Disclaimers</a> state this position in full, and it is held firmly because the topic matters, not despite it.</p>
<h2>What Achology does instead</h2>
<p>Achology teaches applied psychology for personal growth and helping work, and part of that teaching is exactly this boundary: members learn to recognise when someone needs clinical support rather than coaching, and to refer on appropriately, in line with the <a href=""/about/code-of-ethics/"">Achology Code of Ethics</a>. If study here ever surfaces something you want professional help with, that is a normal and good outcome of honest self-examination; take it to your doctor or a qualified therapist, and let the education be what it is designed to be.</p>
<p><strong>Related questions</strong></p>
<ul><li><a href=""/help/achology-basics-and-identity/is-achology-therapy-counselling-or-coaching/"">Is Achology therapy, counselling, or coaching?</a></li><li><a href=""/help/achology-basics-and-identity/who-is-achology-not-for/"">Who is Achology not designed for?</a></li><li><a href=""/help/outcomes-and-expectations/can-achology-help-personal-struggles/"">Can Achology courses help with personal struggles and challenges?</a></li><li><a href=""/help/learning-experience/is-achology-right-emotionally-vulnerable/"">Is Achology right for someone who is emotionally vulnerable?</a></li></ul>"
254,is-achology-educational-provider-or-professional-body,Is Achology an educational provider or a professional body?,is Achology an educational provider or a professional body,is achology an education provider,Is Achology an Education Provider or Body?,Is Achology an education provider or a professional body? Achology teaches; SoMAP independently accredits and sets standards.,"<p>So is Achology an education provider or a professional body? Achology is the education provider. <a href=""/accreditation/"">The Society of Modern Applied Psychology</a> (SoMAP) is the professional body. Achology teaches: the 28 <a href=""/courses/"">courses</a>, the learning community, the environment where competence is developed. SoMAP evaluates: it accredits the certification pathway, assesses competency, and holds the standards for members who practise. One organisation teaches you; a separate one recognises what you can do.</p>
<h2>Why the two are kept apart</h2>
<p>Because an education provider that also grades its own graduates is marking its own homework.</p>
<p>That is the whole reason for the separation, and it is worth being blunt about it. If Achology both sold you the course and certified your competence, the certificate would be a statement by the party you paid. Nobody outside could tell the difference between a member who had genuinely demonstrated something and one who had simply completed a transaction.</p>
<p>Achology's responsibility ends at the quality of the education and the community it is practised in. It does not maintain practitioner registers or govern professional conduct beyond its own platform. SoMAP's independence is what gives <a href=""/help/certificates-cpd-accreditation/who-verifies-achology-cpd-claims/"">a verified claim</a> its meaning: the body recognising the competence is not the body that was paid for the course.</p>
<h2>What this means for you</h2>
<p>If you are studying for your own growth, Achology is the whole picture: courses, community, and <a href=""/certification/"">the certification pathway</a> as far as you choose to take it.</p>
<p>If you intend to practise, SoMAP is where professional recognition, standards and accountability live. It is also why the two certificates <a href=""/help/certificates-cpd-accreditation/difference-between-certificate-completion-certificate-achievement/"">say different things</a>: one records that you finished a course, which Achology can attest to on its own; the other records that you reached a standard, which it cannot.</p>
<p>Either way an Achology certification is educational recognition within this framework, never a licence or statutory qualification. <a href=""/help/certificates-cpd-accreditation/what-achology-certificate-proves/"">What a certificate actually proves</a> sets the boundary out plainly, and <a href=""/help/achology-basics-and-identity/no-credential-inflation-achology/"">why credentials here are not inflated</a> explains why it is drawn so carefully.</p>
<p><strong>Related questions</strong></p>
<ul><li><a href=""/help/achology-basics-and-identity/is-achology-a-university/"">Is Achology a university or degree provider?</a></li><li><a href=""/help/certificates-cpd-accreditation/what-achology-certificate-proves/"">What does my Achology certificate actually prove?</a></li><li><a href=""/help/achology-basics-and-identity/no-credential-inflation-achology/"">Why doesn't Achology inflate credentials to seem more prestigious?</a></li><li><a href=""/help/certificates-cpd-accreditation/is-achology-accredited-somap/"">Is Achology accredited?</a></li></ul>
"
259,what-is-applied-psychology-achology,"What does Achology mean by ""applied psychology""?","what does Achology mean by ""applied psychology""",applied psychology at achology,What Applied Psychology at Achology Means,"Applied psychology at Achology means three things: learned through practice, used in real situations, pointed at self-knowledge first.","<p>So what does applied psychology at Achology actually mean? Three things at once: psychology learned through practice rather than only read or watched; psychology used in real situations rather than kept academic; and psychology pointed at self-knowledge first, before it is used to help anybody else. The measure of learning here is competence, not comprehension.</p>
<h2>Learned by doing</h2>
<p>Every course carries exercises, reflection and skill-building, and <a href=""/help/learning-experience/achology-peer-learning-community-teaches/"">the community exists so the doing happens with real people</a>: peer practice, <a href=""/help/events-and-mentorship/achology-live-events-types/"">daily live events</a> and mentorship turn watched material into rehearsed skill.</p>
<p>Competence built that way is gradual, earned through repetition, feedback and adjustment, which is why a completed course is treated as the start of learning rather than proof of it. <a href=""/help/outcomes-and-expectations/course-completion-vs-competence/"">The distinction</a> runs through everything here.</p>
<h2>Used in real life</h2>
<p>The test of this education is Tuesday afternoon, not the course player. A difficult conversation handled better. A decision made more clearly. A person listened to properly rather than waited out.</p>
<p>The curriculum across <a href=""/academy/schools/"">the seven schools</a> is taught for that transfer, which is what <a href=""/help/achology-basics-and-identity/principle-led-education-achology/"">principle-led education</a> means in practice: principles first, so that what you learn works in situations no lesson specifically covered. A procedure fails the moment reality departs from the script, and reality always does.</p>
<h2>Self first, then others</h2>
<p>The order is deliberate and it is the part most easily skipped.</p>
<p>Psychological insight applied outward before it has been applied inward becomes manipulation or projection. Somebody who can name every cognitive bias and has never examined their own is not equipped to help, they are equipped to diagnose people who did not ask.</p>
<p>Applied inward first, the same knowledge becomes the ground for responsible helping. That is why <a href=""/help/achology-basics-and-identity/achology-teaching-philosophy/"">the teaching philosophy</a> puts self-knowledge before influence, why <a href=""/help/outcomes-and-expectations/achology-character-development/"">character is trained alongside skill</a>, and why <a href=""/help/certificates-cpd-accreditation/progress-member-achologist/"">the pathway has you receive coaching before you deliver any</a>.</p>
<p><strong>Related questions</strong></p>
<ul><li><a href=""/help/achology-basics-and-identity/achology-teaching-philosophy/"">What is Achology's teaching philosophy?</a></li><li><a href=""/help/achology-basics-and-identity/achology-multiple-psychology-traditions/"">Does Achology follow one school of psychology or multiple traditions?</a></li><li><a href=""/help/achology-basics-and-identity/psychology-as-practical-wisdom/"">What does Achology mean by 'psychology as practical wisdom'?</a></li></ul>
"
262,achology-multiple-psychology-traditions,Does Achology follow one school of psychology or multiple traditions?,does Achology follow one school of psychology or multiple traditions,multiple psychology traditions at achology,Multiple Psychology Traditions at Achology,"Multiple psychology traditions at Achology are taught deliberately, across seven schools, as complementary lenses, none treated as superior.","<p>So does Achology follow one school of psychology, or several? Several, deliberately, with none treated as superior. Multiple psychology traditions at Achology are taught as complementary lenses on human experience rather than as competing camps. The curriculum is organised into <a href=""/academy/schools/"">seven schools</a> covering Neuro-Linguistic Programming (NLP), Cognitive Behavioural Psychology (CBP), life coaching and professional helping, person-centred counselling, mindfulness, mental health and wellness, and personal growth. They are taught as complementary lenses on human experience rather than as competing camps.</p>
<h2>Why no single school wins</h2>
<p>Each tradition sees something the others under-weight.</p>
<p>NLP attends to language and subjective experience. Cognitive behavioural work attends to the traffic between thought and behaviour. Person-centred practice attends to the conditions in which people grow. Mindfulness attends to attention and presence.</p>
<p>A practitioner fluent in one lens tends to force every situation through it, and does so without noticing, because the lens is how they see. Somebody who has studied several develops the thing that actually decides outcomes: judgement about which lens a real moment needs.</p>
<h2>What that looks like when it fails</h2>
<p>Worth making concrete, because the argument sounds abstract until you have watched it.</p>
<p>A client describes a pattern. The cognitively trained helper reaches for the thought behind it. The person-centred helper reaches for the conditions around it. Both are legitimate readings, and on that particular day one of them is wrong, because the client needed something the other lens would have caught.</p>
<p>Nobody arrives at that judgement by studying harder within one tradition. It comes from having more than one available, and from <a href=""/help/events-and-mentorship/achology-case-study-discussion-groups/"">hearing other people read the same situation differently</a>.</p>
<h2>Held with humility</h2>
<p>The stance carries an honest caveat that cuts both ways: no framework taught here, and no integration of them, is the complete truth about the human mind, and Achology does not present its own approach as finished either.</p>
<p>The teaching stays <a href=""/help/achology-basics-and-identity/achology-evidence-based-humanistic-psychology/"">evidence-informed</a> while remaining open about how much every model simplifies. Some <a href=""/courses/"">courses</a> work within one tradition in depth; others deliberately blend several; <a href=""/help/curriculum-and-subjects/any-achology-courses-appear-more-than/"">some sit in more than one school</a> because the subject genuinely does.</p>
<p>All of them treat the frameworks as tools for understanding people, including yourself, rather than doctrines to defend. <a href=""/help/achology-basics-and-identity/why-achology-avoids-diagnostic-labels/"">Why diagnostic labelling is left out</a> follows from the same position.</p>
<p><strong>Related questions</strong></p>
<ul><li><a href=""/help/achology-basics-and-identity/what-is-applied-psychology-achology/"">What does Achology mean by ""applied psychology""?</a></li><li><a href=""/help/achology-basics-and-identity/achology-evidence-based-humanistic-psychology/"">Does Achology teach evidence-based models, humanistic models, or both?</a></li><li><a href=""/help/outcomes-and-expectations/is-achology-content-scientific-or-ideological/"">Is Achology educational content scientific or ideology-based?</a></li></ul>
"
263,principle-led-education-achology,"What does Achology mean by ""principle-led education""?","what does Achology mean by ""principle-led education""",principle-led education at achology,Principle-Led Education at Achology,"Principle-led education at Achology teaches foundational truths about behaviour that transfer everywhere, not step-by-step protocols tied to one situation.","<p>So what does principle-led education at Achology actually mean in practice? Teaching the foundational truths of human behaviour rather than step-by-step procedures. A principle, such as that nobody is helped past the point where they take responsibility for themselves, holds across cultures, contexts and personalities. A protocol is a fixed sequence that works only in the situations it was written for.</p>
<h2>Principles against protocols</h2>
<p>A protocol can be followed without understanding, and that is exactly its weakness. The moment a situation departs from the script, the protocol-trained practitioner has nothing left, while the principle-led one still has their bearings.</p>
<p>Real situations depart from the script constantly. Nobody in front of you has read the course, and <a href=""/help/achology-basics-and-identity/what-is-applied-psychology-achology/"">the test of this education is a real Tuesday</a> rather than a tidy example.</p>
<h2>Why it feels slower at the start</h2>
<p>Because it is, and it is worth knowing that in advance rather than mistaking it for the course being vague.</p>
<p>A protocol can be memorised in an afternoon and used badly the same evening. A principle has to be reflected on, tested against your own life and genuinely absorbed before it does anything, which is why the <a href=""/courses/"">courses</a> carry <a href=""/help/getting-started/homework-assessment-achology-courses/"">reflective exercises rather than assessments</a> and why <a href=""/help/events-and-mentorship/achology-live-events-types/"">the community practice</a> exists at all.</p>
<p>What it produces is judgement: the ability to work out what a new situation needs rather than to recognise which script it resembles. That is slower to acquire and does not expire.</p>
<h2>Held firmly, examined openly</h2>
<p>The principles are foundational and they are also examinable. Learners are expected to test them against experience, question them honestly, and discover their weight in application rather than accept them on authority.</p>
<p>That is not a contradiction. A principle earns its place by surviving that testing across thousands of learners' lives, which is why <a href=""/help/community-and-conduct/achology-disagreement-open-discussion/"">disagreement is expected here</a> rather than managed.</p>
<p>Education that forbids questioning is indoctrination. Education without foundations is noise. Principle-led education is the working ground between them, and <a href=""/help/achology-basics-and-identity/achology-teaching-philosophy/"">the teaching philosophy</a> treats the examining as part of how wisdom develops rather than as a risk to it.</p>
<p><strong>Related questions</strong></p>
<ul><li><a href=""/help/achology-basics-and-identity/achology-teaching-philosophy/"">What is Achology's teaching philosophy?</a></li><li><a href=""/help/achology-basics-and-identity/personal-responsibility-achology-learning/"">What does Achology mean by ""personal responsibility"" in learning?</a></li><li><a href=""/help/achology-basics-and-identity/adult-to-adult-learning-no-hand-holding/"">Why does Achology treat learners as adults rather than providing hand-holding?</a></li></ul>
"
264,personal-responsibility-achology-learning,"What does Achology mean by ""personal responsibility"" in learning?","what does Achology mean by ""personal responsibility"" in learning",achology personal responsibility,Achology Personal Responsibility in Learning,"Achology personal responsibility means the learner stays accountable: interpreting ideas, managing responses, applying learning, community conduct.","<p>So what does Achology personal responsibility actually mean for you as a learner? It means that learning is an active, self-directed process for which you stay accountable at every stage. Achology provides the education: <a href=""/courses/"">courses</a>, frameworks, community, structure. What happens inside you, how ideas are interpreted, questioned, applied or set aside, is yours, and is not outsourced to instructors, peers or the institution.</p>
<h2>What it covers, stage by stage</h2>
<ul>
<li><strong>You evaluate the ideas.</strong> Nothing here is installed in you. Deciding what an idea means and whether it holds is your work, which is why <a href=""/help/community-and-conduct/achology-disagreement-open-discussion/"">disagreement is expected rather than tolerated</a>.</li>
<li><strong>You manage your responses.</strong> Education that examines the self will sometimes be uncomfortable, and <a href=""/help/learning-experience/achology-content-offensive-emotionally-challenging/"">that reaction is yours to work with</a>.</li>
<li><strong>You decide the application</strong>: if, when and how you use what you learn, and you remain accountable for the consequences.</li>
<li><strong>Your outcomes track your engagement.</strong> Effort, honesty and sustained practice produce results here; their absence produces none.</li>
<li><strong>Your conduct is yours</strong>, held to the Community Code of Conduct.</li>
</ul>
<h2>Why this is structural rather than a slogan</h2>
<p>Achology personal responsibility is structural rather than a slogan, because the subject makes it unavoidable.</p>
<p>Applied psychology is knowledge about how people work, including you. Delivered to somebody who takes no responsibility for their own patterns, it becomes a set of explanations for other people's behaviour and a defence against examining their own. That is not a hypothetical risk; it is the commonest way this material goes wrong, and no curriculum design prevents it.</p>
<p>So the responsibility is not an add-on to the teaching. It is the condition under which the teaching does any good, which is also why <a href=""/help/achology-basics-and-identity/what-is-applied-psychology-achology/"">the order is self first, then others</a>.</p>
<h2>What Achology holds up in return</h2>
<p>The principle cuts both ways, and it would be worth little if it did not.</p>
<p>Achology is responsible for the quality of the education, the honesty of its claims, the maturity of its community spaces and the clarity of its boundaries, all committed to in writing across the published policies. <a href=""/help/privacy-and-legal/achology-trust-legal-policies-work-together/"">How those documents fit together</a> shows the shape of it.</p>
<p>What it will not do is pretend to control the one variable that decides whether education becomes growth. <a href=""/help/achology-basics-and-identity/why-achology-emphasises-personal-responsibility/"">Why the principle runs this deep</a> is its own question.</p>
<p><strong>Related questions</strong></p>
<ul><li><a href=""/help/achology-basics-and-identity/why-achology-emphasises-personal-responsibility/"">Why does Achology emphasise personal responsibility so strongly?</a></li><li><a href=""/help/achology-basics-and-identity/principle-led-education-achology/"">What does Achology mean by ""principle-led education""?</a></li><li><a href=""/help/achology-basics-and-identity/what-does-achology-expect-from-learners/"">What does Achology expect from its learners?</a></li><li><a href=""/help/outcomes-and-expectations/does-achology-supervise-peer-coaching/"">Does Achology supervise peer coaching or practice sessions?</a></li></ul>
"
265,why-achology-emphasises-personal-responsibility,Why does Achology emphasise personal responsibility so strongly?,why does Achology emphasise personal responsibility so strongly,why achology emphasises responsibility,Why Achology Emphasises Responsibility,"Why Achology emphasises responsibility comes down to consequences: applied psychology carries real stakes, so responsibility runs throughout.","<p>So why Achology emphasises responsibility so strongly is worth explaining directly. Because applied psychology is a subject where what you do with what you learn carries real consequences, for you and for the people you use it with. Achology can control the quality of its teaching. It cannot control how a learner applies frameworks that influence how people think, feel and decide.</p>
<h2>The subject matter demands it</h2>
<p>A photography course half-applied produces mediocre photographs. Psychological tools half-understood or carelessly applied can damage a marriage, a client or a team.</p>
<p>That asymmetry is why the emphasis appears everywhere rather than once. Education here increases your responsibility; it never transfers it. Learning why somebody behaves as they do makes you more capable of helping them and more capable of manipulating them, and nothing in the material decides which.</p>
<p>It is also why <a href=""/about/code-of-ethics/"">the Code of Ethics</a> sits at the centre of the community rather than at the end of the syllabus, and why members are taught to <a href=""/help/community-and-conduct/commit-practising-achologist/"">recognise the edge of their competence and refer beyond it</a>.</p>
<h2>What the emphasis protects</h2>
<p>Three things at once.</p>
<p><strong>You</strong>, by refusing the comfortable fiction that a purchase produces an outcome. The honest version, that outcomes depend on your practice, appears on every relevant page including <a href=""/help/pricing-and-payments/achology-no-transformation-promises/"">why no transformation is promised</a>.</p>
<p><strong>The people your members go on to help</strong>, by binding skill to ethics from the first lesson rather than adding ethics as a module near the end.</p>
<p><strong>The community itself</strong>, which stays a mature environment precisely because everybody in it owns their own conduct, and <a href=""/help/community-and-conduct/achology-community-rules-moderation/"">moderation supports that rather than substituting for it</a>.</p>
<h2>The uncomfortable half</h2>
<p>Worth stating plainly, since it is the part that costs something.</p>
<p>A platform that promised to carry responsibility for its learners would be lying, and would also be more comfortable to buy from. Saying it will not means telling prospective students that the result depends on them, which loses some of them, and <a href=""/help/achology-basics-and-identity/who-is-achology-not-for/"">who this is not for</a> exists for exactly that reason.</p>
<p>The alternative is worse. A provider that takes responsibility for your outcomes has to manage you toward them, and <a href=""/help/achology-basics-and-identity/adult-to-adult-learning-no-hand-holding/"">a managed learner is practising compliance</a> rather than the self-direction this education exists to build.</p>
<p><strong>Related questions</strong></p>
<ul><li><a href=""/help/achology-basics-and-identity/personal-responsibility-achology-learning/"">What does Achology mean by ""personal responsibility"" in learning?</a></li><li><a href=""/help/pricing-and-payments/achology-no-transformation-promises/"">Why doesn't Achology promise transformation or guaranteed outcomes?</a></li></ul>
"
266,what-does-achology-mean-becoming-wiser,"What does Achology mean by ""becoming wiser""?","what does Achology mean by ""becoming wiser""",becoming wiser at achology,Becoming Wiser at Achology: What It Means,"Becoming wiser at Achology means developing self-knowledge, judgement, restraint, and ethical discernment, the capacities that guide knowledge.","<p>So what does becoming wiser at Achology actually mean? Developing the capacities that decide how knowledge gets used: self-knowledge, restraint, practical judgement, emotional maturity, ethical discernment, and the ability to hold several perspectives without needing to be right. It is the stated aim of the education, above becoming intellectually sharper, because psychology is a subject where the gap between knowing and living well is the whole problem.</p>
<h2>Wisdom and intelligence, honestly distinguished</h2>
<p>Intelligence, meaning analytical skill and theoretical understanding, is valuable and the <a href=""/courses/"">courses</a> demand plenty of it. But intelligence alone is possible without character.</p>
<p>A person can explain attachment theory brilliantly and still be a poor partner. Another can name every cognitive bias while blind to their own. Neither is a failure of intellect, and no additional reading fixes either.</p>
<h2>What each capacity actually does</h2>
<ul>
<li><strong>Self-knowledge</strong> shows you your own patterns before you start diagnosing anybody else's.</li>
<li><strong>Restraint</strong> holds back the clever intervention you should not make.</li>
<li><strong>Judgement</strong> reads what a real situation needs rather than what a theory predicts.</li>
<li><strong>Ethical discernment</strong> weighs what your influence will do to the person receiving it.</li>
</ul>
<p>Restraint is the one practitioners underestimate. Most damage in helping work is done by something well-intentioned, well-informed and badly timed, which is why <a href=""/help/community-and-conduct/commit-practising-achologist/"">working within your competence</a> is a commitment rather than a suggestion.</p>
<h2>How wisdom is actually developed</h2>
<p>None of it is downloaded from a video, which is precisely why every course is paired with a community.</p>
<p>It grows through honest self-examination, through practice with people who respond in ways no theory scripted, through feedback received without collapsing, and through time. <a href=""/help/achology-basics-and-identity/achology-teaching-philosophy/"">The teaching philosophy</a> names it as the first conviction of the curriculum, and the peer practice, <a href=""/help/events-and-mentorship/mentoring-opportunities-achology-membership/"">mentorship</a> and <a href=""/help/events-and-mentorship/achology-live-events-types/"">live events</a> are the gymnasium it is built in.</p>
<p>The <a href=""/help/community-and-conduct/nine-ccac-virtues/"">character code</a> is the same conviction written into a requirement: character treated as something developed through practice rather than something you either have or lack.</p>
<p><strong>Related questions</strong></p>
<ul><li><a href=""/help/achology-basics-and-identity/achology-teaching-philosophy/"">What is Achology's teaching philosophy?</a></li><li><a href=""/help/achology-basics-and-identity/psychology-as-practical-wisdom/"">What does Achology mean by 'psychology as practical wisdom'?</a></li><li><a href=""/help/outcomes-and-expectations/achology-character-development/"">Why does Achology emphasise character development so much?</a></li></ul>
"
267,psychology-as-practical-wisdom,What does Achology mean by 'psychology as practical wisdom'?,what does Achology mean by 'psychology as practical wisdom',practical wisdom at achology,Practical Wisdom at Achology: What It Means,"Practical wisdom at Achology means treating psychological understanding as a life skill, like literacy, usable daily in relationships and work.","<p>So what does practical wisdom at Achology actually mean? It means treating psychological understanding as an essential life skill, in the same family as literacy and critical thinking: something anybody can learn, use daily and get better at across a lifetime, rather than an academic discipline reserved for credentialed specialists.</p>
<h2>A life skill, not only a profession</h2>
<p>The professions built on psychology, clinical practice, research, psychiatry, do essential work that requires exactly the credentials they require, and nothing here argues otherwise. <a href=""/help/certificates-cpd-accreditation/call-myself-therapist-achology-courses/"">Achology is explicit about not being that</a>.</p>
<p>But the daily uses of psychological understanding are not clinical. Listening well to a friend who is struggling. Parenting a teenager through a hard year. Leading a team under pressure. Catching your own destructive pattern before it runs again.</p>
<p>Everybody manages a mind, lives in relationships and influences other people every day. For that, what is needed is not a licence but learnable understanding, and no institutional permission is required to acquire it.</p>
<h2>Why this is an argument rather than a slogan</h2>
<p>Because the alternative has a cost that is easy to miss.</p>
<p>When psychological understanding is treated as professional property, ordinary people are left with folk wisdom for problems that have been studied carefully for a century, and they only reach the knowledge at the point of crisis, through a clinician. <a href=""/help/comparisons-and-alternatives/society-lost-gatekeeping-psychology/"">What that costs</a> is set out separately, as is <a href=""/help/comparisons-and-alternatives/how-psychology-became-institutionalised/"">how the gate came to be there</a>.</p>
<p>That conviction is why Achology is <a href=""/help/getting-started/prior-qualifications-needed-achology/"">open-entry</a> and <a href=""/help/pricing-and-payments/achology-anti-gatekeeping-pricing/"">priced for working adults</a>. The position and the price list are the same argument.</p>
<h2>Practical from the first week</h2>
<p>The phrase also names how the learning should behave: applied in your actual life from the start, not banked as theory for a someday qualification.</p>
<p>The <a href=""/courses/"">courses</a> across <a href=""/academy/schools/"">the seven schools</a> are taught for that immediate transfer, which is what <a href=""/help/achology-basics-and-identity/what-is-applied-psychology-achology/"">applied psychology</a> means here, and the community exists so the applying happens with real people. What the wisdom itself consists of is <a href=""/help/achology-basics-and-identity/what-does-achology-mean-becoming-wiser/"">its own question</a>.</p>
<p><strong>Related questions</strong></p>
<ul><li><a href=""/help/achology-basics-and-identity/what-is-applied-psychology-achology/"">What does Achology mean by ""applied psychology""?</a></li><li><a href=""/help/achology-basics-and-identity/what-does-achology-mean-becoming-wiser/"">What does Achology mean by ""becoming wiser""?</a></li><li><a href=""/help/achology-basics-and-identity/why-achology-criticizes-psychology-teaching/"">Why does Achology criticise how psychology is typically taught?</a></li><li><a href=""/help/comparisons-and-alternatives/achology-vs-school-of-life-comparison/"">How does Achology compare to The School of Life?</a></li></ul>
"
268,adult-to-adult-learning-no-hand-holding,Why does Achology treat learners as adults rather than providing hand-holding?,why does Achology treat learners as adults rather than providing hand-holding,achology treats learners as adults,Why Achology Treats Learners as Adults,Achology treats learners as adults: nobody chases your progress or manages motivation. The education and community are provided; engagement is yours.,"<p>So why Achology treats learners as adults, rather than providing hand-holding, is worth explaining. Because the subject being taught is self-responsibility, and how you are treated while learning it is part of the teaching. The platform provides the education, the community and support when you seek it. You provide the motivation, the consistency and the effort. Nobody monitors your completion rate or cheerleads you through difficulty.</p>
<h2>What the model looks like day to day</h2>
<p>Plenty of learning platforms are built around engagement mechanics: streaks, nudges, progress prompts, escalating reminder emails. For their purposes those work.</p>
<p>Achology deliberately is not built that way, because a learner moved along by external pressure is practising compliance, and compliance is the opposite of the capacity this education exists to build.</p>
<p>Support is real and reachable. <a href=""/help/events-and-mentorship/mentoring-opportunities-achology-membership/"">Mentorship groups</a>, the community and <a href=""/help/technical-help/how-to-contact-achology-support/"">the support team</a> all respond when you come to them. What does not exist is pursuit. If you stop, nothing chases you, and <a href=""/help/pricing-and-payments/achology-lifetime-access-explained/"">your courses simply wait</a>.</p>
<h2>Why it would be self-defeating to do otherwise</h2>
<p>This is the part worth understanding rather than resenting.</p>
<p>Somebody training to help other people has to be able to sustain their own practice without being managed. A coach who only worked when a system reminded them would be no use to a client, and <a href=""/help/certificates-cpd-accreditation/six-achology-cpd-statuses/"">the pathway measures activity you initiated</a>: sessions you booked, coaching you offered, claims you submitted.</p>
<p>A platform that chased you toward those would be quietly doing the very thing it certifies you as capable of doing yourself.</p>
<h2>Who this serves, and who it will frustrate</h2>
<p>It works powerfully for self-directed adults and it is honestly frustrating for anybody who wants their development managed from outside. That is a fit to check before buying rather than a flaw to apologise for, and <a href=""/help/achology-basics-and-identity/who-is-achology-not-for/"">who Achology is not for</a> says so plainly.</p>
<p>If external accountability is what keeps you moving, build it deliberately: a practice partner from the community, a standing slot in your week, a group you have told what you intend to do. That is a sound strategy rather than a weakness, and the community is full of people who would happily be the other half of it.</p>
<p>What comes with being treated this way is set out in <a href=""/help/achology-basics-and-identity/what-does-achology-expect-from-learners/"">what Achology expects from its learners</a>.</p>
<p><strong>Related questions</strong></p>
<ul><li><a href=""/help/achology-basics-and-identity/principle-led-education-achology/"">What does Achology mean by ""principle-led education""?</a></li><li><a href=""/help/achology-basics-and-identity/who-is-achology-not-for/"">Who is Achology not designed for?</a></li><li><a href=""/help/achology-basics-and-identity/what-does-achology-expect-from-learners/"">What does Achology expect from its learners?</a></li></ul>
"
269,what-does-achology-expect-from-learners,What does Achology expect from its learners?,what does Achology expect from its learners,what achology expects from learners,What Achology Expects From Learners,"What Achology expects from learners: personal responsibility, emotional self-management, critical engagement, and mature community conduct, stated plainly.","<p>So what Achology expects from learners, stated operationally rather than aspirationally, comes down to four things: personal responsibility for yourself and your development; emotional self-management, including through material that challenges you; critical engagement with ideas rather than defensive reaction; and mature, honest conduct in the community.</p>
<h2>The four, unpacked</h2>
<p><strong>Responsibility</strong> is what the <a href=""/policies/trust-statement/"">Trust Statement</a> opens with: adults are fundamentally responsible for themselves, including how they interpret ideas and manage their own state. <a href=""/help/achology-basics-and-identity/personal-responsibility-achology-learning/"">What that means in practice</a> is set out separately.</p>
<p><strong>Self-management</strong> follows from the subject. An education that examines the self will sometimes be uncomfortable, and <a href=""/help/learning-experience/achology-content-offensive-emotionally-challenging/"">your responses to it are yours to work with</a> rather than the platform's to prevent.</p>
<p><strong>Critical engagement</strong> means treating disagreement as part of learning rather than as harm. The ideas here are open to question, and <a href=""/help/community-and-conduct/achology-disagreement-open-discussion/"">questioning them well</a> is a skill the education develops.</p>
<p><strong>Conduct</strong> means the discussion spaces, peer practice and live events stay mature because every member holds their own behaviour to the Community Code of Conduct, which <a href=""/help/community-and-conduct/achology-community-rules-moderation/"">moderation supports rather than replaces</a>.</p>
<p>One further expectation binds anyone who goes on to help others: <a href=""/help/community-and-conduct/commit-practising-achologist/"">practise only within your competence</a>, and refer beyond it.</p>
<h2>Why these are stated at all</h2>
<p>Expectations stated after purchase are traps. Stated before, they are a fit-check.</p>
<p>Anyone who reads that list with recognition will find this place built for them. Anyone who reads it with dread has been saved a purchase, and that is not a loss to Achology worth avoiding. It is how a platform that <a href=""/help/pricing-and-payments/achology-no-transformation-promises/"">promises no outcomes</a> keeps its half of the bargain honest: if the outcome depends on what you bring, then what you need to bring has to be said out loud beforehand.</p>
<p>The same logic produces <a href=""/help/achology-basics-and-identity/who-is-achology-not-for/"">an article about who this is not for</a>, which few education providers publish at all.</p>
<h2>What Achology holds itself to in return</h2>
<p>The published policies, the education itself, a community where the practice is real, and support when you seek it, though <a href=""/help/achology-basics-and-identity/adult-to-adult-learning-no-hand-holding/"">not pursuit when you stop</a>. Those are the two halves of the same arrangement.</p>
<p><strong>Related questions</strong></p>
<ul><li><a href=""/help/achology-basics-and-identity/who-is-achology-designed-for/"">Who is Achology designed for?</a></li><li><a href=""/help/achology-basics-and-identity/personal-responsibility-achology-learning/"">What does Achology mean by ""personal responsibility"" in learning?</a></li><li><a href=""/help/achology-basics-and-identity/adult-to-adult-learning-no-hand-holding/"">Why does Achology treat learners as adults rather than providing hand-holding?</a></li><li><a href=""/help/outcomes-and-expectations/achology-character-development/"">Why does Achology emphasise character development so much?</a></li></ul>
"
270,why-achology-avoids-diagnostic-labels,Why doesn't Achology teach diagnostic models or psychiatric labelling?,why doesn't Achology teach diagnostic models or psychiatric labelling,why achology avoids diagnostic labels,Why Achology Avoids Diagnostic Labels,"Why Achology avoids diagnostic labels comes down to scope and conviction: diagnosis is clinical work, and the curriculum is growth-oriented instead.","<p>So why Achology avoids diagnostic labels in its teaching is a fair question, and it comes down to two reasons that reinforce each other: scope and conviction. Scope first: diagnosis is clinical work, done by qualified professionals within regulated frameworks, and Achology trains non-clinical helpers, coaches, mentors, and leaders, who must not diagnose anyone. Teaching diagnostic models to people whose role forbids using them would train the very overreach the <a href=""/about/code-of-ethics/"">Code of Ethics</a> exists to prevent. Conviction second: Achology's curriculum is built on a growth orientation, seeing the people its members work with as capable of change and development, and that lens, not a categorising one, is what its kind of helping actually requires.</p>
<h2>The real risk the stance guards against</h2>
<p>Diagnostic language has escaped the clinic into everyday speech, and that is where the danger Achology cares about lives: the partner casually branded a narcissist, the colleague written off as borderline, the friend explained away by an attachment style, all by people with no training to make such judgements and no mandate to act on them. Amateur labelling forecloses curiosity about a real person and can quietly become the story someone is trapped inside. Achology's members are taught the opposite move: to meet people as they are, notice patterns without converting them into verdicts, and recognise when what is in front of them needs a clinician rather than a coach, and to refer on when it does.</p>
<h2>What this stance is not</h2>
<p>It is not a criticism of psychiatry or clinical psychology, which do necessary work in their own domain, where diagnosis, used well by trained hands, opens the door to treatment and support. Nor does it dismiss anyone's own diagnosis; understanding gained through proper clinical care is valuable, and nothing taught here asks you to reject it. The stance simply marks what this education is for: growth-oriented, non-clinical helping, with its boundary held clearly, as set out in <a href=""/help/achology-basics-and-identity/is-achology-therapy-counselling-or-coaching/"">Is Achology therapy, counselling, or coaching?</a></p>
<p><strong>Related questions</strong></p>
<ul><li><a href=""/help/achology-basics-and-identity/achology-teaching-philosophy/"">What is Achology's teaching philosophy?</a></li><li><a href=""/help/achology-basics-and-identity/why-achology-criticizes-psychology-teaching/"">Why does Achology criticise how psychology is typically taught?</a></li></ul>"
271,manipulative-pricing-tactics-achology-avoids,What manipulative pricing tactics does Achology deliberately avoid?,what manipulative pricing tactics does Achology deliberately avoid,manipulative pricing tactics achology avoids,Manipulative Pricing Tactics Achology Avoids,"Manipulative pricing tactics Achology avoids: no fake countdown timers, no upsell funnels, no subscription traps. Pricing is stable and published.","<p>So here are the manipulative pricing tactics Achology avoids, five of them by explicit choice: fake countdown timers that manufacture urgency, upsell funnels where every purchase reveals a ""premium"" level above it, personality-cult pricing that charges for proximity to a guru, subscription traps that make cancelling deliberately hard, and vanishing ""launch pricing"" that quietly returns next week. Achology's prices are stable and published on the <a href=""/pricing/"">pricing page</a>, and the buying decision is left where it belongs, with an intelligent adult given accurate information and time to make up their own mind, without a manufactured deadline pushing the decision along.</p>
<h2>What honest pricing looks like instead</h2>
<p>Every practice above has a straight counterpart here. Instead of urgency theatre, stable prices you can research and sleep on; when occasional promotional pricing does run, it is genuinely time-limited and announced plainly. Instead of upsell ladders, a flat catalogue: a course is the whole course, and the only larger purchases, <a href=""/academy/schools/"">school bundles</a> and the <a href=""/access-all-areas/"">Access All Areas</a> Pass, are the same material priced together at a published saving.</p>
<p>Instead of a subscription trap, <a href=""/membership/"">Achology Membership</a> cancels in a moment inside the community platform, with the one auto-continuation, the complimentary membership included with <a href=""/courses/"">courses</a>, disclosed at purchase and in the <a href=""/policies/refund-policy/"">Refunds Policy</a>. And instead of pressure at the point of sale, a free tier, a $7 first month, and a 14-day money-back guarantee that makes the decision reversible.</p>
<h2>Why this is not just ethics theatre</h2>
<p>Manufactured urgency works by bypassing judgement, and Achology's entire curriculum exists to build judgement; selling it with tactics that defeat judgement would be self-refuting. There is also a practical bet underneath: a buyer who chose calmly, with full information, is the learner who engages, stays, and tells others, and a decade of that compounds into something no funnel produces. The same conviction stated positively lives in <a href=""/help/pricing-and-payments/achology-anti-gatekeeping-pricing/"">How does Achology's pricing reflect its anti-gatekeeping philosophy?</a></p>
<p><strong>Related questions</strong></p>
<ul><li><a href=""/help/pricing-and-payments/achology-discounts-sales-promotions/"">Does Achology offer discounts, sales, or promotional offers?</a></li><li><a href=""/help/pricing-and-payments/achology-anti-gatekeeping-pricing/"">How does Achology's pricing reflect its anti-gatekeeping philosophy?</a></li></ul>"
272,no-credential-inflation-achology,Why doesn't Achology inflate credentials to seem more prestigious?,why doesn't Achology inflate credentials to seem more prestigious,achology doesn't inflate credentials,Why Achology Doesn't Inflate Credentials,"Achology doesn't inflate credentials: certifications are described exactly as educational recognition of demonstrated competence, accredited by SoMAP.","<p>So why Achology doesn't inflate credentials to sound more prestigious is simple: Because a credential that overstates itself is a small lie sold to the person who earned it, and Achology's whole position rests on not doing that. Its certifications are described exactly as what they are: educational recognition of demonstrated competence within Achology's framework, progressed through the <a href=""/certification/"">certification pathway</a> and <a href=""/accreditation/"">accredited</a> by the Society of Modern Applied Psychology (SoMAP), an independent professional body. They are never presented as degrees, licences, or statutory qualifications, and the titles are kept plain rather than decorated.</p>
<h2>The inflation pattern, and why it works on people</h2>
<p>Online education is full of grand-sounding certifications: multi-word mastery titles, trademark symbols, ""internationally accredited"" stamps from bodies created by the same company that sells the course. The pattern works because buyers reasonably assume an impressive title reflects impressive rigour, and the sellers know the assumption does the work the training does not. Achology refuses the game in both directions: it neither decorates its own titles nor partners with prestige-badge mills for letterhead, and its accreditation relationship with SoMAP is meaningful precisely because SoMAP independently evaluates competence rather than renting out a logo.</p>
<h2>What an unflashy certificate buys you</h2>
<p>Honesty compounds. When an Achology certification says demonstrated competence, the demonstration actually happened, through practice in the community rather than a completion click, and that is checkable by anyone who asks what the pathway requires. A learner whose certificate means what it says can explain it without flinching in any professional conversation, which is worth more than an impressive title that dissolves under one question. What the certificate does and does not prove is answered plainly in <a href=""/help/certificates-cpd-accreditation/what-achology-certificate-proves/"">What does my Achology certificate actually prove?</a></p>
<p><strong>Related questions</strong></p>
<ul><li><a href=""/help/certificates-cpd-accreditation/what-achology-certificate-proves/"">What does my Achology certificate actually prove?</a></li><li><a href=""/help/achology-basics-and-identity/is-achology-educational-provider-or-professional-body/"">Is Achology an educational provider or a professional body?</a></li><li><a href=""/help/certificates-cpd-accreditation/post-nominal-letters-achology-certificates/"">Can I put letters after my name with Achology certificates?</a></li><li><a href=""/help/certificates-cpd-accreditation/explain-achology-qualifications-to-clients/"">How do I explain Achology qualifications to clients who ask?</a></li></ul>"
275,achology-evidence-based-humanistic-psychology,"Does Achology teach evidence-based models, humanistic models, or both?","does Achology teach evidence-based models, humanistic models, or both",evidence-based or humanistic psychology,Achology: Evidence-Based or Humanistic Psychology?,"Both. Achology teaches evidence-based or humanistic psychology together, valuing research and lived complexity without ranking either above the other.","<p>So is the teaching evidence-based or humanistic psychology, or a mix of the two? Both, deliberately, and without ranking them. The curriculum includes models with substantial research support, Cognitive Behavioural Therapy (CBT) most prominently, alongside the humanistic traditions, person-centred practice and mindfulness among them. The teaching is evidence-informed throughout: research is taken seriously wherever it exists, and no framework is taught as beyond question.</p>
<h2>How the two kinds of model work together</h2>
<p>They answer different questions, which is why a serious applied curriculum needs both.</p>
<p>Research tells you what tends to work across many people: which interventions shift thought patterns, which conditions support change. Humanistic practice attends to the one person in front of you, who is never the average the research describes.</p>
<p>A practitioner armed only with protocols treats people as instances of a category. One armed only with warmth has no tools when warmth is not enough. The training asks members to hold both, and to know which the moment needs.</p>
<h2>Where this shows up in an actual session</h2>
<p>A client describes a pattern that a cognitive framework explains neatly, and the framework is right, and saying so at that moment would be the wrong move because they are not ready to hear it.</p>
<p>Knowing the model is the first half of the skill. Knowing when to use it is the second, and only the second is learned by practising in front of people who tell you honestly how it landed, which is what <a href=""/help/events-and-mentorship/achology-live-events-types/"">the live sessions</a> exist for and why <a href=""/help/outcomes-and-expectations/course-completion-vs-competence/"">completion and competence are different things</a>.</p>
<h2>Held with the same honesty as everything else</h2>
<p>The humility described in <a href=""/help/achology-basics-and-identity/achology-multiple-psychology-traditions/"">teaching multiple traditions</a> applies here too. Every model, evidenced or humanistic, simplifies the person it describes, and knowing what your framework leaves out is part of using it responsibly.</p>
<p>It is also why <a href=""/help/achology-basics-and-identity/why-achology-avoids-diagnostic-labels/"">diagnostic labelling is not taught</a>: a category can be accurate and still be the least useful thing to say about somebody.</p>
<p>What is asked of members is not allegiance to a camp but judgement, and studying both traditions together is how that judgement is built. Whether that makes the content scientific or ideological is answered directly in <a href=""/help/outcomes-and-expectations/is-achology-content-scientific-or-ideological/"">its own article</a>.</p>
<p><strong>Related questions</strong></p>
<ul><li><a href=""/help/achology-basics-and-identity/achology-multiple-psychology-traditions/"">Does Achology follow one school of psychology or multiple traditions?</a></li><li><a href=""/help/outcomes-and-expectations/is-achology-content-scientific-or-ideological/"">Is Achology educational content scientific or ideology-based?</a></li></ul>
"
276,why-achology-criticizes-psychology-teaching,Why does Achology criticise how psychology is typically taught?,why does Achology criticise how psychology is typically taught,achology criticizes psychology teaching,Why Achology Criticizes Psychology Teaching,"Achology criticizes psychology teaching as typically delivered: credentialed theory for the few, when its practical value belongs in daily life.","<p>So why Achology criticizes psychology teaching the way it is typically delivered is worth explaining plainly. Because of a specific gap, not a wholesale rejection. Academic psychology has produced invaluable research, effective therapeutic frameworks, and the ethical standards clinical practice depends on; Achology's critique is aimed at the institutional teaching model built around it, which delivers psychology as multi-year credentialed theory to a small number of people, while the subject's everyday practical value, self-understanding, communication, helping skill, stays out of most lives. The critique, in one line: psychology is taught as a profession's property when much of it should be taught as a life skill.</p>
<h2>The three gaps, named fairly</h2>
<p>First, access: degree-level cost, entry requirements, and multi-year commitments are appropriate for producing clinicians and researchers, and they also mean most capable adults never study psychology at all. Second, application: institutional teaching is optimised for examination, theory learned about people in general, where practical competence, skill used with the person in front of you, needs practice, feedback, and community that lecture-based models rarely provide. Third, orientation: professional training is rightly organised around assessment and treatment, but that clinical lens is the wrong default for the everyday helping most people actually do, which needs the growth orientation set out in <a href=""/help/achology-basics-and-identity/why-achology-avoids-diagnostic-labels/"">Why doesn't Achology teach diagnostic models or psychiatric labelling?</a></p>
<h2>The critique as a blueprint</h2>
<p>Every line of the critique maps to a design choice: open entry and working-adult <a href=""/pricing/"">pricing</a> answer the access gap; the practice community and principle-led teaching answer the application gap; the growth orientation answers the clinical-default gap. Achology exists as the constructive form of its own criticism, offered alongside <a href=""/academy/"">the academy</a> rather than against it, and the positive statement of the same position is <a href=""/help/achology-basics-and-identity/psychology-as-practical-wisdom/"">What does Achology mean by 'psychology as practical wisdom'?</a></p>
<p><strong>Related questions</strong></p>
<ul><li><a href=""/help/achology-basics-and-identity/why-achology-avoids-diagnostic-labels/"">Why doesn't Achology teach diagnostic models or psychiatric labelling?</a></li><li><a href=""/help/achology-basics-and-identity/psychology-as-practical-wisdom/"">What does Achology mean by 'psychology as practical wisdom'?</a></li><li><a href=""/help/comparisons-and-alternatives/how-psychology-became-institutionalised/"">How did psychology become institutionalised and gatekept?</a></li><li><a href=""/help/comparisons-and-alternatives/society-lost-gatekeeping-psychology/"">What has society lost by gatekeeping psychological knowledge?</a></li></ul>"
278,kain-ramsay-udemy-vs-achology-courses,What's the difference between Kain Ramsay's Udemy and Achology courses?,what's the difference between Kain Ramsay's Udemy and Achology courses,kain ramsay udemy vs achology,Kain Ramsay Udemy vs Achology Courses,"Kain Ramsay Udemy vs Achology: same teacher, different products. Udemy sells standalone videos; Achology adds a full curriculum and community.","<p>So comparing Kain Ramsay Udemy vs Achology courses, what are you actually buying that is different? Same teacher, different products. The Udemy <a href=""/courses/"">courses</a> are standalone video content sold through a marketplace: you buy one, you watch it, and that is the product. The Achology courses are the full expression of the same teaching, with the learning community included and <a href=""/certification/"">a certification pathway</a> beyond it.</p>
<h2>The difference is not only depth</h2>
<p>It is the difference between watching a subject and practising it.</p>
<p>An Achology course arrives with three months of <a href=""/membership/"">membership</a>, so the material lands somewhere it can be used: <a href=""/help/events-and-mentorship/achology-live-events-types/"">live events</a>, <a href=""/help/events-and-mentorship/pals-earn-them/"">peer practice</a> and mentorship. That is <a href=""/help/membership-and-access/why-achology-includes-community-course-prices/"">deliberate rather than a bundle</a>, because <a href=""/help/outcomes-and-expectations/course-completion-vs-competence/"">the practice half is what turns understanding into skill</a>.</p>
<p>The curriculum is also maintained rather than published: <a href=""/help/learning-experience/do-achology-courses-get-updated/"">courses are updated as it develops</a>, at no extra cost, and organised across <a href=""/academy/schools/"">seven schools</a> that reference each other.</p>
<h2>How the two catalogues relate</h2>
<p>The Udemy courses fall into two groups.</p>
<p>Some are earlier, condensed versions of material now taught in expanded form here. If one of those served you well, the Achology version will feel familiar in its foundations and substantially deeper in practice, so you are not paying twice for the same thing.</p>
<p>Others are standalone topics with no Achology equivalent at all.</p>
<p>Either way the platforms are separate businesses with separate accounts and licensing, so nothing transfers, and <a href=""/help/comparisons-and-alternatives/transfer-kain-ramsay-udemy-courses-achology/"">why that is</a> is answered plainly rather than apologised for.</p>
<h2>Which suits you</h2>
<p>Udemy suits sampling: a low-cost way to meet the teaching and study one topic, and <a href=""/help/comparisons-and-alternatives/achology-vs-udemy-psychology-courses/"">it does that well</a>.</p>
<p>Achology suits competence, which costs more because it includes the part that takes other people's time.</p>
<p>Many members took exactly that route, Udemy first and Achology when they wanted the whole education. If that is where you stand, <a href=""/help/comparisons-and-alternatives/achology-on-udemy-should-i-join-achology/"">whether to join</a> answers the next question directly, and <a href=""/help/achology-basics-and-identity/who-is-kain-ramsay/"">who Kain Ramsay is</a> covers the teacher behind both.</p>
<p><strong>Related questions</strong></p>
<ul><li><a href=""/help/comparisons-and-alternatives/transfer-kain-ramsay-udemy-courses-achology/"">Can I transfer my Kain Ramsay Udemy course to Achology?</a></li><li><a href=""/help/achology-basics-and-identity/who-is-kain-ramsay/"">Who is Kain Ramsay?</a></li><li><a href=""/help/comparisons-and-alternatives/achology-on-udemy-should-i-join-achology/"">I bought an Achology course on Udemy: should I also join Achology?</a></li></ul>
"
279,achology-on-udemy-should-i-join-achology,I bought an Achology course on Udemy: should I also join Achology?,I bought an Achology course on Udemy: should I also join Achology,achology course on udemy,Bought an Achology Course on Udemy? Now What,"Bought an Achology course on Udemy already? It depends what you want next: Udemy gave the videos, Achology adds community, practice, and certification.","<p>So you already bought an Achology course on Udemy: is there any point also joining Achology? It depends what you want next, and the answer has two halves. If the course gave you what you came for, understanding of one topic at your own pace, you need nothing more and nobody here will press you. If it left you wanting to actually use the material, that is precisely the half a marketplace video cannot carry.</p>
<h2>What joining adds to what you have</h2>
<p>Your Udemy purchase stays on Udemy. Nothing transfers between the platforms, for the reasons in <a href=""/help/comparisons-and-alternatives/transfer-kain-ramsay-udemy-courses-achology/"">the transfer question</a>.</p>
<p>What Achology adds is the ecosystem around the teaching: <a href=""/help/events-and-mentorship/achology-live-events-types/"">daily live events</a> where the material gets worked with, <a href=""/help/events-and-mentorship/pals-earn-them/"">structured peer practice</a> where the skills are rehearsed with real people, <a href=""/help/events-and-mentorship/mentoring-opportunities-achology-membership/"">mentorship groups</a>, and <a href=""/certification/"">the pathway</a> through which demonstrated competence is recognised.</p>
<p>Where your Udemy course was a condensed version of Achology material, the full course also goes substantially deeper, and <a href=""/help/comparisons-and-alternatives/kain-ramsay-udemy-vs-achology-courses/"">how the two catalogues relate</a> sets that out.</p>
<h2>The honest test of whether you need it</h2>
<p>Ask what happened after you finished the Udemy course.</p>
<p>If you understood the material and have since used it in real conversations with noticeable effect, you have already closed the gap on your own and do not need a community to do it for you.</p>
<p>If you understood it and nothing much followed, that is not a failure of the course or of you. It is the ordinary shape of <a href=""/help/outcomes-and-expectations/course-completion-vs-competence/"">the distance between completing and being competent</a>, and it does not close by watching another course, which is the more expensive way to discover the same thing.</p>
<h2>The low-risk way to find out</h2>
<p>You do not need to rebuy anything to test the fit.</p>
<p><a href=""/help/membership-and-access/there-free-achology-membership-include/"">The free membership tier</a> gives real access to <a href=""/free-events/"">free events</a> at no cost, or the introductory first month of <a href=""/membership/"">full membership</a> puts you inside the whole community for thirty days.</p>
<p>If the practice environment gives your existing knowledge somewhere to become skill, you will feel it within a week. If not, cancel and you have gained the answer cheaply.</p>
<p><strong>Related questions</strong></p>
<ul><li><a href=""/help/comparisons-and-alternatives/transfer-kain-ramsay-udemy-courses-achology/"">Can I transfer my Kain Ramsay Udemy course to Achology?</a></li><li><a href=""/help/comparisons-and-alternatives/kain-ramsay-udemy-vs-achology-courses/"">What's the difference between Kain Ramsay's Udemy and Achology courses?</a></li><li><a href=""/help/comparisons-and-alternatives/achology-vs-udemy-psychology-courses/"">How does Achology compare to Udemy for psychology courses?</a></li></ul>
"
280,achology-vs-udemy-psychology-courses,How does Achology compare to Udemy for psychology courses?,how does Achology compare to Udemy for psychology courses,achology vs udemy psychology courses,Achology vs Udemy Psychology Courses,Achology vs Udemy psychology courses: different providers doing different jobs. Udemy suits sampling; Achology suits building real competence.,"<p>So, Achology vs Udemy psychology courses: how do the two compare? They are different kinds of provider doing different jobs, and both do their own job well. Udemy is a marketplace: an enormous catalogue of individual <a href=""/courses/"">courses</a> from independent instructors, bought one at a time at low <a href=""/pricing/"">prices</a>, studied alone at your own pace. Achology is an academy: a single integrated curriculum of 28 courses across <a href=""/academy/schools/"">seven schools</a>, priced from $97 to $299 per course, taught inside a learning community with daily live events, peer practice, and a <a href=""/certification/"">certification pathway</a>. The right choice depends entirely on the job you need done.</p>
<h2>Where Udemy genuinely wins</h2>
<p>For sampling a topic cheaply, Udemy is hard to beat: low prices, an unmatched breadth of subjects, and instant access with no further commitment. Its marketplace model means quality varies by instructor, which is not a flaw so much as the nature of an open catalogue, and its reviews help you choose well. If you want one course on one subject, studied independently, Udemy serves that need at a fraction of Achology's prices, and Achology's own founder taught there for years precisely because it reaches learners well.</p>
<h2>Where Achology is built to win</h2>
<p>For developing psychological competence, the differences compound. Achology's courses are designed as one body of teaching rather than unrelated titles, so the traditions inform each other as you study. Every course includes 3 months of community <a href=""/membership/"">membership</a>, because skills like coaching and communication become real through practice with people, which a content marketplace is not built to host. And progress can be recognised: the certification pathway assesses demonstrated competence, not completion. You pay more because the product is more; whether the more is what you need is the honest question, and <a href=""/help/pricing-and-payments/is-achology-worth-the-money/"">Is Achology worth the money?</a> treats it squarely.</p>
<p><strong>Related questions</strong></p>
<ul><li><a href=""/help/comparisons-and-alternatives/transfer-kain-ramsay-udemy-courses-achology/"">Can I transfer my Kain Ramsay Udemy course to Achology?</a></li><li><a href=""/help/pricing-and-payments/achology-pricing-versus-udemy-universities/"">Why is Achology priced higher than Udemy but lower than universities?</a></li><li><a href=""/help/comparisons-and-alternatives/achology-on-udemy-should-i-join-achology/"">I bought an Achology course on Udemy: should I also join Achology?</a></li><li><a href=""/help/comparisons-and-alternatives/achology-vs-linkedin-learning-comparison/"">How does Achology compare to LinkedIn Learning for psychology courses?</a></li></ul>"
281,what-makes-achology-different,What makes Achology different from most online learning platforms?,what makes Achology different from most online learning platforms,what makes achology different,What Makes Achology Different From Other Platforms,"What makes Achology different: an integrated curriculum, daily live practice, character development, and certification by demonstrated competence.","<p>So what makes Achology different from every other online course platform? Four things, each addressing a limit of the standard model. The curriculum is integrated rather than a list of titles. The learning is live rather than ending at the video player. The aim includes character alongside technique. And the certification is earned through demonstrated practice rather than a completion click.</p>
<h2>The four, and why each exists</h2>
<p><strong>An integrated curriculum.</strong> Twenty eight <a href=""/courses/"">courses</a> across <a href=""/academy/schools/"">seven schools</a> that teach as one body of thought, with <a href=""/help/curriculum-and-subjects/any-achology-courses-appear-more-than/"">courses appearing in more than one school</a> because the subjects genuinely overlap. Isolated courses leave the learner to integrate several traditions alone.</p>
<p><strong>Live learning.</strong> <a href=""/help/events-and-mentorship/achology-live-events-types/"">Daily events</a>, peer practice and mentorship, because passive watching produces familiarity rather than skill and <a href=""/help/learning-experience/achology-peer-learning-community-teaches/"">these particular skills are learned with people</a>.</p>
<p><strong>Character alongside technique.</strong> Technique without self-knowledge becomes manipulation, so <a href=""/help/outcomes-and-expectations/achology-character-development/"">character development</a> is a safeguard rather than an ornament.</p>
<p><strong>Earned certification.</strong> A certificate that only proves watching proves nothing, so <a href=""/certification/"">recognition follows demonstrated competence</a>, <a href=""/help/certificates-cpd-accreditation/who-verifies-achology-cpd-claims/"">independently verified</a>.</p>
<h2>Why they only work together</h2>
<p>Remove any one and the other three weaken, which is why this is a model rather than a feature list.</p>
<p>An integrated curriculum without live practice is a better reading list. Live practice without character work is a room full of people getting more effective at influencing others. Earned certification without any of it certifies nothing worth having. The interlock is the design.</p>
<h2>The honest caveat</h2>
<p>Different is not better for everybody, and this is where a comparison page usually stops being useful.</p>
<p>The model asks for engagement, reflection and practice. It frustrates anybody wanting content to consume passively, which <a href=""/help/achology-basics-and-identity/who-is-achology-not-for/"">who Achology is not designed for</a> says plainly.</p>
<p>If those four differences read as demands rather than as what has been missing, a standard course platform will serve you better and cost you less, and <a href=""/help/comparisons-and-alternatives/achology-vs-udemy-psychology-courses/"">the comparison with a marketplace</a> is written without condescension for exactly that reason.</p>
<p><strong>Related questions</strong></p>
<ul><li><a href=""/help/pricing-and-payments/achology-anti-gatekeeping-pricing/"">How does Achology's pricing reflect its anti-gatekeeping philosophy?</a></li><li><a href=""/help/achology-basics-and-identity/what-is-achology/"">What is Achology?</a></li><li><a href=""/help/comparisons-and-alternatives/why-pay-achology-when-free-content-exists/"">Why pay for Achology when free psychology content exists on YouTube?</a></li><li><a href=""/help/comparisons-and-alternatives/achology-vs-mindvalley-comparison/"">How does Achology compare to Mindvalley?</a></li></ul>
"
282,why-pay-achology-when-free-content-exists,Why pay for Achology when free psychology content exists on YouTube?,why pay for Achology when free psychology content exists on YouTube,why pay for achology,Why Pay for Achology When Free Content Exists?,"Why pay for Achology when free psychology content is everywhere? Because you pay for structure, community practice, and depth free content cannot carry.","<p>So why pay for Achology when the internet is full of free psychology? Because you would not be paying for information, and information is the only thing free content provides. Facts, explanations and genuinely excellent teaching are freely available, and Achology does not pretend otherwise.</p>
<h2>What the free ecosystem is, honestly</h2>
<p>Valuable. For staying curious, sampling ideas and following individual teachers, it is unbeatable at its price, and anyone dismissing it is selling something.</p>
<p>Its limits are structural rather than a matter of quality:</p>
<ul>
<li><strong>It is fragmented.</strong> A thousand good videos do not order themselves into a progression, so the integrating is left entirely to you.</li>
<li><strong>It is one-directional.</strong> No video watches you practise and tells you what to adjust.</li>
<li><strong>It is engagement-shaped.</strong> Content that must win the next click optimises for interest, which is not the same as development.</li>
</ul>
<p>None of that is a criticism of creators. It is what the medium can and cannot carry.</p>
<h2>The third limit is the one that costs most</h2>
<p>Free content is very good at making you feel you are learning, and that feeling is precisely what it is optimised to produce.</p>
<p>Somebody can watch psychology explainers for two years, acquire a large vocabulary and real understanding, and still have no more skill in a difficult conversation than when they started. Nothing in the medium ever tests them, so nothing ever tells them, and <a href=""/help/outcomes-and-expectations/course-completion-vs-competence/"">the gap between knowing and being able</a> stays invisible until it matters.</p>
<h2>What the payment actually buys</h2>
<p>The four things the free ecosystem cannot assemble: an integrated curriculum across <a href=""/academy/schools/"">the seven schools</a>, <a href=""/help/events-and-mentorship/achology-live-events-types/"">live practice with real people</a>, feedback and mentorship, and <a href=""/certification/"">recognition of demonstrated competence</a>.</p>
<p>If information were the product, paying would be irrational. Since competence is the product, the only question is whether competence is what you are after.</p>
<p>Start free and find out before spending anything: <a href=""/help/membership-and-access/there-free-achology-membership-include/"">the free tier</a> gives real access, and <a href=""/help/achology-basics-and-identity/achology-knowledge-hub-free-read/"">the Knowledge Hub</a> is free to read.</p>
<p><strong>Related questions</strong></p>
<ul><li><a href=""/help/comparisons-and-alternatives/what-makes-achology-different/"">What makes Achology different from most online learning platforms?</a></li><li><a href=""/help/comparisons-and-alternatives/self-study-books-vs-achology-courses/"">Self-study books vs Achology: which develops competence?</a></li></ul>
"
283,achology-vs-mindvalley-comparison,How does Achology compare to Mindvalley?,how does Achology compare to Mindvalley,achology compared to mindvalley,Achology Compared to Mindvalley: An Honest Comparison,Achology compared to Mindvalley: broad lifestyle learning by subscription versus deep applied psychology with community practice.,"<p>So how is Achology compared to Mindvalley? They occupy different corners of personal development. Mindvalley is a subscription platform offering broad lifestyle learning across health, relationships, spirituality, mindset and business, taught by well-known instructors in highly produced short programmes. Achology is an applied psychology academy: one subject taught deeply across <a href=""/academy/schools/"">seven schools</a>, with <a href=""/courses/"">courses</a> owned outright rather than subscribed to.</p>
<h2>Where Mindvalley genuinely serves people well</h2>
<p>Its strengths are real and worth naming rather than talking around. Production quality that makes learning pleasant. An unusually wide menu for the curious. Recognisable teachers. A subscription that suits sampling many subjects for one price.</p>
<p>For somebody who wants inspiration and variety across their whole life, and enjoys learning from names they know, it delivers exactly that. Achology does not attempt to, and would do it worse.</p>
<h2>Where Achology is the different choice</h2>
<p>It trades breadth for depth, and inspiration for competence.</p>
<p>The curriculum is one integrated body of applied psychology rather than a menu, which is why <a href=""/help/curriculum-and-subjects/many-courses-achology-offer-total/"">the 28 courses</a> cross-reference each other. The community exists for practice rather than motivation: <a href=""/help/events-and-mentorship/achology-live-events-types/"">live sessions through the week</a>, peer coaching, and mentorship. And progression is <a href=""/help/certificates-cpd-accreditation/who-verifies-achology-cpd-claims/"">independently verified</a> rather than self-declared.</p>
<h2>The difference underneath both</h2>
<p>The clearest way to tell them apart is what each does after the video ends.</p>
<p>Inspirational learning is finished when you have watched it, and the value is in how it left you feeling. Achology treats that moment as the halfway point, because <a href=""/help/outcomes-and-expectations/course-completion-vs-competence/"">completing a course and being competent are different things</a>, and only practice with feedback closes the gap.</p>
<p>That is also why <a href=""/help/pricing-and-payments/achology-no-transformation-promises/"">no transformation is promised</a> and <a href=""/pricing/"">prices</a> are flat all year. A provider whose product is how you feel afterwards has every reason to promise a feeling. One whose product is demonstrated skill cannot.</p>
<p>Choose Mindvalley to be energised across many areas of living. Choose Achology to become genuinely capable in one: understanding and helping people.</p>
<p><strong>Related questions</strong></p>
<ul><li><a href=""/help/comparisons-and-alternatives/what-makes-achology-different/"">What makes Achology different from most online learning platforms?</a></li><li><a href=""/help/comparisons-and-alternatives/achology-vs-tony-robbins-comparison/"">How does Achology compare to Tony Robbins programmes?</a></li></ul>
"
284,achology-vs-coursera-psychology-education,How does Achology compare to Coursera?,how does Achology compare to Coursera,achology compared to coursera,Achology Compared to Coursera for Psychology,Achology compared to Coursera: university-taught academic psychology with recognised certificates versus applied psychology practised in community.,"<p>So how is Achology compared to Coursera? Coursera brings the university into online learning; Achology deliberately offers what the university model does not. Coursera partners with academic institutions to deliver genuine university-taught content, with certificates carrying institutional names. Achology is an independent applied psychology academy, with <a href=""/courses/"">courses</a> owned outright and a community where the material is practised rather than examined.</p>
<h2>Where Coursera genuinely wins</h2>
<p>If institutional recognition matters to your goal, Coursera's model is built for exactly that: real university faculty, certificates bearing university names, and content grounded in academic research.</p>
<p>For a CV that needs recognisable academic credentials, or a learner who wants the theoretical foundations as universities teach them, it serves that honestly and at a fraction of a degree's cost. <a href=""/help/achology-basics-and-identity/is-achology-a-university/"">Achology is not a university</a> and does not pretend the two are interchangeable.</p>
<h2>Where Achology is the different choice</h2>
<p>The education is organised around application rather than assessment. The measure is what you can do with a person in front of you, not what you can pass, which is why every course includes community <a href=""/membership/"">membership</a> and why <a href=""/certification/"">the certification pathway</a> recognises demonstrated practice rather than completed coursework.</p>
<p>Its certifications are educational recognition within Achology's own framework, accredited by <a href=""/accreditation/"">the Society of Modern Applied Psychology</a> (SoMAP), and are honestly not university credentials. <a href=""/help/comparisons-and-alternatives/achology-certificates-vs-university-degrees/"">How the two kinds of recognition differ</a> is treated in full separately.</p>
<h2>The gap neither model closes on its own</h2>
<p>A university course and a marketplace course share one limitation: both finish when the studying does. You can complete either with distinction and still not know what to say when somebody in front of you goes quiet.</p>
<p>That gap is the whole reason for the shape of this place, and it is why <a href=""/help/outcomes-and-expectations/course-completion-vs-competence/"">completion and competence are treated as separate things</a> here rather than as the same achievement described twice.</p>
<p>The honest reverse also holds. Practice without grounding produces confident practitioners who do not know why anything works, which is why <a href=""/help/achology-basics-and-identity/achology-evidence-based-humanistic-psychology/"">the curriculum takes the research seriously</a> rather than dismissing academic psychology.</p>
<p>Choose Coursera for academic learning with institutional names. Choose Achology for practised helping skill.</p>
<p><strong>Related questions</strong></p>
<ul><li><a href=""/help/comparisons-and-alternatives/achology-certificates-vs-university-degrees/"">How do Achology certificates compare to university psychology degrees?</a></li><li><a href=""/help/comparisons-and-alternatives/achology-vs-linkedin-learning-comparison/"">How does Achology compare to LinkedIn Learning for psychology courses?</a></li></ul>
"
285,achology-vs-linkedin-learning-comparison,How does Achology compare to LinkedIn Learning for psychology courses?,how does Achology compare to LinkedIn Learning for psychology courses,achology vs linkedin learning,Achology vs LinkedIn Learning for Psychology,Achology vs LinkedIn Learning: LinkedIn offers short professional courses by subscription; Achology offers deep applied psychology with community practice.,"<p>So how is Achology vs LinkedIn Learning best understood? It is the cleanest breadth-against-depth comparison in online learning. LinkedIn Learning offers thousands of short professional <a href=""/courses/"">courses</a> by subscription, with psychology appearing as workplace-relevant basics. Achology offers the opposite shape: a small integrated curriculum of applied psychology courses, many running dozens of hours, owned outright and practised in a live community.</p>
<h2>Where LinkedIn Learning genuinely wins</h2>
<p>As a professional toolkit it is excellent. Quick, well-produced courses that add a discrete skill this week. Certificates that surface neatly on a profile recruiters already read. One subscription covering every topic a career touches.</p>
<p>If what you want from psychology is workplace fluency, better meetings, clearer communication, a manager's grasp of motivation, it delivers that faster and more cheaply than an academy could, and that is the job it was built for.</p>
<h2>Where Achology is the different choice</h2>
<p>It is built for the learner who wants psychology as a competence rather than a topic. Depth that takes months. Practice with real people through <a href=""/help/events-and-mentorship/achology-live-events-types/"">the community's events</a> and peer sessions. <a href=""/certification/"">A certification pathway</a> recognising demonstrated skill rather than completed viewing.</p>
<p>The <a href=""/academy/neuro-linguistic-programming/diploma-modern-applied-psychology/"">Diploma Course in Modern Applied Psychology</a> (DiMAP) alone runs to more than fifty hours, and <a href=""/help/curriculum-and-subjects/seven-schools-achology-curriculum-explained/"">the seven schools</a> are designed to be studied against each other rather than sampled.</p>
<h2>The honest test is your intent</h2>
<p>A skill for your current role points to LinkedIn Learning. A capability for helping, coaching or leading people as a serious dimension of your life points here.</p>
<p>Worth adding the thing the comparison hides. A short course can teach you what active listening is in forty minutes, and no course of any length can make you good at it. That only happens by doing it badly in front of somebody who tells you, which is <a href=""/help/outcomes-and-expectations/course-completion-vs-competence/"">the whole distinction between completing and being competent</a> and the reason the community is not an extra here.</p>
<p>So the question is not which library is bigger. It is whether you want to know about this or to be able to do it. <a href=""/help/comparisons-and-alternatives/what-makes-achology-different/"">What makes Achology different</a> sets out what the difference buys.</p>
<p><strong>Related questions</strong></p>
<ul><li><a href=""/help/comparisons-and-alternatives/achology-vs-coursera-psychology-education/"">How does Achology compare to Coursera?</a></li><li><a href=""/help/comparisons-and-alternatives/achology-vs-udemy-psychology-courses/"">How does Achology compare to Udemy for psychology courses?</a></li><li><a href=""/help/comparisons-and-alternatives/self-study-books-vs-achology-courses/"">Self-study books vs Achology: which develops competence?</a></li></ul>
"
286,achology-vs-tony-robbins-comparison,How does Achology compare to Tony Robbins programmes?,how does Achology compare to Tony Robbins programmes,achology vs tony robbins,"Achology vs Tony Robbins Programmes, Compared",Achology vs Tony Robbins: Robbins offers high-intensity live events built on peak experience; Achology offers structured education on sustained practice.,"<p>So how is Achology vs Tony Robbins best understood? They rest on different mechanisms of change. Robbins programmes centre on high-energy live events built around intensity, immersion and peak emotional states: multi-day experiences designed to produce breakthrough moments, at premium <a href=""/pricing/"">pricing</a>. Achology is structured education developed over months of study and community practice. One bets on the transforming moment; the other on the compounding habit.</p>
<h2>Where the Robbins model genuinely delivers</h2>
<p>Fairness requires saying this plainly rather than damning it politely.</p>
<p>Peak experiences are real. For many people an event of that kind provides genuine energy, a decisive push out of inertia, and a memory that marks a turning point. The production, the scale and the motivational craft are unmatched in the industry, and somebody who needs ignition rather than instruction may get exactly that.</p>
<p>The honest limitation is the one all intensity shares: states fade, and what persists depends on the structures a person returns home to.</p>
<h2>Where Achology is the different choice</h2>
<p>It is built as the structure rather than the spark. <a href=""/help/achology-basics-and-identity/principle-led-education-achology/"">Principle-led courses</a> across <a href=""/academy/schools/"">seven schools</a>, <a href=""/help/events-and-mentorship/achology-live-events-types/"">daily community practice</a>, mentorship, and <a href=""/certification/"">a competency pathway</a>, designed so development survives ordinary weeks rather than requiring extraordinary ones.</p>
<p>Nothing here is designed to feel like a breakthrough. <a href=""/help/events-and-mentorship/achology-skill-development-workshops/"">A skill workshop</a> is ninety unglamorous minutes of trying something, doing it clumsily and being told so.</p>
<h2>The sharpest contrast is about promises</h2>
<p>Achology promises no transformation at all, which in this market is close to unilateral disarmament, and <a href=""/help/pricing-and-payments/achology-no-transformation-promises/"">the reasoning is published</a>: no education provider controls the thing such promises claim to sell.</p>
<p>That constraint runs through everything else. No <a href=""/help/achology-basics-and-identity/manipulative-pricing-tactics-achology-avoids/"">urgency tactics or countdown timers</a>, no income claims, and <a href=""/help/achology-basics-and-identity/no-credential-inflation-achology/"">no inflated credentials</a>. What is left is the education, priced as education.</p>
<p>Choose the event if you need the fire lit. Choose <a href=""/academy/"">the academy</a> if you are ready to keep it burning yourself, which is <a href=""/help/achology-basics-and-identity/adult-to-adult-learning-no-hand-holding/"">the assumption this place is built on</a>.</p>
<p><strong>Related questions</strong></p>
<ul><li><a href=""/help/comparisons-and-alternatives/achology-vs-mindvalley-comparison/"">How does Achology compare to Mindvalley?</a></li><li><a href=""/help/comparisons-and-alternatives/achology-vs-school-of-life-comparison/"">How does Achology compare to The School of Life?</a></li><li><a href=""/help/pricing-and-payments/achology-no-transformation-promises/"">Why doesn't Achology promise transformation or guaranteed outcomes?</a></li></ul>
"
287,achology-vs-school-of-life-comparison,How does Achology compare to The School of Life?,how does Achology compare to The School of Life,achology vs school of life,Achology vs School of Life: An Honest Comparison,Achology vs School of Life: it offers philosophical insight into living well; Achology offers applied psychology practised into competence.,"<p>So how is Achology vs School of Life best understood? They are kindred in aim and different in method. The School of Life, founded by the philosopher Alain de Botton, approaches emotional intelligence through culture: beautifully produced essays, films, books and classes bringing philosophy to bear on love, work and the difficulty of being a person. Achology approaches the same territory through applied psychology, practised into skill inside a community.</p>
<h2>Where The School of Life genuinely excels</h2>
<p>Its craft is the point rather than the packaging. Ideas from the philosophical tradition made genuinely beautiful, consoling and clear, in a voice that treats ordinary emotional life as worthy of serious thought.</p>
<p>For a reader who wants to understand living more deeply, to be moved while learning, and to carry insight rather than technique, it may be the best-made resource in the field. Those are strengths to admire rather than compete with.</p>
<h2>Where Achology is the different choice</h2>
<p>It is built for the step after insight.</p>
<p>The <a href=""/courses/"">courses</a> train helping, coaching and communication skills across <a href=""/academy/schools/"">seven schools</a>. The community exists so those skills are rehearsed with real people in <a href=""/help/events-and-mentorship/achology-live-events-types/"">live sessions</a>. And <a href=""/certification/"">the certification pathway</a> recognises the competence that results, <a href=""/help/certificates-cpd-accreditation/who-verifies-achology-cpd-claims/"">independently verified</a> rather than self-declared.</p>
<h2>The honest distinction</h2>
<p>Reading a beautiful essay about difficult conversations and having one are separated by a gap that no amount of reading closes. That gap is the whole reason Achology exists in the shape it does, and it is the same point as <a href=""/help/outcomes-and-expectations/course-completion-vs-competence/"">completing a course not being the same as being competent</a>.</p>
<p>The reverse is also true and worth saying. Skill without depth of understanding produces a technician, which is why Achology carries <a href=""/help/community-and-conduct/nine-ccac-virtues/"">a character strand</a> alongside the practical one and why <a href=""/help/achology-basics-and-identity/principle-led-education-achology/"">it teaches principles rather than procedures</a>.</p>
<p>Both organisations believe wisdom about living belongs to everyone, a conviction stated here as <a href=""/help/achology-basics-and-identity/psychology-as-practical-wisdom/"">psychology as practical wisdom</a>. The choice is contemplation made excellent against practice made structured, and a thoughtful person might use both.</p>
<p><strong>Related questions</strong></p>
<ul><li><a href=""/help/comparisons-and-alternatives/achology-vs-tony-robbins-comparison/"">How does Achology compare to Tony Robbins programmes?</a></li><li><a href=""/help/achology-basics-and-identity/psychology-as-practical-wisdom/"">What does Achology mean by 'psychology as practical wisdom'?</a></li></ul>
"
288,achology-vs-icf-coaching-certification,How does Achology compare to ICF coaching certification?,how does Achology compare to ICF coaching certification,achology vs icf coaching certification,"Achology vs ICF Coaching Certification, Compared",Achology vs ICF coaching certification: ICF provides the coaching industry's standard credential; Achology provides psychological depth for helping work.,"<p>So how is Achology vs ICF coaching certification best understood? They recognise different things, and honestly compared they are complements rather than rivals. The International Coaching Federation (ICF) is the industry's dominant credentialing body. Achology is an applied psychology academy whose <a href=""/certification/"">certification pathway</a> is <a href=""/accreditation/"">accredited</a> by the Society of Modern Applied Psychology (SoMAP) rather than the ICF.</p>
<h2>Where ICF genuinely wins</h2>
<p>Its credentials, ACC, PCC and MCC, are earned through accredited coach-specific training, logged coaching hours, mentor coaching and competency assessment, and they are what much of the corporate coaching market recognises.</p>
<p>If your goal is a coaching career in markets that ask for the credential, that is the recognised route and Achology does not substitute for it. An Achology certification is not an ICF credential and is <a href=""/help/achology-basics-and-identity/no-credential-inflation-achology/"">never presented as one</a>.</p>
<p>Standardisation is ICF's real strength. A PCC means a defined, externally verified thing anywhere in the world, and that is worth something no individual provider can manufacture.</p>
<h2>Where Achology adds what a credential cannot</h2>
<p>A coaching credential certifies methodology. It does not by itself supply depth of psychological understanding, and that gap is where this sits: <a href=""/academy/schools/"">seven traditions of applied psychology</a>, <a href=""/help/achology-basics-and-identity/what-is-applied-psychology-achology/"">self-knowledge developed alongside technique</a>, and a community where the skills are practised continually.</p>
<p>The distinction shows up in the room rather than on paper. Methodology tells you what to do next in a coaching conversation. Psychological understanding tells you what is actually happening in front of you, which is what decides whether the next move is the right one.</p>
<h2>Why they are complements</h2>
<p>Many effective coaches pursue both: the credential for the market and the psychology for the work itself. Neither replaces the other, and a practitioner strong in one and weak in the other is visible fairly quickly.</p>
<p>If you must sequence them, choose by your next requirement: the client who asks for a PCC, or the sessions that keep exceeding your understanding. <a href=""/help/certificates-cpd-accreditation/join-professional-body-after-achology/"">Whether to join a professional body</a> covers the same decision from the other side.</p>
<p>What each certificate actually claims is worth knowing before you describe either: <a href=""/help/certificates-cpd-accreditation/what-achology-certificate-proves/"">what an Achology certificate proves</a> is stated plainly rather than left to inference.</p>
<p><strong>Related questions</strong></p>
<ul><li><a href=""/help/certificates-cpd-accreditation/what-achology-certificate-proves/"">What does my Achology certificate actually prove?</a></li><li><a href=""/help/comparisons-and-alternatives/achology-vs-therapy-training-counselling/"">Can Achology replace traditional therapy training?</a></li><li><a href=""/help/certificates-cpd-accreditation/join-professional-body-after-achology/"">Do I need to join a professional body after Achology?</a></li></ul>
"
289,achology-vs-therapy-training-counselling,Can Achology replace traditional therapy training?,can Achology replace traditional therapy training,achology replace therapy training,Can Achology Replace Therapy Training? No,"Can Achology replace therapy training? No. It qualifies you for non-clinical coaching and helping roles, not regulated clinical practice.","<p>So can Achology replace therapy training? No, absolutely not, and it is worth answering as plainly as the question deserves. Therapy training qualifies a person for regulated clinical practice: diagnosing and treating mental health conditions, working with vulnerable people, under supervision, registration and ongoing accountability. That runs through recognised qualifications, clinical placements and supervised hours. Nothing substitutes for it, Achology included.</p>
<h2>What Achology trains instead</h2>
<p>The non-clinical helping space: coaching, mentoring, leadership and skilled everyday helping with generally functioning adults.</p>
<p>The curriculum deliberately excludes diagnosis and treatment, which is why <a href=""/help/achology-basics-and-identity/why-achology-avoids-diagnostic-labels/"">diagnostic labelling is not taught</a>. Members are trained to recognise where coaching ends and clinical need begins, and <a href=""/about/code-of-ethics/"">the Code of Ethics</a> binds them to refer on.</p>
<p>The boundary is not a limitation being spun. It is the product working as designed, and <a href=""/help/achology-basics-and-identity/is-achology-therapy-counselling-or-coaching/"">what Achology is and is not</a> sets it out at the front rather than in the small print.</p>
<h2>Why this answer is not hedged</h2>
<p>Because of who asks it. Somebody weighing this against a counselling qualification is usually early, serious, and considering a career built around sitting with people in distress.</p>
<p>Getting that answer wrong does not cost them a course fee. It costs them years, and it eventually costs a client who needed a clinician and got somebody trained for something else in good faith.</p>
<p>Any provider willing to blur that line to make a sale is demonstrating exactly the judgement you would not want in a practitioner they trained.</p>
<h2>Where the two paths meet honestly</h2>
<p>Some people take both in sequence. Therapists who add these applied traditions to enrich the non-clinical dimensions of their work. Members whose helping practice reveals a vocation that leads them into <a href=""/accreditation/"">accredited</a> clinical training.</p>
<p>Both movements are legitimate; substitution in either direction is not.</p>
<p>And if cost is what makes therapy training feel out of reach, the honest counsel is that this is not the cheap version of it. It is a different education for different work, <a href=""/help/pricing-and-payments/achology-anti-gatekeeping-pricing/"">priced as it is because that work needs no gate</a>. <a href=""/help/certificates-cpd-accreditation/coaching-vs-counselling-credentials-difference/"">The training comparison</a> sets the two side by side.</p>
<p><strong>Related questions</strong></p>
<ul><li><a href=""/help/achology-basics-and-identity/is-achology-a-university/"">Is Achology a university or degree provider?</a></li><li><a href=""/help/comparisons-and-alternatives/achology-vs-icf-coaching-certification/"">How does Achology compare to ICF coaching certification?</a></li><li><a href=""/help/certificates-cpd-accreditation/call-myself-therapist-achology-courses/"">Can I call myself a therapist after completing Achology courses?</a></li><li><a href=""/help/certificates-cpd-accreditation/coaching-vs-counselling-credentials-difference/"">What's the difference between coaching and counselling training?</a></li></ul>
"
290,self-study-books-vs-achology-courses,Self-study books vs Achology: which develops competence?,self-study books vs Achology: which develops competence,books vs achology courses,"Self-Study Books vs Achology Courses, Compared","Books vs Achology courses: books deliver knowledge brilliantly and cheaply; competence needs practice, feedback, and structure too.","<p>So how do books vs Achology courses compare for building real competence? For knowledge, books are unbeatable value. For competence, they cannot finish the job alone, and the honest answer is that the two work best together.</p>
<h2>What books genuinely provide</h2>
<p>A well-chosen psychology book delivers a serious thinker's framework for a few pounds, readable on your own schedule and re-readable for life. Somebody who works through the field's great books gains real understanding, often deeper theoretical grounding than any course provides.</p>
<p>Achology's curriculum draws on that literature and would never talk you out of it.</p>
<h2>What no book can do</h2>
<p>Four things, and they are structural rather than a matter of the book being poor:</p>
<ul>
<li><strong>Watch you practise</strong> and tell you what to adjust.</li>
<li><strong>Order itself</strong> into a curriculum with its neighbours, so the reading list and its sequence are yours to guess at.</li>
<li><strong>Integrate</strong> its framework with the others, since each author's sits alone.</li>
<li><strong>Hold you to consistency</strong>, because reading is solitary and nobody notices when it stops.</li>
</ul>
<p>Those four, feedback, structure, integration and accountability, are exactly what separates understanding a skill from having one, which is <a href=""/help/outcomes-and-expectations/course-completion-vs-competence/"">the distinction the whole model is built around</a>.</p>
<h2>The failure mode worth recognising</h2>
<p>A decade of serious reading can leave somebody deeply read and still unpractised in a room with a real person.</p>
<p>That is not a small gap and it is rarely visible from inside, because reading feels like progress and produces the confidence of knowing things. The first honest test is usually an actual conversation that does not go as the book described.</p>
<p><a href=""/academy/schools/"">The seven schools</a> exist as the ordered version of that reading, and <a href=""/help/learning-experience/achology-peer-learning-community-teaches/"">the community</a> exists so the material meets somebody who responds.</p>
<h2>The combination that actually works</h2>
<p>Read the books; practise in the structure. The books deepen what the practice reveals, and the practice tests what the books claim.</p>
<p>If budget forces a choice this year, choose by your bottleneck. Understanding thin, buy books. Understanding rich but unpractised, that is precisely the gap this model exists to close, and <a href=""/help/comparisons-and-alternatives/why-pay-achology-when-free-content-exists/"">the same reasoning applies to free content</a>.</p>
<p><strong>Related questions</strong></p>
<ul><li><a href=""/help/comparisons-and-alternatives/why-pay-achology-when-free-content-exists/"">Why pay for Achology when free psychology content exists on YouTube?</a></li><li><a href=""/help/comparisons-and-alternatives/achology-vs-linkedin-learning-comparison/"">How does Achology compare to LinkedIn Learning for psychology courses?</a></li></ul>
"
291,achology-certificates-vs-university-degrees,How do Achology certificates compare to university psychology degrees?,how do Achology certificates compare to university psychology degrees,achology certificates vs degrees,"Achology Certificates vs Degrees, Explained",Achology certificates vs degrees are different instruments: a degree is an academic qualification; a certificate recognises applied competence.,"<p>So how do Achology certificates vs degrees from a psychology programme compare? Honestly: they are not comparable instruments, and pretending otherwise would mislead in both directions.</p>
<h2>What each one is</h2>
<p>A university degree is a regulated academic qualification: three or more years of assessed study, tuition typically upwards of £27,000 for a UK undergraduate programme, and the only entry to statutory professions such as clinical psychology, plus the research career track.</p>
<p>An Achology certificate is educational recognition of applied competence within Achology's framework, earned through <a href=""/certification/"">the certification pathway</a> by demonstrated practice, <a href=""/accreditation/"">accredited</a> by the Society of Modern Applied Psychology (SoMAP), and <a href=""/help/achology-basics-and-identity/no-credential-inflation-achology/"">never presented as a degree, licence or statutory qualification</a>.</p>
<h2>What each is actually for</h2>
<p>Choose by what the recognition must do.</p>
<p>A degree opens regulated doors: clinical training, chartered status, academia. Nothing else opens them and <a href=""/help/outcomes-and-expectations/can-achology-replace-university-degrees/"">this does not try</a>.</p>
<p>An Achology certificate speaks to a different audience, <a href=""/help/outcomes-and-expectations/will-clients-take-achology-certificate-seriously/"">clients</a>, <a href=""/help/outcomes-and-expectations/will-employers-recognise-achology-certificate/"">employers in unregulated helping work</a>, and yourself. What it says is specific: this person studied applied psychology seriously and demonstrated the competence in practice.</p>
<h2>The thing they measure differently</h2>
<p>A degree certifies that you studied a body of knowledge to an academic standard, assessed largely in writing. This certifies that you did something in front of somebody qualified to judge it.</p>
<p>Neither is the better measure in general. They are answers to different questions, and a graduate who has never coached anybody and a practitioner who has never read the research are both incomplete in ways the other would notice.</p>
<h2>The honest questions to ask of any certificate</h2>
<p>The worth of non-academic recognition rests entirely on what stands behind it, so interrogate this one exactly as you should interrogate anybody's.</p>
<p>What did earning it require? Who assessed it? Is the assessor independent of the seller?</p>
<p>The answers here are published: competence demonstrated over time, <a href=""/help/certificates-cpd-accreditation/who-verifies-achology-cpd-claims/"">evaluated by a body separate from the business selling the courses</a>, and <a href=""/help/certificates-cpd-accreditation/verify-achology-certificate/"">confirmable on request</a>. <a href=""/help/certificates-cpd-accreditation/what-achology-certificate-proves/"">The plain-language account</a> is written out in full.</p>
<p>A certificate that survives those three questions is worth holding. One that cannot is decoration, whoever issued it.</p>
<p><strong>Related questions</strong></p>
<ul><li><a href=""/help/comparisons-and-alternatives/achology-vs-university-psychology/"">How is Achology's approach different from university psychology programmes?</a></li><li><a href=""/help/comparisons-and-alternatives/achology-vs-coursera-psychology-education/"">How does Achology compare to Coursera?</a></li><li><a href=""/help/certificates-cpd-accreditation/what-achology-certificate-proves/"">What does my Achology certificate actually prove?</a></li><li><a href=""/help/outcomes-and-expectations/can-achology-replace-university-degrees/"">Can Achology courses replace a university psychology degree?</a></li></ul>
"
292,how-psychology-became-institutionalised,How did psychology become institutionalised and gatekept?,how did psychology become institutionalised and gatekept,psychology became institutionalised and gatekept,Psychology Became Institutionalised and Gatekept,"Psychology became institutionalised and gatekept gradually, growing from philosophy and everyday wisdom into a credentialed academic profession.","<p>How psychology became institutionalised and gatekept is worth answering plainly. It happened gradually, and mostly for understandable reasons. For most of human history the understanding of mind, emotion and conduct lived in philosophy, spiritual traditions and community wisdom, belonging to no profession. Then it became a science, then a profession, then a clinical infrastructure, and each step had a real purpose.</p>
<h2>The sequence</h2>
<ul>
<li><strong>Late 1800s</strong>: psychology becomes a laboratory science inside universities.</li>
<li><strong>Early to mid twentieth century</strong>: it professionalises, with degrees, licensing and regulatory bodies.</li>
<li><strong>Later twentieth century</strong>: diagnostic manuals and healthcare systems organise its clinical wing around formally defined conditions.</li>
</ul>
<p>Each of those moved psychological understanding further inside institutional walls, and none of them intended to.</p>
<h2>What the transition genuinely gained</h2>
<p>Fairness requires the credit column, and it is substantial.</p>
<p>Scientific psychology produced knowledge tradition alone never could: tested findings about memory, development, behaviour and effective treatment. Professionalisation protected the vulnerable, because licensing and ethics boards exist for the good reason that unaccountable practice on distressed people causes real harm. And the clinical infrastructure, imperfect as it is, treats conditions that once meant untreated suffering.</p>
<p>None of this was elites hoarding wisdom. It was a field growing standards, and the standards work. Any account that skips this part is selling something.</p>
<h2>The side effect Achology responds to</h2>
<p>The cost came with the packaging rather than the intent.</p>
<p>As psychology's serious forms became degree-gated professions, the everyday understanding at its heart, of yourself, your relationships, communication and helping, came to feel like professional property too. Something ordinary adults consume through experts rather than learn.</p>
<p>That side effect, not the professions themselves, is what this answers: <a href=""/help/getting-started/prior-qualifications-needed-achology/"">open-entry</a> applied psychology for <a href=""/help/achology-basics-and-identity/psychology-as-practical-wisdom/"">the non-clinical uses that were never rightly gated</a>, alongside the professions and with <a href=""/help/achology-basics-and-identity/is-achology-therapy-counselling-or-coaching/"">clear boundaries toward them</a>.</p>
<p>It is why <a href=""/help/pricing-and-payments/achology-anti-gatekeeping-pricing/"">the pricing is built as it is</a>, and <a href=""/help/comparisons-and-alternatives/society-lost-gatekeeping-psychology/"">what the side effect has cost</a> is the companion question.</p>
<p><strong>Related questions</strong></p>
<ul><li><a href=""/help/comparisons-and-alternatives/society-lost-gatekeeping-psychology/"">What has society lost by gatekeeping psychological knowledge?</a></li><li><a href=""/help/achology-basics-and-identity/why-achology-criticizes-psychology-teaching/"">Why does Achology criticise how psychology is typically taught?</a></li></ul>
"
293,society-lost-gatekeeping-psychology,What has society lost by gatekeeping psychological knowledge?,what has society lost by gatekeeping psychological knowledge,gatekeeping of psychological knowledge,What Gatekeeping of Psychological Knowledge Costs,"The gatekeeping of psychological knowledge costs ordinary life: self-understanding, relationships, and helping skill nobody was taught.","<p>So what has society lost through the gatekeeping of psychological knowledge? Mostly an enormous unclaimed opportunity. When psychological understanding is treated as professional property, learned properly only inside degree programmes, the losses land in ordinary life: people navigate their own minds, marriages, parenting, and workplaces without ever being taught the understanding that exists about all of them. The claim here is modest and checkable against your own experience: nearly everyone is taught to read and count; almost no one is taught how emotions work, how to listen well, or how to help someone thinking through a hard decision, and those are teachable.</p>
<h2>The costs, stated honestly</h2>
<p>Three follow from that gap. Self-understanding stays accidental: most adults assemble their model of their own patterns from trial, error, and whatever culture happens to hand them, when centuries of accumulated insight sit unread. Relational skill stays untrained: listening, conflict, and repair are learnable crafts treated as personality traits, so families and teams pay daily for skills nobody was offered. And helping capacity stays scarce: the ordinary support people need from each other, distinct from clinical care, is rationed by the shortage of people confident to give it well.</p>
<p>What this argument deliberately does not claim is that gatekeeping caused society's mental health struggles, whose causes are many, or that professional treatment is the problem; clinical care is essential and sits outside this case entirely.</p>
<h2>What widespread literacy would look like</h2>
<p>The reversal is not a world without professionals but a world of psychologically literate ordinary people alongside them: adults fluent in their own patterns, families that repair well, workplaces led by people who understand people, and clinicians consulted for clinical need rather than for everything. That is the future Achology's open-entry model, <a href=""/help/achology-basics-and-identity/psychology-as-practical-wisdom/"">psychology as practical wisdom for everyone</a>, is built toward, one learner at a time, starting from $97 and no permission required.</p>
<p><strong>Related questions</strong></p>
<ul><li><a href=""/help/comparisons-and-alternatives/how-psychology-became-institutionalised/"">How did psychology become institutionalised and gatekept?</a></li><li><a href=""/help/achology-basics-and-identity/why-achology-criticizes-psychology-teaching/"">Why does Achology criticise how psychology is typically taught?</a></li></ul>"
294,what-achology-certificate-proves,What does my Achology certificate actually prove?,what does my Achology certificate actually prove,achology certificate actually prove,What an Achology Certificate Actually Proves,What does an Achology certificate actually prove? A completion certificate proves study; an achievement certificate proves assessed progression.,"<p>So what does an Achology certificate actually prove to somebody else? Exactly what it says, and Achology keeps what it says modest. There are two kinds. A certificate of completion proves you finished a course: systematic study through a structured professional curriculum in a specific psychological tradition. A certificate of achievement proves progression through the <a href=""/certification/"">certification pathway</a>: course requirements plus community-participation milestones, verified within a framework accredited by <a href=""/accreditation/"">the Society of Modern Applied Psychology</a> (SoMAP). Neither claims you are a licensed professional, guarantees a skill level, or qualifies you for regulated work, and the certificates never pretend otherwise.</p>
<h2>The honest line between education and competence</h2>
<p>Completing education and being competent are different things, and the certificate documents the first. What turns study into capability is what you do around it: practice in the community, feedback, supervision where your work warrants it, and hours with real people. That is why the pathway's higher recognition is earned rather than granted, and why progression from Achologist toward Master Achologist requires demonstrated participation and practice, not course completions alone. A certificate opens the conversation by evidencing serious study; your practice is what the conversation then rests on.</p>
<h2>Why the modesty is the point</h2>
<p>A certificate that overclaims transfers risk to whoever trusts it: the client who assumes a licence, the employer who assumes assessed competence that never happened. Achology's certificates are written to survive scrutiny instead, and the framework around them is published: what earning each level requires, who verifies it, and what it does not confer, as set out in <a href=""/help/certificates-cpd-accreditation/what-does-achology-certification-qualify/"">What does an Achology certification qualify me to do?</a> Held that way, the certificate is worth exactly its face value, which is the only kind of value a credential can honestly have.</p>
<p><strong>Related questions</strong></p>
<ul><li><a href=""/help/achology-basics-and-identity/is-achology-educational-provider-or-professional-body/"">Is Achology an educational provider or a professional body?</a></li><li><a href=""/help/achology-basics-and-identity/no-credential-inflation-achology/"">Why doesn't Achology inflate credentials to seem more prestigious?</a></li><li><a href=""/help/comparisons-and-alternatives/achology-certificates-vs-university-degrees/"">How do Achology certificates compare to university psychology degrees?</a></li><li><a href=""/help/comparisons-and-alternatives/achology-vs-icf-coaching-certification/"">How does Achology compare to ICF coaching certification?</a></li></ul>"
296,achology-courses-cpd-hours,Can I use Achology courses for CPD hours?,can I use Achology courses for CPD hours,achology courses for cpd hours,Achology Courses for CPD Hours: Do They Count?,"Achology courses for CPD hours often count, depending on your professional body's rules. Self-directed CPD models typically accept documented study.","<p>So can you count Achology <a href=""/courses/"">courses</a> for CPD hours toward your professional development record? Often, yes, and the honest answer depends on one thing: your professional body's continuing professional development (CPD) rules, which you should check before counting on it. Continuing Professional Development (CPD) requirements come in two broad models. Bodies running a self-directed model let members claim any relevant, documented professional learning, and Achology courses suit that model well. Bodies running an approved-provider model accept hours only from listed providers, and Achology is unlikely to appear on such lists. Neither model is right or wrong; they are simply different rules, and yours decides the answer.</p>
<h2>What Achology gives you to document it</h2>
<p>CPD claims live or die on documentation, and Achology's is solid: certificates of completion for finished courses, certificates of achievement for verified progression through the <a href=""/certification/"">certification pathway</a>, and detailed published curricula evidencing the hours and content of what you studied, with substantial courses to evidence, the <a href=""/academy/neuro-linguistic-programming/diploma-modern-applied-psychology/"">Diploma Course in Modern Applied Psychology</a> alone carrying 51+ hours. Members using Achology for CPD generally pair the certificate with the curriculum detail and a short reflective note on how the learning applies to their practice, which is the shape most self-directed CPD systems ask for.</p>
<h2>How to check yours, quickly</h2>
<p>Three steps settle it. Find your body's CPD policy and look for the operative phrase: ""self-directed"", ""member-recorded"", or ""relevant learning"" points to yes; ""approved providers only"" points to no. If it is ambiguous, ask your CPD officer one plain question: whether documented study with an independent applied psychology education provider counts. And if the answer is no for formal hours, the learning still serves the practice the CPD rules exist to protect, which is a reason to study, though not a claim to hours. How your progression is evidenced inside Achology is covered in <a href=""/help/certificates-cpd-accreditation/evidence-cpd-learning-progression-achology/"">How do I evidence my CPD and learning progression?</a></p>
<p><strong>Related questions</strong></p>
<ul><li><a href=""/help/certificates-cpd-accreditation/what-does-achology-certification-qualify/"">What does an Achology certification qualify me to do?</a></li><li><a href=""/help/certificates-cpd-accreditation/evidence-cpd-learning-progression-achology/"">How do I evidence my CPD and learning progression?</a></li><li><a href=""/help/certificates-cpd-accreditation/cpd-journey-after-leaving-achology/"">What happens to my CPD credits if I leave Achology?</a></li><li><a href=""/help/outcomes-and-expectations/will-employers-recognise-achology-certificate/"">Will employers recognise my Achology certificate?</a></li></ul>"
297,what-does-achology-certification-qualify,What does an Achology certification qualify me to do?,what does an Achology certification qualify me to do,achology certification qualify me,What Does an Achology Certification Qualify Me to Do?,"What does an Achology certification qualify me to do? It recognises educational achievement within Achology's framework, not a licence to practise.","<p>So what does an Achology <a href=""/certification/"">certification</a> qualify me to do? It recognises educational achievement within Achology's framework, and that is the whole legal claim. An Achology certification is not a licence, statutory qualification, professional registration, or legal authority to practise any regulated profession, and it grants no right to regulated titles. Whether you can practise professionally with it depends on three things the certificate cannot settle for you: what services you intend to offer, the law of your jurisdiction, and your actual competence. Achology states this before purchase because a buyer deserves the boundary in advance, not in the small print.</p>
<h2>What it supports in practice</h2>
<p>Within unregulated helping work, the certification does real work. Coaching, mentoring, and personal development practice are open fields in most jurisdictions, and there an Achology certification evidences exactly what it claims: serious structured study of applied psychology, and, at achievement levels, competence demonstrated through practice and verified within a <a href=""/accreditation/"">Society of Modern Applied Psychology</a> (SoMAP)-accredited pathway. Clients and employers in those fields are entitled to ask what stands behind it, and the published pathway means the answer holds up, as <a href=""/help/certificates-cpd-accreditation/what-achology-certificate-proves/"">What does my Achology certificate actually prove?</a> sets out. Achology also deliberately issues no post-nominal letters, for reasons covered in its own article.</p>
<h2>What stays yours to verify</h2>
<p>Responsibility for practising lawfully is yours, and the certificate does not carry it for you. Before offering any service, confirm which titles and activities are regulated where you live and where your clients live, describe your training accurately in all your materials, and stay inside the competence your practice has actually built, referring on where a person's needs are clinical. The sharpest version of the boundary has its own plain answer: <a href=""/help/certificates-cpd-accreditation/call-myself-therapist-achology-courses/"">Can I call myself a therapist after completing Achology courses?</a></p>
<p><strong>Related questions</strong></p>
<ul><li><a href=""/help/certificates-cpd-accreditation/call-myself-therapist-achology-courses/"">Can I call myself a therapist after completing Achology courses?</a></li><li><a href=""/help/certificates-cpd-accreditation/achology-courses-cpd-hours/"">Can I use Achology courses for CPD hours?</a></li><li><a href=""/help/certificates-cpd-accreditation/post-nominal-letters-achology-certificates/"">Can I put letters after my name with Achology certificates?</a></li><li><a href=""/help/certificates-cpd-accreditation/achology-certificates-recognised-internationally/"">Are Achology certificates recognised internationally?</a></li></ul>"
298,call-myself-therapist-achology-courses,Can I call myself a therapist after completing Achology courses?,can I call myself a therapist after completing Achology courses,call yourself a therapist,Can You Call Yourself a Therapist After Achology?,Can you call yourself a therapist after Achology courses? No. Clinical titles imply accredited training and registration that Achology does not provide.,"<p>So can you call yourself a therapist once you have finished? No. Titles such as therapist, counsellor, psychotherapist, and psychologist tell the public one specific thing: that the person holds accredited clinical training, supervised practice hours, and professional registration. Achology's education, by design, provides none of those, so using such a title on the back of it misrepresents your training to the people trusting you with their difficulties. The legal position varies by title and jurisdiction, some titles are legally protected in some places, ""psychologist"" variants in the UK among them, and others are not, but the ethical position does not vary at all: presenting non-clinical education as clinical qualification is wrong everywhere, and in some places also unlawful.</p>
<h2>Why this matters beyond the law</h2>
<p>The person who searches for a therapist is often at their most vulnerable, and the title is how they judge what they are getting. Someone who believes they are receiving clinical care from a clinically trained professional, and is not, has been harmed at the point of highest trust, whatever the local statute says. This is why Achology's <a href=""/about/code-of-ethics/"">Code of Ethics</a> treats accurate self-description as foundational, and why the whole curriculum teaches members to know the edge of non-clinical helping and refer beyond it.</p>
<h2>What you can call yourself</h2>
<p>Plenty, honestly. Coach, mentor, or a plain description of what you actually do and studied: ""a life coach trained in applied psychology through Achology"" is accurate, checkable, and professional. Honest description is not a downgrade; in unregulated fields it is exactly what separates credible practitioners from title-borrowers, and clients increasingly know the difference. If your ambition is genuinely clinical work, the honest route exists and Achology points to it plainly: <a href=""/accreditation/"">accredited</a> therapy training, as set out in <a href=""/help/comparisons-and-alternatives/achology-vs-therapy-training-counselling/"">Can Achology replace traditional therapy training?</a></p>
<p><strong>Related questions</strong></p>
<ul><li><a href=""/help/certificates-cpd-accreditation/what-does-achology-certification-qualify/"">What does an Achology certification qualify me to do?</a></li><li><a href=""/help/comparisons-and-alternatives/achology-vs-therapy-training-counselling/"">Can Achology replace traditional therapy training?</a></li><li><a href=""/help/certificates-cpd-accreditation/insurance-coverage-achology-qualifications/"">Will insurance companies cover me with Achology qualifications?</a></li><li><a href=""/help/certificates-cpd-accreditation/coaching-vs-counselling-credentials-difference/"">What's the difference between coaching and counselling training?</a></li></ul>"
299,evidence-cpd-learning-progression-achology,How do I evidence my CPD and learning progression?,how do I evidence my CPD and learning progression,cpd and learning progression,How to Evidence Your CPD and Learning Progression,"To evidence your CPD and learning progression, your member account tracks most of it automatically: attendance, completions, and session credits.","<p>So how do you evidence your CPD and learning progression at Achology? Mostly, Achology evidences it for you automatically. Your member continuing professional development (CPD) journey account automatically records your attendance at Virtual Achologist Led Training Sessions (VALTS), the live training events, and your course completions; credits for Peer-to-Peer Applied Learning Sessions (PALS), the peer practice sessions, and Competency Improvement Practice Sessions (CIPS), the one-to-one coaching practice sessions, are recorded to the host or coach of each session; and your annual <a href=""/about/code-of-ethics/"">Code of Ethics</a> training logs against your progression too.</p>
<p>The CPD Handbook adds manual tracking log pages so you can keep a personal record alongside the system, and it is worth glancing at your account periodically to confirm sessions have logged correctly.</p>
<h2>What the record adds up to</h2>
<p>Together these records document something stronger than a stack of certificates: a verifiable picture of sustained development. Each level of the <a href=""/certification/"">certification pathway</a>, from Achologist to Master Achologist, has defined milestones combining course requirements with community participation, and your account shows your current level and what remains for the next. Certificates of completion evidence the study; certificates of achievement evidence the verified progression; and the journey record evidences the practice hours between them, which is precisely the part employers and professional bodies most want to see.</p>
<h2>Using the evidence outside Achology</h2>
<p>For CPD submissions to an employer or professional body, pair the relevant certificate with your journey record and a short reflective note on how the learning applies to your work; whether a given body accepts it depends on their rules, as <a href=""/help/certificates-cpd-accreditation/achology-courses-cpd-hours/"">Can I use Achology courses for CPD hours?</a> explains honestly. And if you step away from <a href=""/membership/"">membership</a> for a while, the record you have built does not reset, per <a href=""/help/certificates-cpd-accreditation/cpd-journey-after-leaving-achology/"">What happens to my CPD credits if I leave Achology?</a></p>
<p><strong>Related questions</strong></p>
<ul><li><a href=""/help/certificates-cpd-accreditation/achology-courses-cpd-hours/"">Can I use Achology courses for CPD hours?</a></li><li><a href=""/help/certificates-cpd-accreditation/cpd-journey-after-leaving-achology/"">What happens to my CPD credits if I leave Achology?</a></li><li><a href=""/help/certificates-cpd-accreditation/achologist-title-without-membership/"">Can I call myself an Achologist if I'm not a paying member?</a></li><li><a href=""/help/outcomes-and-expectations/course-completion-vs-competence/"">What's the difference between completing a course and being competent?</a></li></ul>"
300,verify-achology-certificate,How can employers or clients verify an Achology certificate?,how can employers or clients verify an Achology certificate,verify an achology certificate,How to Verify an Achology Certificate,"To verify an Achology certificate, contact Achology directly: support confirms authenticity, the course completed, and the holder's CPD level.","<p>So how can employers or clients verify an Achology certificate? By asking Achology directly. Email support@achology.com or use the <a href=""/enquiries/"">enquiries page</a> with the holder's name and the certificate details, and Achology will confirm whether it is genuine, which course or level it represents, and the holder's standing on the continuing professional development (CPD) pathway. There is no public registry or automated lookup, so direct confirmation is the route.</p>
<h2>What verification actually tells you</h2>
<p>It distinguishes the two things a certificate can represent, and the difference is the whole point of asking.</p>
<p>A certificate of completion means the named course was finished. A certificate of achievement means progression through <a href=""/certification/"">the certification pathway</a> was demonstrated and <a href=""/help/certificates-cpd-accreditation/who-verifies-achology-cpd-claims/"">verified by the Society of Modern Applied Psychology (SoMAP)</a>.</p>
<p>That is evidenced study against evidenced practice, and <a href=""/help/certificates-cpd-accreditation/difference-between-certificate-completion-certificate-achievement/"">the two certificates</a> are deliberately not given the same name. Asking Achology which one you are looking at is a legitimate and welcome question.</p>
<h2>Why there is no public database</h2>
<p>Worth saying, because its absence can read as evasion and is closer to the opposite.</p>
<p>A public register of members would publish who trained here, at what level, to anyone who searched. Members bring real difficulties to <a href=""/help/events-and-mentorship/coaching-hot-seat/"">live sessions</a> and personal material to <a href=""/help/community-and-conduct/nine-ccac-virtues/"">character work</a>, and a searchable directory would quietly make that a matter of record.</p>
<p>Confirming an individual certificate on request achieves the verification without publishing everybody, which is consistent with <a href=""/help/privacy-and-legal/what-personal-data-achology-collects/"">how member data is treated generally</a>.</p>
<h2>What the holder can show you meanwhile</h2>
<p>A credible member evidences themselves without waiting on an email: the certificates, their record of events attended and sessions delivered, and a plain account of what the training covered.</p>
<p>A practitioner who volunteers that, and describes their qualification accurately rather than grandly, is demonstrating the professional habit the framework is built to produce. <a href=""/help/certificates-cpd-accreditation/explain-achology-qualifications-to-clients/"">What an honest description sounds like</a> is written out, and <a href=""/help/certificates-cpd-accreditation/evidence-cpd-learning-progression-achology/"">how to evidence progression</a> covers the record itself.</p>
<p><strong>Related questions</strong></p>
<ul><li><a href=""/help/certificates-cpd-accreditation/is-achology-accredited-somap/"">Is Achology accredited?</a></li><li><a href=""/help/certificates-cpd-accreditation/explain-achology-qualifications-to-clients/"">How do I explain Achology qualifications to clients who ask?</a></li><li><a href=""/help/outcomes-and-expectations/call-myself-certified-achology-credentials/"">Can I legally call myself ""certified"" with Achology credentials?</a></li></ul>
"
301,cpd-journey-after-leaving-achology,What happens to my CPD credits if I leave Achology?,what happens to my CPD credits if I leave Achology,cpd credits after leaving achology,What Happens to CPD Credits After Leaving Achology?,"CPD credits after leaving Achology are preserved, not lost: completed activities, your journey level, and your certificates all remain.","<p>So what happens to your CPD credits after leaving Achology? Your progress is preserved. Cancel your <a href=""/membership/"">membership</a> and rejoin later and the record stands: live training events completed, peer practice delivered, coaching conducted, course completions, and your level on <a href=""/certification/"">the certification pathway</a>. Somebody who left as an Achologist Adept returns as an Achologist Adept.</p>
<h2>What is untouched either way</h2>
<p>Your certificates and your course access. <a href=""/help/pricing-and-payments/achology-lifetime-access-explained/"">Purchased courses stay yours for as long as you want them</a>, membership or no membership, and they keep receiving <a href=""/help/privacy-and-legal/achology-updates-course-already-purchased/"">updates at no cost</a> while you are away.</p>
<p>Cancelling a membership is not the same as <a href=""/help/privacy-and-legal/delete-achology-account-and-data/"">asking for your data to be deleted</a>, which is a separate request. If you want the record gone rather than paused, you have to say so.</p>
<h2>What pauses, and the one exception</h2>
<p>What a gap pauses is accumulation. Earning new continuing professional development (CPD) credits requires taking part in the community, which requires active membership, so <a href=""/help/certificates-cpd-accreditation/six-achology-cpd-statuses/"">the journey waits</a> rather than advancing while you are away.</p>
<p>The one level where time itself matters is <a href=""/help/certificates-cpd-accreditation/have-each-year-keep-master-achologist/"">Master Achologist</a>, which carries annual maintenance requirements. An extended gap affects that status specifically, so if you hold it or are close to it, ask support how a planned break interacts with the maintenance cycle before stepping away.</p>
<p><a href=""/help/community-and-conduct/many-ccac-sessions-need-complete-often/"">Character code compliance</a> works on a rolling window too, so it drifts out of currency during a long absence and needs rebuilding on return. Nothing is lost; it simply has to be brought current again.</p>
<h2>Why the system works this way</h2>
<p>Because of how adult lives actually run. People pause for money, family, work, or simply to absorb what they have already learned, and a development record that punished pausing would punish honesty about capacity.</p>
<p>It would also produce exactly the wrong incentive in a field about self-knowledge: members staying subscribed while disengaged, to protect a number. The record measures demonstrated practice, so a pause costs you the practice you did not do and nothing else.</p>
<p>When you return, <a href=""/help/certificates-cpd-accreditation/evidence-cpd-learning-progression-achology/"">your evidence trail</a> picks up where it stopped, and <a href=""/help/certificates-cpd-accreditation/achologist-title-without-membership/"">what you may still call yourself</a> in the meantime is answered separately.</p>
<p><strong>Related questions</strong></p>
<ul><li><a href=""/help/certificates-cpd-accreditation/achology-courses-cpd-hours/"">Can I use Achology courses for CPD hours?</a></li><li><a href=""/help/certificates-cpd-accreditation/evidence-cpd-learning-progression-achology/"">How do I evidence my CPD and learning progression?</a></li><li><a href=""/help/certificates-cpd-accreditation/achologist-title-without-membership/"">Can I call myself an Achologist if I'm not a paying member?</a></li></ul>
"
302,join-professional-body-after-achology,Do I need to join a professional body after Achology?,do I need to join a professional body after Achology,join a professional body,Do You Need to Join a Professional Body After Achology?,"Do you need to join a professional body after Achology? No, coaching and helping work are unregulated in most places.","<p>So do you need to join a professional body afterwards? No. Coaching, mentoring and non-clinical helping work are unregulated in most jurisdictions, so no <a href=""/membership/"">membership</a> is legally required to practise, and many practitioners build sound practices without ever joining one. Bodies such as the International Coaching Federation and the Association for Coaching offer genuine benefits for some people. Joining is a business decision to weigh, not a gate to pass.</p>
<h2>What a professional body genuinely offers</h2>
<ul>
<li><strong>Credibility signalling</strong>, in markets where clients or organisations recognise the body's name.</li>
<li><strong>Access routes to insurance</strong>, though <a href=""/help/outcomes-and-expectations/achology-professional-indemnity-insurance/"">cover is also available independently</a>.</li>
<li><strong>Structured continuing professional development (CPD) frameworks</strong>, useful if you want external discipline.</li>
<li><strong>Networking</strong> within a professional community.</li>
</ul>
<p>Against those sit annual fees, ongoing obligations, and the plain fact that none of it substitutes for competence. A logo on a website reassures; the work retains clients.</p>
<h2>How to decide for your own practice</h2>
<p>Look at who buys from you. Corporate and organisational clients often ask, and sometimes require, a recognised affiliation, so if that is your market the fee is straightforwardly a cost of doing business.</p>
<p>Private individuals almost never ask. <a href=""/help/outcomes-and-expectations/will-clients-take-achology-certificate-seriously/"">Most clients do not evaluate credentials at all</a>, and the ones who do are usually reassured by a plain honest account rather than by a membership.</p>
<p>The other question worth asking is what you need from outside. Somebody who practises steadily and reflects honestly may need no external framework. Somebody who knows they drift without structure may find the requirements worth the fee on their own.</p>
<h2>What you already have</h2>
<p>Worth knowing before you pay for something twice. <a href=""/certification/"">The Achology pathway</a> is itself a structured development framework with ongoing requirements: <a href=""/help/certificates-cpd-accreditation/have-retake-code-ethics-training-every/"">annual ethics training</a>, <a href=""/help/community-and-conduct/many-ccac-sessions-need-complete-often/"">rolling character compliance</a>, and activity <a href=""/help/certificates-cpd-accreditation/who-verifies-achology-cpd-claims/"">independently verified</a> before it counts.</p>
<p>That is the discipline a body's framework would supply, already running. <a href=""/help/comparisons-and-alternatives/achology-vs-icf-coaching-certification/"">How Achology compares with an ICF credential</a> treats the two as complements rather than rivals, which is the honest position.</p>
<p><strong>Related questions</strong></p>
<ul><li><a href=""/help/comparisons-and-alternatives/achology-vs-icf-coaching-certification/"">How does Achology compare to ICF coaching certification?</a></li><li><a href=""/help/outcomes-and-expectations/achology-professional-indemnity-insurance/"">Do I need professional indemnity insurance to practise as an Achologist?</a></li><li><a href=""/help/certificates-cpd-accreditation/post-nominal-letters-achology-certificates/"">Can I put letters after my name with Achology certificates?</a></li></ul>
"
303,post-nominal-letters-achology-certificates,Can I put letters after my name with Achology certificates?,can I put letters after my name with Achology certificates,letters after your name,Letters After Your Name With Achology Certificates?,"Achology deliberately puts no letters after your name, because in unregulated fields the credible signal is accurate description and demonstrated work.","<p>So can you put letters after your name? No. Achology deliberately issues no post-nominal letters, so there is no ""Cert.LC (Achology)"" or similar to append, and inventing one would misdescribe what you hold. This is a considered position, not an omission: in regulated professions, post-nominals mean something precise, a nurse's RN or a doctor's MD is backed by statutory registration, but in unregulated fields like coaching, letters after a name often signal far less than they appear to, and Achology declines to add to that noise.</p>
<h2>The reasoning behind the stance</h2>
<p>A post-nominal's value comes entirely from what enforces it. Where a regulator can strike someone off, the letters carry a guarantee; where anyone can mint letters by completing a course, they carry only the reader's assumption, and trading on that assumption is a mild form of the credential inflation Achology refuses across the board. The consistent position, set out in <a href=""/help/achology-basics-and-identity/no-credential-inflation-achology/"">Why doesn't Achology inflate credentials to seem more prestigious?</a>, is that recognition should say exactly what it is: an Achology <a href=""/certification/"">certification</a> names demonstrated learning and practice within a published, <a href=""/accreditation/"">Society of Modern Applied Psychology</a> (SoMAP)-accredited framework, and it does that on its own face, without abbreviation.</p>
<h2>What to put on your materials instead</h2>
<p>Describe your training accurately and let it be checkable: ""trained in applied psychology through Achology's Practitioner Certification pathway"" tells a client more than any letters could, and it survives the question ""what does that mean?"" with a real answer. Pair it with what genuinely builds a practice, <a href=""/testimonials/"">testimonials</a>, demonstrated results, and honest scope, and you hold the stronger position: the practitioner whose credibility rests on verifiable substance rather than typography. What the certification does and does not confer sits in <a href=""/help/certificates-cpd-accreditation/what-does-achology-certification-qualify/"">What does an Achology certification qualify me to do?</a></p>
<p><strong>Related questions</strong></p>
<ul><li><a href=""/help/certificates-cpd-accreditation/what-does-achology-certification-qualify/"">What does an Achology certification qualify me to do?</a></li><li><a href=""/help/achology-basics-and-identity/no-credential-inflation-achology/"">Why doesn't Achology inflate credentials to seem more prestigious?</a></li><li><a href=""/help/outcomes-and-expectations/call-myself-certified-achology-credentials/"">Can I legally call myself ""certified"" with Achology credentials?</a></li></ul>"
304,insurance-coverage-achology-qualifications,Will insurance companies cover me with Achology qualifications?,will insurance companies cover me with Achology qualifications,insurance cover for achology qualifications,Insurance Cover for Achology Qualifications,"Insurance cover for Achology qualifications: many indemnity insurers cover coaching work with documented training. For clinical work, no.","<p>So is there insurance cover for Achology qualifications, or does the training count for nothing with an insurer? For coaching, mentoring, and non-clinical helping work, many professional indemnity insurers do cover practitioners on the strength of documented training, and Achology's <a href=""/certification/"">certificates</a> and published curricula are exactly the documentation they ask for; policies vary by insurer, so confirm with yours directly before relying on it. For clinical work, therapy, counselling, or psychotherapy, the answer is no: insurers require the accredited qualifications, supervised hours, and professional registration that clinical practice demands and Achology does not provide.</p>
<h2>The rule that protects your cover</h2>
<p>Be completely honest with the insurer about your training and your scope of practice, because dishonesty does not just risk refusal, it hollows out the policy you buy: cover obtained by misrepresenting credentials can be invalidated precisely when a claim arises, which is the one moment insurance exists for. Describe your Achology education as what it is, structured applied psychology training with a <a href=""/accreditation/"">Society of Modern Applied Psychology</a> (SoMAP)-accredited certification pathway, name the services you actually offer, and let the insurer price the real risk. A practitioner insured accurately for coaching is protected; one insured as something they are not is paying premiums for nothing.</p>
<h2>Matching the cover to the work</h2>
<p>The practical sequence is short. Define your services in writing first, since the insurer covers activities, not titles. Approach insurers who cover coaches and personal development practitioners, with your certificates and curriculum documentation ready. And if your services sit near a boundary, ask the insurer where their cover ends rather than assuming, the same boundary discipline the <a href=""/about/code-of-ethics/"">Code of Ethics</a> asks of your practice itself. Whether to add a professional body <a href=""/membership/"">membership</a>, which sometimes eases insurance access, is a separate business decision, covered in <a href=""/help/certificates-cpd-accreditation/join-professional-body-after-achology/"">Do I need to join a professional body after Achology?</a></p>
<p><strong>Related questions</strong></p>
<ul><li><a href=""/help/certificates-cpd-accreditation/join-professional-body-after-achology/"">Do I need to join a professional body after Achology?</a></li><li><a href=""/help/certificates-cpd-accreditation/call-myself-therapist-achology-courses/"">Can I call myself a therapist after completing Achology courses?</a></li><li><a href=""/help/outcomes-and-expectations/achology-professional-indemnity-insurance/"">Do I need professional indemnity insurance to practise as an Achologist?</a></li></ul>"
305,coaching-vs-counselling-credentials-difference,What's the difference between coaching and counselling training?,what's the difference between coaching and counselling training,coaching vs counselling training,Coaching vs Counselling Training: The Difference,"Coaching vs counselling training: coaching prepares you for unregulated, goal-focused helping; counselling is years of accredited clinical preparation.","<p>So what is the difference in coaching vs counselling training? They prepare people for different professions under different rules. Coaching training, which is what Achology provides, prepares you for goal-focused helping with functioning adults, work that is unregulated in most jurisdictions. Counselling training prepares you for regulated therapeutic work, through years of accredited study, supervised clinical hours and professional registration.</p>
<h2>The distinction in the work itself</h2>
<p>The cleanest line is the client and the aim.</p>
<p>Coaching serves a generally functioning person moving toward something: a career change, a skill, a better pattern. It is present and future oriented, and it assumes the client's resourcefulness.</p>
<p>Counselling serves a person in psychological difficulty, and it is clinical work: assessing, holding risk, working therapeutically with distress. That is exactly why its training is long, supervised and regulated, and why Achology <a href=""/help/comparisons-and-alternatives/achology-vs-therapy-training-counselling/"">does not offer that pathway</a>.</p>
<h2>The skill that matters most sits on the boundary</h2>
<p>Recognising the moment a conversation crosses from development into clinical need, and referring on.</p>
<p>That is harder than it sounds, because it rarely announces itself. A goal-focused conversation about confidence at work can arrive somewhere else entirely by the third session, and the practitioner has to notice rather than press on with the framework they came with.</p>
<p>The curriculum and <a href=""/about/code-of-ethics/"">the Code of Ethics</a> teach that boundary explicitly, and <a href=""/help/community-and-conduct/commit-practising-achologist/"">working within your competence</a> is a stated commitment rather than an implied one. Saying ""this is outside what I can help with, and here is who can"" is a competence in its own right.</p>
<h2>Where counselling skills fit non-clinical training</h2>
<p>The <a href=""/academy/person-centred-counselling/counselling-skills-practitioner/"">Counselling Skills Practitioner Course</a> teaches skills drawn from the counselling tradition, deep listening, empathic presence, the person-centred conditions, for use inside coaching and helping contexts.</p>
<p>It is not a counselling qualification and is not presented as one. Studying the skills of a tradition and being credentialed to practise its profession are different things, which is the same distinction behind <a href=""/help/certificates-cpd-accreditation/call-myself-therapist-achology-courses/"">not being able to call yourself a therapist</a> whatever you have studied here.</p>
<p>If your real vocation is therapy, the honest route is the regulated one, and this training will support it without substituting for it.</p>
<p><strong>Related questions</strong></p>
<ul><li><a href=""/help/certificates-cpd-accreditation/call-myself-therapist-achology-courses/"">Can I call myself a therapist after completing Achology courses?</a></li><li><a href=""/help/comparisons-and-alternatives/achology-vs-therapy-training-counselling/"">Can Achology replace traditional therapy training?</a></li></ul>
"
307,explain-achology-qualifications-to-clients,How do I explain Achology qualifications to clients who ask?,how do I explain Achology qualifications to clients who ask,explain achology qualifications to clients,How to Explain Achology Qualifications to Clients,"How to explain Achology qualifications to clients who ask: keep it brief, confident, and accurate, then return the conversation to the client's needs.","<p>So how do you explain Achology qualifications to clients who ask? Briefly, confidently and accurately, then bring the conversation back to them. When somebody asks about qualifications they are checking one thing, that you are properly trained for the help they are buying. They are not researching education providers.</p>
<h2>A working answer</h2>
<p>""I trained in applied psychology through Achology, The Academy of Modern Applied Psychology. My certification pathway is <a href=""/accreditation/"">accredited</a> by the Society of Modern Applied Psychology (SoMAP), an independent professional body, and my training covered coaching frameworks, cognitive behavioural approaches and communication skills.""</p>
<p>Then the turn that matters: ""What brings you to coaching now?""</p>
<h2>Why brevity is the credible register</h2>
<p>Over-explaining credentials signals doubt, and clients read that signal accurately even when they could not tell you what they noticed.</p>
<p>Your education is legitimate and checkable, so state it the way legitimate things are stated: once, plainly, without defensiveness. Name the areas relevant to this particular client rather than reciting the catalogue, and if they want depth, answer what they actually asked, including how <a href=""/certification/"">the pathway</a> verifies practice rather than attendance.</p>
<p>What you never do is inflate. No implied clinical status and <a href=""/help/certificates-cpd-accreditation/call-myself-therapist-achology-courses/"">no titles you do not hold</a>, and no letting an assumption stand uncorrected when you can see it being made, which <a href=""/help/outcomes-and-expectations/call-myself-certified-achology-credentials/"">calling yourself certified</a> covers.</p>
<h2>What the question is usually really asking</h2>
<p>Almost never ""which institution"". Almost always ""can I trust you with this"".</p>
<p>That is why the answer's length matters more than its content, and why the turn back to them is the most important sentence in it. A practitioner who answers in two lines and then asks about the client's situation has demonstrated the thing the qualification was supposed to evidence. One who talks for three minutes about their training has demonstrated something else.</p>
<p><a href=""/help/outcomes-and-expectations/will-clients-take-achology-certificate-seriously/"">Most clients never evaluate certificates at all</a>, which is worth knowing before you rehearse.</p>
<h2>For the client who wants to verify</h2>
<p>Occasionally somebody does their diligence properly. That is a good client rather than a difficult one, and it is worth treating as such.</p>
<p>Tell them plainly that <a href=""/help/certificates-cpd-accreditation/verify-achology-certificate/"">Achology confirms certificates on request</a>, and offer your own evidence: the certificate, <a href=""/help/certificates-cpd-accreditation/evidence-cpd-learning-progression-achology/"">your record of verified practice</a>, and a clear account of your scope.</p>
<p>A practitioner who welcomes verification is demonstrating, in the qualification conversation itself, exactly the honesty the practice is built on. <a href=""/help/achology-basics-and-identity/no-credential-inflation-achology/"">Why the credentials are kept modest</a> is the same argument at the level of the organisation.</p>
<p><strong>Related questions</strong></p>
<ul><li><a href=""/help/certificates-cpd-accreditation/verify-achology-certificate/"">How can employers or clients verify an Achology certificate?</a></li><li><a href=""/help/achology-basics-and-identity/no-credential-inflation-achology/"">Why doesn't Achology inflate credentials to seem more prestigious?</a></li><li><a href=""/help/outcomes-and-expectations/will-clients-take-achology-certificate-seriously/"">Will clients take my Achology certificate seriously?</a></li></ul>
"
308,achologist-title-without-membership,Can I call myself an Achologist if I'm not a paying member?,can I call myself an Achologist if I'm not a paying member,call yourself an achologist,Can You Call Yourself an Achologist?,"Can you call yourself an Achologist without paying membership? Your earned status stands; the honest form depends on tense, present or past.","<p>So can you call yourself an Achologist without paying membership? Your earned achievement is always yours to state, and the honest form of stating it depends on tense. ""I achieved Achologist Adept status through Achology"" is accurate forever. What deserves more care is the present tense.</p>
<h2>The distinction</h2>
<p>The designation is earned through <a href=""/certification/"">the certification pathway</a>, the journey from Achologist to Master Achologist, through <a href=""/courses/"">courses</a>, community practice and ethics training. That achievement does not evaporate when a <a href=""/membership/"">membership</a> lapses, and <a href=""/help/certificates-cpd-accreditation/cpd-journey-after-leaving-achology/"">your record is preserved</a>.</p>
<p>What changes is currency. Actively marketing yourself as a practising Achologist while disconnected from the community and the standards that give the title its meaning trades on something you have stopped holding.</p>
<h2>Why the tense actually matters</h2>
<p>Because of what a client hears. Somebody told ""I'm an Achologist"" reasonably assumes it is current: that the ethics training is recent, the practice is live, the standards still apply.</p>
<p>That assumption is exactly what the requirements are designed to make true. <a href=""/help/certificates-cpd-accreditation/have-retake-code-ethics-training-every/"">Annual ethics training</a> exists so a practitioner can honestly say they have thought about ethical practice recently rather than years ago. <a href=""/help/community-and-conduct/many-ccac-sessions-need-complete-often/"">Rolling character compliance</a> exists so the character work stays live.</p>
<p>Strip those away and the word still sounds the same to the listener while meaning something different. That is the whole reason the phrasing matters, and it is not pedantry.</p>
<h2>The one level where this is explicit</h2>
<p><a href=""/help/certificates-cpd-accreditation/have-each-year-keep-master-achologist/"">Master Achologist carries annual maintenance requirements</a>, so a lapsed membership means lapsed maintenance and the title should be represented accordingly.</p>
<p>That level makes visible what is true more quietly of the others: the status describes somebody still doing the work.</p>
<h2>The practical guidance</h2>
<p>State what you earned, date it if you have been away a while, and let your certificates and <a href=""/help/certificates-cpd-accreditation/evidence-cpd-learning-progression-achology/"">your progression record</a> evidence it. Rejoining resumes the present tense whenever you choose, and nothing has to be re-earned.</p>
<p>The rule underneath is the same one that governs <a href=""/help/outcomes-and-expectations/call-myself-certified-achology-credentials/"">calling yourself certified</a>: describe yourself so that the fullest check a client could run confirms every word.</p>
<p><strong>Related questions</strong></p>
<ul><li><a href=""/help/certificates-cpd-accreditation/cpd-journey-after-leaving-achology/"">What happens to my CPD credits if I leave Achology?</a></li><li><a href=""/help/certificates-cpd-accreditation/evidence-cpd-learning-progression-achology/"">How do I evidence my CPD and learning progression?</a></li></ul>
"
309,realistic-outcomes-with-achology,What can I realistically achieve through Achology courses?,what can I realistically achieve through Achology courses,realistic outcomes with achology,What Are Realistic Outcomes With Achology?,"Realistic outcomes with Achology, given sustained practice: understanding, practical helping skills, better communication, and self-knowledge.","<p>So what are realistic outcomes with Achology, given sustained practice? Five things. Without sustained practice, honestly, none of them beyond familiarity with the ideas. The variable is you, and that is said before purchase rather than afterwards.</p>
<h2>The five, and what each actually requires</h2>
<ul>
<li><strong>Psychological understanding</strong> across <a href=""/academy/schools/"">the seven schools</a>. This is the one outcome course completion alone delivers.</li>
<li><strong>Practical skill</strong> in coaching, mentoring and helping conversations. This requires the community: <a href=""/help/events-and-mentorship/pals-earn-them/"">peer practice</a>, live events, feedback and repetition with real people.</li>
<li><strong>Better communication</strong> in your relationships and work. This requires taking the material home and using it on your own patterns first.</li>
<li><strong>Professional development</strong> in unregulated helping roles, evidenced through <a href=""/certification/"">the certification pathway</a>. This requires all of the above plus time and honest self-assessment.</li>
<li><strong>Deeper self-knowledge</strong>, which underwrites the rest. This requires being examined by what you learn rather than only informed by it.</li>
</ul>
<h2>Why the list is ordered that way</h2>
<p>Because the cost rises down it, and most people buy expecting the second and receive the first.</p>
<p>Understanding arrives from studying. Everything after it arrives from doing something uncomfortable: practising badly in front of somebody, applying a framework at home where it is inconvenient, or noticing that a pattern you have been diagnosing in others is yours. That is the difference between <a href=""/help/outcomes-and-expectations/course-completion-vs-competence/"">completing a course and being competent</a>, and it is entirely within your control, which is the good news inside it.</p>
<h2>What you will not get</h2>
<p>No instant transformation. No guaranteed income or career outcome. No expertise from watching. No result that survives the absence of practice.</p>
<p>Any provider promising those should be read sceptically, including this one if it ever did. <a href=""/help/pricing-and-payments/achology-no-transformation-promises/"">The full reasoning behind the no-promises stance</a> is published, and <a href=""/help/outcomes-and-expectations/see-real-results-how-long-achology-takes/"">the honest timeline</a> has its own answer.</p>
<p>If you want to know what the effort actually looks like before committing to it, <a href=""/help/outcomes-and-expectations/achology-success-stories-do-courses-work/"">what success has looked like for others</a> describes the pattern rather than the highlights.</p>
<p><strong>Related questions</strong></p>
<ul><li><a href=""/help/outcomes-and-expectations/achology-course-outcomes/"">What can I actually do after completing Achology courses?</a></li><li><a href=""/help/outcomes-and-expectations/see-real-results-how-long-achology-takes/"">How long does it take to see results from Achology courses?</a></li><li><a href=""/help/outcomes-and-expectations/achology-success-stories-do-courses-work/"">Do Achology courses actually work? What do success stories look like?</a></li></ul>
"
310,achology-course-outcomes,What can I actually do after completing Achology courses?,what can I actually do after completing Achology courses,actual achology course outcomes,What Are the Actual Achology Course Outcomes?,"Actual Achology course outcomes: apply psychology in your own life immediately, then coach, mentor, and help others through the CPD journey.","<p>So what are the actual Achology course outcomes once you have finished? Immediately: apply the psychology in your own life and work, which needs no permission and is where the education is designed to begin. Progressively: coach, mentor, consult and practise skilled helping, as you advance through <a href=""/certification/"">the certification pathway</a> and the community practice each level requires.</p>
<h2>What opens as you progress</h2>
<p>The answer keys on progression rather than completion, and the sequence is deliberate.</p>
<p>At the start you practise on yourself. Then <a href=""/help/events-and-mentorship/pals-earn-them/"">on other members</a>, who understand the learning context. At <a href=""/help/certificates-cpd-accreditation/senior-achologist-two-levels/"">Senior Achologist (Level One)</a> you begin <a href=""/help/events-and-mentorship/cips-when-need-them/"">coaching people outside the community</a> facing genuine difficulties, which is where training becomes practice in earnest.</p>
<p>Nothing about that ordering is administrative. It exists so that the person least able to absorb a beginner's mistakes meets you last.</p>
<h2>The boundaries that never move</h2>
<p>Two lines hold whatever your level.</p>
<p>You cannot use regulated titles: therapist, counsellor, psychotherapist, psychologist. Achology grants no clinical credentials, and <a href=""/help/certificates-cpd-accreditation/call-myself-therapist-achology-courses/"">that is stated plainly</a> rather than left ambiguous.</p>
<p>And you practise only within your competence and your jurisdiction's law, referring on where somebody's needs are clinical, per the <a href=""/about/code-of-ethics/"">Code of Ethics</a>. <a href=""/help/community-and-conduct/commit-practising-achologist/"">Working within your competence</a> is the commitment that costs something, because it means saying no to somebody in front of you.</p>
<p>Inside those lines the field is genuinely open. Coaching and helping work are unregulated in most places, so <a href=""/help/certificates-cpd-accreditation/what-does-achology-certification-qualify/"">what you may do</a> grows with what you can demonstrably do.</p>
<h2>The honest distinction underneath</h2>
<p>Finishing a course licenses nothing by itself. It starts the practice through which capability, and therefore legitimate activity, expands, which is the whole of <a href=""/help/outcomes-and-expectations/course-completion-vs-competence/"">the completion and competence distinction</a>.</p>
<p>The members doing the most afterwards are the ones who treated the certificate as a beginning. The ones who treated it as an arrival tend to be <a href=""/help/learning-experience/completed-achology-course-nothing-changed/"">the ones asking why nothing changed</a>.</p>
<p>If practising professionally is the goal, <a href=""/help/outcomes-and-expectations/supervision-after-achology-training/"">supervision</a> and <a href=""/help/outcomes-and-expectations/achology-professional-indemnity-insurance/"">insurance</a> are the two things to arrange before your first paying client rather than after.</p>
<p><strong>Related questions</strong></p>
<ul><li><a href=""/help/outcomes-and-expectations/realistic-outcomes-with-achology/"">What can I realistically achieve through Achology courses?</a></li><li><a href=""/help/outcomes-and-expectations/course-completion-vs-competence/"">What's the difference between completing a course and being competent?</a></li><li><a href=""/help/outcomes-and-expectations/achology-career-change-coaching-mentoring/"">Can Achology help me change career into coaching or mentoring?</a></li></ul>
"
311,see-real-results-how-long-achology-takes,How long does it take to see results from Achology courses?,how long does it take to see results from Achology courses,honest achology results timeline,The Honest Achology Results Timeline,"The honest Achology results timeline: awareness shifts early, practised change builds over months, and depth takes years. No fixed schedule is promised.","<p>So what is the honest Achology results timeline? No schedule can be promised, because the timeline is set by your practice rather than the <a href=""/courses/"">courses</a>, and Achology guarantees no outcomes at all. What can be described is the shape members commonly report. Shifts in awareness tend to come early, often within days: you start noticing patterns, in yourself and others, that you could not see before. Practised changes, in communication, relationships, and helping conversations, build over months of consistent application. And depth, the kind of change people call transformation, is the work of years, because character grows at the speed of lived practice, not viewing speed.</p>
<h2>Why the shape runs that way</h2>
<p>Each stage depends on a different activity. Awareness needs only honest study, which is why it arrives first and to nearly everyone who engages. Applied change needs repetition with real people, the community's peer practice, live events, and your own daily life, because a skill exists only once it survives contact with someone who responds unpredictably. Depth needs time under all of it: self-knowledge accumulating, feedback absorbed, principles tested across enough situations to become yours. Skip the practice at any stage and the next stage simply does not arrive; passive watching produces familiarity with ideas and nothing further, on any timeline.</p>
<h2>How to use this honestly</h2>
<p>Set your expectations by your available practice, not by hope: an hour of genuine application a week moves you, and none does not. Check progress against behaviour rather than feelings, a conversation handled differently is evidence, and give any course the 14 days of its money-back guarantee as a genuine trial of fit. And if months of real engagement produce nothing, that is worth taking seriously rather than pushing through, which is exactly what <a href=""/help/outcomes-and-expectations/what-if-achology-courses-dont-work/"">What if Achology courses don't work for you?</a> is for.</p>
<p><strong>Related questions</strong></p>
<ul><li><a href=""/help/outcomes-and-expectations/realistic-outcomes-with-achology/"">What can I realistically achieve through Achology courses?</a></li><li><a href=""/help/outcomes-and-expectations/what-if-achology-courses-dont-work/"">What if Achology courses don't work for you? What then?</a></li><li><a href=""/help/outcomes-and-expectations/achology-success-stories-do-courses-work/"">Do Achology courses actually work? What do success stories look like?</a></li><li><a href=""/help/learning-experience/how-long-achology-courses-take-timelines/"">How long do Achology courses take to complete?</a></li></ul>"
312,what-if-achology-courses-dont-work,What if Achology courses don't work for you? What then?,what if Achology courses don't work for you? What then,achology doesn't work for you,What if Achology Doesn't Work for You?,"If Achology doesn't work for you, diagnose first: an engagement gap, or genuine misfit. Adjust for the first; leave without guilt for the second.","<p>So what should you do if Achology doesn't work for you? Then diagnose before deciding, because ""not working"" has two very different causes with two very different remedies. The first is an engagement gap: the material was watched but not practised, expectations were set at transformation rather than development, or life simply left no room for application this season, all common, none shameful, and all fixable by changing the approach rather than the platform. The second is genuine misfit: the self-directed model, the teaching style, or the community culture honestly does not suit how you learn, and no amount of extra effort changes a mismatch of kind.</p>
<h2>If it's the engagement gap</h2>
<p>Adjust one variable at a time and give it a month. Trade passive watching for one applied exercise a week; book a peer practice session, since skills stall without live repetition; and shrink the goal from ""become a coach"" to ""handle one conversation differently"", because development compounds from behaviour, not ambition. The honest timeline expectations in <a href=""/help/outcomes-and-expectations/see-real-results-how-long-achology-takes/"">How long does it take to see results?</a> are the benchmark: awareness early, applied change over months, and nothing at all without practice.</p>
<h2>If it's genuine misfit</h2>
<p>Then leave well, and without guilt: education that does not fit is information gained, not failure. The safeguards exist for exactly this. Within 14 days of a course purchase, the money-back guarantee <a href=""/policies/refund-policy/"">refunds</a> in full for any reason, per <a href=""/help/refunds-and-billing/achology-change-mind-after-14-day-guarantee/"">the change-of-mind terms</a>; <a href=""/membership/"">membership</a> cancels in a moment; and the free tier and $7 first month exist so the next person can test fit before buying, a test worth recommending even as you go. <a href=""/help/achology-basics-and-identity/who-is-achology-not-for/"">Who is Achology not designed for?</a> says plainly that some legitimate needs are met better elsewhere; if yours is one, finding its right home is the outcome that matters.</p>
<p><strong>Related questions</strong></p>
<ul><li><a href=""/help/outcomes-and-expectations/see-real-results-how-long-achology-takes/"">How long does it take to see results from Achology courses?</a></li><li><a href=""/help/achology-basics-and-identity/who-is-achology-not-for/"">Who is Achology not designed for?</a></li><li><a href=""/help/refunds-and-billing/achology-change-mind-after-14-day-guarantee/"">What if I change my mind after the 14-day guarantee period?</a></li><li><a href=""/help/learning-experience/completed-achology-course-nothing-changed/"">I've completed a course, but haven't changed: what went wrong?</a></li></ul>"
313,can-achology-replace-university-degrees,Can Achology courses replace a university psychology degree?,can Achology courses replace a university psychology degree,achology vs university degree,Achology vs University Degree: An Honest Answer,Achology vs university degree: they serve different purposes. A degree opens regulated professions and research; Achology is applied helping education.,"<p>So how does Achology vs university degree compare, and could one take the place of the other? No, and the question mostly dissolves once its assumption is named: they are not competing alternatives. A degree is the academic credential and the only route into regulated professions such as clinical psychology, and into research. Achology is applied psychology education for a different destination. Neither substitutes for the other, in either direction.</p>
<h2>What each is actually for</h2>
<p>A university degree is three or more years of assessed study, with tuition typically upwards of £27,000 for a UK undergraduate programme. It opens regulated doors, and nothing else does.</p>
<p>Achology is built for coaching, mentoring, leadership and unregulated helping work, studied alongside a working life. <a href=""/help/achology-basics-and-identity/is-achology-a-university/"">It is not a university</a> and does not present itself as one.</p>
<h2>Choose by destination, not by which sounds more impressive</h2>
<p>If your goal requires the degree, Achology will tell you so rather than sell to you. For the clinical case specifically, <a href=""/help/comparisons-and-alternatives/achology-vs-therapy-training-counselling/"">whether this can replace therapy training</a> is answered as bluntly as the question deserves.</p>
<p>If your goal is practical competence with people, a degree is neither required nor especially designed for it. That is not a criticism of universities: a psychology degree is not attempting to teach you to sit with somebody in difficulty, and it is fair neither to expect it to nor to blame it for not doing so.</p>
<h2>How often they stack rather than compete</h2>
<p>Many members already hold degrees and study here for the applied layer academia did not cover. That is the commonest version of this question in practice, and it is worth naming because it reframes the whole comparison.</p>
<p>Somebody who has studied cognitive psychology formally and never had a difficult conversation go well is not lacking knowledge. They are lacking the thing <a href=""/help/outcomes-and-expectations/course-completion-vs-competence/"">no amount of study produces on its own</a>, and which <a href=""/help/learning-experience/achology-peer-learning-community-teaches/"">practice with feedback</a> does.</p>
<h2>The recognition question underneath</h2>
<p>Usually this question is really asking whether an Achology <a href=""/certification/"">certificate</a> carries a degree's weight. They weigh different things: academic qualification against evidenced applied competence, as <a href=""/help/comparisons-and-alternatives/achology-certificates-vs-university-degrees/"">the certificate comparison</a> sets out honestly.</p>
<p>Weigh your actual next requirement, a regulated door or a practical capability, and the right education names itself.</p>
<p><strong>Related questions</strong></p>
<ul><li><a href=""/help/pricing-and-payments/is-achology-worth-the-money/"">Is Achology worth the money?</a></li><li><a href=""/help/comparisons-and-alternatives/achology-certificates-vs-university-degrees/"">How do Achology certificates compare to university psychology degrees?</a></li><li><a href=""/help/comparisons-and-alternatives/achology-vs-university-psychology/"">How is Achology's approach different from university psychology programmes?</a></li></ul>
"
314,will-employers-recognise-achology-certificate,Will employers recognise my Achology certificate?,will employers recognise my Achology certificate,employers recognise achology certificates,Will Employers Recognise Achology Certificates?,"Whether employers recognise Achology certificates depends on context: many in helping, HR, and wellbeing roles value it; rigid credential lists may not.","<p>So will employers recognise Achology certificates? It depends what ""recognise"" means where you work, and the honest map has three territories.</p>
<h2>The three territories</h2>
<p><strong>Employers who assess training on its substance</strong>, common in helping professions, wellbeing roles, human resources, leadership development and education. These generally value what the certificate documents: substantial applied psychology study within a <a href=""/accreditation/"">Society of Modern Applied Psychology</a> (SoMAP)-accredited framework, often accepted as valid continuing professional development (CPD).</p>
<p><strong>Employers who hire from credential lists</strong>, typically large organisations with formal requirements. Achology may not appear, because those lists favour universities and established professional bodies. That is a reasonable system doing its job rather than a judgement on your education.</p>
<p><strong>Independent practice</strong>, which bypasses the question entirely, since <a href=""/help/outcomes-and-expectations/will-clients-take-achology-certificate-seriously/"">clients evaluate practitioners rather than provider lists</a>.</p>
<h2>Making it work with an employer</h2>
<p>Recognition responds to how the training is presented, which is the part within your control.</p>
<p>Bring the substance rather than the certificate alone: the published curriculum, the hours behind it, and <a href=""/certification/"">the pathway's verified-practice model</a> give an employer something to assess rather than a name to look up. <a href=""/help/certificates-cpd-accreditation/verify-achology-certificate/"">They can also confirm it directly</a>, which most providers cannot offer.</p>
<p>Tie it to the role. ""Training in coaching frameworks and communication that I use in exactly this work"" lands where an unexplained certificate does not, and <a href=""/help/certificates-cpd-accreditation/explain-achology-qualifications-to-clients/"">how to describe it accurately</a> gives usable wording.</p>
<p>Where formal development hours are the currency, <a href=""/help/certificates-cpd-accreditation/achology-courses-cpd-hours/"">the documentation route</a> is the practical mechanism.</p>
<h2>The honest boundary</h2>
<p>No presentation makes the certificate what it is not. It is never a university degree, a regulated qualification or a clinical licence, and a role requiring those requires them.</p>
<p>Within its real territory, evidenced applied competence in unregulated helping and people-focused work, it does its job in most of the working world. <a href=""/help/certificates-cpd-accreditation/achology-certificates-recognised-internationally/"">How that plays across borders</a> is covered separately.</p>
<p><strong>Related questions</strong></p>
<ul><li><a href=""/help/outcomes-and-expectations/will-clients-take-achology-certificate-seriously/"">Will clients take my Achology certificate seriously?</a></li><li><a href=""/help/certificates-cpd-accreditation/achology-courses-cpd-hours/"">Can I use Achology courses for CPD hours?</a></li><li><a href=""/help/certificates-cpd-accreditation/achology-certificates-recognised-internationally/"">Are Achology certificates recognised internationally?</a></li></ul>
"
315,will-clients-take-achology-certificate-seriously,Will clients take my Achology certificate seriously?,will clients take my Achology certificate seriously,take your achology certificate seriously,Take Your Achology Certificate Seriously?,Will clients take your Achology certificate seriously? Most never evaluate certificates at all; they evaluate whether you seem competent to help them.,"<p>So will clients take your Achology <a href=""/certification/"">certificate</a> seriously? Here is the reassuring truth behind the worry: most clients never evaluate certificates at all. They have not heard of any provider in this field, Achology or otherwise, and they are not comparing institutions. What a potential client evaluates is you.</p>
<h2>What actually builds client confidence</h2>
<ul>
<li><strong>Understanding shown early.</strong> A client who feels accurately understood in the first conversation has already half decided.</li>
<li><strong>Clarity about how you work</strong>: your process, your scope and your boundaries, stated plainly.</li>
<li><strong>Evidence of results</strong> from people like them, which no certificate substitutes for and no certificate's absence undermines.</li>
<li><strong>Credentials handled confidently</strong>: a brief accurate account, then straight back to their situation.</li>
</ul>
<p>The certificate's job in that assessment is small and specific: to confirm, if asked, that real training stands behind you. Achology's does that honestly, being checkable down to <a href=""/help/certificates-cpd-accreditation/verify-achology-certificate/"">a verification a client can request directly</a>.</p>
<h2>Why confidence matters more than the wording</h2>
<p>A client asking about your qualification is rarely auditing it. They are asking whether you are comfortable being asked.</p>
<p>An honest, unhurried answer settles the question. A defensive or inflated one creates the doubt it was meant to remove, which is the practical reason <a href=""/help/achology-basics-and-identity/no-credential-inflation-achology/"">Achology does not dress its credentials up</a>: an overstated claim is a thing you then have to protect in front of the person you are trying to help. <a href=""/help/certificates-cpd-accreditation/explain-achology-qualifications-to-clients/"">How to explain it to clients</a> gives usable wording.</p>
<h2>Where the worry is really pointing</h2>
<p>Anxiety about the certificate is usually anxiety about legitimacy, and no certificate has ever resolved that. What does is the practice itself.</p>
<p>Competence, ethics and results compound into reputation, and reputation is what clients take seriously. That is the whole reason the pathway <a href=""/help/certificates-cpd-accreditation/six-achology-cpd-statuses/"">measures demonstrated practice</a> rather than completed study, and why the honest first move is <a href=""/help/events-and-mentorship/offer-free-coaching-someone-outside-achology/"">coaching real people outside the community</a> before worrying about paperwork.</p>
<p>Within a year of honest practice the certificate is a footnote in your biography, doing quietly what it was always for. <a href=""/help/outcomes-and-expectations/will-employers-recognise-achology-certificate/"">Employers</a> are a different question and answered separately.</p>
<p><strong>Related questions</strong></p>
<ul><li><a href=""/help/outcomes-and-expectations/will-employers-recognise-achology-certificate/"">Will employers recognise my Achology certificate?</a></li><li><a href=""/help/certificates-cpd-accreditation/explain-achology-qualifications-to-clients/"">How do I explain Achology qualifications to clients who ask?</a></li></ul>
"
316,call-myself-certified-achology-credentials,"Can I legally call myself ""certified"" with Achology credentials?","can I legally call myself ""certified"" with Achology credentials",legally call yourself certified,Can You Legally Call Yourself Certified?,"Can you legally call yourself certified via Achology? Yes: certified means holding a certificate for completed training, unregulated for coaching work.","<p>So can you legally call yourself certified through Achology credentials? Yes, with one honesty condition attached. ""Certified"" means you hold a <a href=""/certification/"">certificate</a> for training you completed, and after finishing a Practitioner Certification course that is exactly your position. For coaching and helping work the word is unregulated in most jurisdictions, so the legal answer is yes nearly everywhere, though confirm your own jurisdiction rather than assume.</p>
<h2>The condition</h2>
<p>What the word must not be allowed to imply: government licensing, statutory regulation, or clinical qualification. No coaching certificate confers any of those, and <a href=""/help/certificates-cpd-accreditation/call-myself-therapist-achology-courses/"">the regulated titles remain closed</a> whatever your level here.</p>
<h2>Saying it accurately</h2>
<p>Precision costs nothing and buys credibility. ""Achology-certified"", or ""certified through Achology's Practitioner Certification pathway"", tells the whole truth, names a checkable source, and survives any follow-up question.</p>
<p>What crosses the line is decoration borrowing regulatory weight: ""board-certified"", ""licensed"", implied approvals. So does letting a client's assumption stand uncorrected when you can see them making it, which is the version that catches honest people, because it requires saying nothing at all.</p>
<p>The standard is simple: describe yourself so that the fullest check confirms every word. Anyone who wants to run that check <a href=""/help/certificates-cpd-accreditation/verify-achology-certificate/"">can</a>.</p>
<h2>Why the modest version is the stronger one</h2>
<p>Not for ethical reasons alone, though those hold. For practical ones.</p>
<p>An overstated claim has to be defended the moment somebody asks a second question, and the person asking is usually a prospective client deciding whether to trust you. A claim that means exactly what it says survives that conversation without effort, and <a href=""/help/outcomes-and-expectations/will-clients-take-achology-certificate-seriously/"">an unhurried honest answer settles the question</a> in a way an inflated one never does.</p>
<p>Achology's own usage models the same restraint: certificates say what was completed or achieved, <a href=""/help/certificates-cpd-accreditation/post-nominal-letters-achology-certificates/"">no post-nominal letters are issued</a>, and <a href=""/help/achology-basics-and-identity/no-credential-inflation-achology/"">the refusal to inflate</a> is published as a position rather than left to be noticed.</p>
<p>A ""certified"" that means exactly what it says is a durable professional asset. One stretched past its meaning is a liability waiting for its first sceptical reader. <a href=""/help/certificates-cpd-accreditation/explain-achology-qualifications-to-clients/"">How to explain your qualification to a client</a> gives usable wording.</p>
<p><strong>Related questions</strong></p>
<ul><li><a href=""/help/certificates-cpd-accreditation/post-nominal-letters-achology-certificates/"">Can I put letters after my name with Achology certificates?</a></li><li><a href=""/help/certificates-cpd-accreditation/verify-achology-certificate/"">How can employers or clients verify an Achology certificate?</a></li></ul>
"
317,supervision-after-achology-training,Do I need supervision to practise after Achology training?,do I need supervision to practise after Achology training,supervision after achology training,Do You Need Supervision After Achology Training?,"Supervision after Achology training is not a legal requirement for coaching, but it is what competent practice looks like, and arranging it is your job.","<p>So do you need supervision after Achology training? Legally, no. Coaching and non-clinical helping work are unregulated in most jurisdictions and no law obliges a coach to hold supervision. Professionally, supervision is what competent practice looks like, and the legal minimum is a floor rather than a standard. Achology provides no mandatory post-training supervision, and arranging your own is part of practising responsibly.</p>
<h2>What supervision gives that a community cannot</h2>
<p>This is the distinction worth being precise about, because the community genuinely does offer a great deal: <a href=""/help/events-and-mentorship/pals-earn-them/"">peer practice</a>, discussion, <a href=""/help/events-and-mentorship/mentoring-opportunities-achology-membership/"">mentorship</a> and honest feedback.</p>
<p>None of it is supervision. Supervision is a standing relationship with an experienced practitioner who reviews your actual client work: where difficult cases are thought through, where blind spots are named by somebody with the standing to name them, and where the moment a situation exceeds your competence is caught before it costs a client.</p>
<p>The busier and more consequential your practice becomes, the less optional that function is, whatever the law says. <a href=""/help/outcomes-and-expectations/does-achology-supervise-peer-coaching/"">What Achology's own sessions are and are not</a> sets the boundary out.</p>
<h2>Why it is not made compulsory</h2>
<p>Because a requirement Achology cannot verify would be a reassurance rather than a safeguard.</p>
<p>The platform has no visibility of your client work and no standing to oversee it, so mandating supervision would amount to asking members to tick a box. That would sit badly beside <a href=""/help/achology-basics-and-identity/no-credential-inflation-achology/"">the refusal to inflate anything else</a>, and it fits the <a href=""/help/achology-basics-and-identity/adult-to-adult-learning-no-hand-holding/"">adult-to-adult model</a>: you are treated as capable of assessing your own development needs, which includes noticing when you need somebody watching your work.</p>
<h2>Setting yours up</h2>
<p>Match the arrangement to the work. Occasional peer supervision may suit a light coaching practice; regular sessions with an experienced supervisor suit anything frequent or weighty. Supervisors who work with coaches are findable through the professional bodies and independently.</p>
<p>Pair it with the other pillar of responsible practice, <a href=""/help/outcomes-and-expectations/achology-professional-indemnity-insurance/"">professional indemnity insurance</a>. Both express the same principle: taking responsibility for the risks your work creates for other people, which is what <a href=""/help/community-and-conduct/commit-practising-achologist/"">putting the client's needs first</a> means once you are no longer practising on peers.</p>
<p><strong>Related questions</strong></p>
<ul><li><a href=""/help/outcomes-and-expectations/does-achology-supervise-peer-coaching/"">Does Achology supervise peer coaching or practice sessions?</a></li><li><a href=""/help/outcomes-and-expectations/achology-professional-indemnity-insurance/"">Do I need professional indemnity insurance to practise as an Achologist?</a></li></ul>
"
318,does-achology-supervise-peer-coaching,Does Achology supervise peer coaching or practice sessions?,does Achology supervise peer coaching or practice sessions,achology supervise peer coaching,Does Achology Supervise Peer Coaching?,"Does Achology supervise peer coaching? No. Peer practice sessions are learning activities between members, not supervised professional services.","<p>So does Achology supervise peer coaching sessions you take part in? No. Peer coaching and practice sessions are learning activities where members rehearse skills with each other, and Achology does not supervise, assess or clinically oversee them. No practitioner-client relationship is created, and what feedback you accept is your own choice. What Achology holds is the container: community standards, the Code of Conduct, and <a href=""/help/community-and-conduct/achology-community-rules-moderation/"">moderation across its spaces</a>.</p>
<h2>Why the sessions work this way</h2>
<p>Because they have to be genuinely practice to be worth anything.</p>
<p>A practice session is a space where members try something, misjudge it, receive honest feedback and try again, among peers doing the same. Institutional supervision of every session would turn learning activities into professional services, carrying all the assurance that implies and none of it true.</p>
<p>The design matches the platform's constant instead: each member owns their participation, their feedback and their conduct, which is <a href=""/help/achology-basics-and-identity/personal-responsibility-achology-learning/"">what personal responsibility means here</a>.</p>
<h2>What does happen, which is not nothing</h2>
<p>Some structured formats include feedback from senior members. <a href=""/help/events-and-mentorship/achology-coaching-competency-review-sessions/"">Coaching practice with observation</a> is built around exactly that, and <a href=""/help/events-and-mentorship/coaching-hot-seat/"">the HOT Seat</a> puts several experienced coaches in the room.</p>
<p>That is developmental input rather than supervision, and the distinction matters. Supervision is an ongoing professional relationship carrying responsibility for your casework. Feedback after a practice session is somebody telling you what they saw. Both are valuable; only one is a safeguard, and treating the second as the first is how people end up under-protected in real client work.</p>
<h2>What this means practically</h2>
<p>Treat practice sessions as what they are: excellent rehearsal, honest feedback, and no substitute for the structures real client work needs.</p>
<p>When you move from practising with peers to working with clients, the responsible scaffolding becomes yours to build. <a href=""/help/outcomes-and-expectations/supervision-after-achology-training/"">Supervision</a> and <a href=""/help/outcomes-and-expectations/achology-professional-indemnity-insurance/"">insurance</a> come first among it, and both are covered separately because both are genuinely your responsibility rather than the platform's.</p>
<p><a href=""/help/learning-experience/achology-live-practice-session-etiquette/"">The etiquette expected in live practice</a> is what makes the unsupervised version safe, and it is worth reading before your first one.</p>
<p><strong>Related questions</strong></p>
<ul><li><a href=""/help/outcomes-and-expectations/supervision-after-achology-training/"">Do I need supervision to practise after Achology training?</a></li><li><a href=""/help/achology-basics-and-identity/personal-responsibility-achology-learning/"">What does Achology mean by ""personal responsibility"" in learning?</a></li><li><a href=""/help/privacy-and-legal/achology-responsible-community-member-advice/"">Is Achology responsible for advice I get from other members?</a></li><li><a href=""/help/learning-experience/achology-live-practice-session-etiquette/"">What etiquette should I follow in live practice sessions?</a></li></ul>
"
319,achology-professional-indemnity-insurance,Do I need professional indemnity insurance to practise as an Achologist?,do I need professional indemnity insurance to practise as an Achologist,need achologist indemnity insurance,Do You Need Achologist Indemnity Insurance?,"You need Achologist indemnity insurance under the Code of Ethics if offering services to the public. Cover comes before clients, not after.","<p>So do you need Achologist indemnity insurance before you start practising? Yes. The <a href=""/about/code-of-ethics/"">Achology Code of Ethics</a> treats insurance as a professional obligation: members offering applied psychology services to the public are required to hold comprehensive cover, in place before the first client rather than arranged after something goes wrong. Achology does not provide, sell or recommend specific insurance. Obtaining the right cover is yours to do.</p>
<h2>What cover, and why beforehand</h2>
<p>Two policies do different jobs and most practitioners need both.</p>
<p>Professional indemnity insurance covers claims arising from your professional work: advice that misfires, or a client alleging harm from your services. Public liability covers injury or damage connected to your practice more generally, which matters the moment you see anybody in person.</p>
<p>Requirements and costs vary by country, by the services you offer, and by whether you work online or face to face. Specialist insurers now serve coaches and mentors directly.</p>
<p>The reason for cover before clients is the nature of the thing insured. The client protected by your policy is every client, including the first one, and the first one is statistically the most likely to meet a practitioner who has not yet met that situation before.</p>
<h2>Why this is an ethical requirement rather than business advice</h2>
<p>Because of who it protects. Insurance is usually presented as protecting the practitioner, and it does, but the reason it sits in a code of ethics is the person on the other side of the room.</p>
<p>Somebody harmed by work you did badly has a route to remedy if you are covered and, in practice, very little if you are not. That is the same principle running through <a href=""/help/community-and-conduct/commit-practising-achologist/"">the five commitments</a>: the client's interests come first, and <a href=""/help/community-and-conduct/standards-apply-trainee-achologists/"">the added care while you are still training</a> exists for the same reason.</p>
<h2>Where this sits in responsible practice</h2>
<p>Insurance is one of two pillars a practice stands on. The other is supervision, covered in <a href=""/help/outcomes-and-expectations/supervision-after-achology-training/"">whether you need it after training</a>, and both express the same idea: taking responsibility for the risks your work creates for other people.</p>
<p>Whether insurers will cover you on Achology qualifications, and how to approach them honestly, is the companion question, answered in <a href=""/help/certificates-cpd-accreditation/insurance-coverage-achology-qualifications/"">will insurers cover me</a>.</p>
<p><strong>Related questions</strong></p>
<ul><li><a href=""/help/outcomes-and-expectations/supervision-after-achology-training/"">Do I need supervision to practise after Achology training?</a></li><li><a href=""/help/certificates-cpd-accreditation/insurance-coverage-achology-qualifications/"">Will insurance companies cover me with Achology qualifications?</a></li></ul>
"
320,achology-success-stories-do-courses-work,Do Achology courses actually work? What do success stories look like?,do Achology courses actually work? What do success stories look like,do achology courses work,Do Achology Courses Work? What Success Looks Like,"Do Achology courses work? Yes, for people who practise: success looks like gradual competence, career transitions, better relationships, built over months.","<p>So do <a href=""/courses/"">Achology courses</a> work, and what does success look like? Yes, for the people who practise, and the honest picture is gradual competence rather than sudden change. They do not work for passive consumption, and that is said before purchase rather than discovered afterwards.</p>
<h2>The shapes success actually takes</h2>
<ul>
<li>Career transitions into coaching and mentoring, built over a year or more of study and practice.</li>
<li>Professional lives changed by better leadership and communication, without any career change at all.</li>
<li>Relationships improved by skills actually used at home rather than only with clients.</li>
<li>The quieter one underneath the others: self-understanding that changes how decisions get made.</li>
</ul>
<p>The last is the one members mention least in advance and most afterwards, which fits <a href=""/help/achology-basics-and-identity/what-is-applied-psychology-achology/"">the self-first order</a> the curriculum is built on.</p>
<h2>The evidence that can be checked</h2>
<p>Rather than curated anecdotes, the published numbers on the course pages are the more honest signal.</p>
<p>The <a href=""/academy/neuro-linguistic-programming/diploma-modern-applied-psychology/"">Diploma Course in Modern Applied Psychology</a> (DiMAP) has been studied by 56,701 students and holds a 4.78-star rating. The <a href=""/academy/neuro-linguistic-programming/nlp-practitioner/"">Neuro-Linguistic Programming (NLP) Practitioner Training</a> by 145,112. The <a href=""/academy/person-centred-counselling/counselling-skills-practitioner/"">Counselling Skills Practitioner Course</a> carries 4.79 stars <a href=""/reviews/"">across thousands of reviews</a>.</p>
<p>Ratings at that scale are the aggregate voice of people who took the courses, including the disappointed ones. A selected success story is not.</p>
<h2>Reading success stories wisely, here or anywhere</h2>
<p>Any provider's showcased stories are its best cases. That is not dishonest, it is what a showcase is, and it means the useful questions are the transferable ones.</p>
<p>What did that person actually do, over what period, with how much practice? The answer here is consistent across every account worth telling: months of engagement, community practice and application in real life.</p>
<p>So the test is simple. If the pattern of effort in a story looks like effort you would actually make, the story is evidence for you. If it does not, it is not, whoever published it. That is why success is framed as <a href=""/help/outcomes-and-expectations/realistic-outcomes-with-achology/"">something you build rather than receive</a>, and why <a href=""/help/pricing-and-payments/achology-no-transformation-promises/"">no outcome is promised at all</a>.</p>
<p>If a course has not worked for you, <a href=""/help/outcomes-and-expectations/what-if-achology-courses-dont-work/"">diagnosing why before deciding</a> is the more useful next step.</p>
<p><strong>Related questions</strong></p>
<ul><li><a href=""/help/outcomes-and-expectations/realistic-outcomes-with-achology/"">What can I realistically achieve through Achology courses?</a></li><li><a href=""/help/outcomes-and-expectations/see-real-results-how-long-achology-takes/"">How long does it take to see results from Achology courses?</a></li></ul>

"
321,course-completion-vs-competence,What's the difference between completing a course and being competent?,what's the difference between completing a course and being competent,course completion vs competence,Course Completion vs Competence: The Difference,Course completion vs competence: completion means finishing the curriculum; competence means applying it with real people. Only practice builds it.,"<p>So what is the difference between course completion vs competence? Completion means you finished the curriculum: watched the teaching, did the exercises, earned the certificate of completion. Competence means you can apply what it taught, effectively, with a real person, in a situation the course never scripted. The two are related the way a map relates to the journey: completion is necessary and genuinely valuable, and it is not the destination, which is why Achology's certificates confirm exactly what happened, education completed, rather than expertise conferred.</p>
<h2>Why the gap exists, and how wide it is</h2>
<p>Watching someone coach and coaching are different activities using different capacities: knowledge lives in memory, skill lives in behaviour under pressure, and behaviour only trains through repetition with people who respond unpredictably. Closing the gap takes many hours of practice beyond the videos, months for working competence and years for depth, which is exactly what Achology's community exists to host and its <a href=""/certification/"">certification pathway</a> exists to verify: progression past the first level requires demonstrated practice, not further completions, and a certificate of achievement means the demonstration happened, per <a href=""/help/certificates-cpd-accreditation/evidence-cpd-learning-progression-achology/"">How do I evidence my CPD and learning progression?</a></p>
<h2>What to do with the distinction</h2>
<p>Hold both truths without collapsing them. Completion matters: the education is the map, and practising without it is wandering. Competence is the point: treat every finished course as an entry ticket to the practice that makes it real, and measure yourself by conversations handled rather than certificates held. The member who finishes one course and practises it for six months ends up more capable than the one who completes five and practises none, and everything about how <a href=""/help/outcomes-and-expectations/achology-course-outcomes/"">Achology defines what you can do</a> is built on that arithmetic.</p>
<p><strong>Related questions</strong></p>
<ul><li><a href=""/help/outcomes-and-expectations/achology-course-outcomes/"">What can I actually do after completing Achology courses?</a></li><li><a href=""/help/certificates-cpd-accreditation/evidence-cpd-learning-progression-achology/"">How do I evidence my CPD and learning progression?</a></li><li><a href=""/help/learning-experience/slow-deep-learning-rejects-fast-certification/"">Why does Achology emphasise deep learning over fast certification?</a></li><li><a href=""/help/learning-experience/completed-achology-course-nothing-changed/"">I've completed a course, but haven't changed: what went wrong?</a></li></ul>"
322,achology-character-development,Why does Achology emphasise character development so much?,why does Achology emphasise character development so much,achology character development,Achology Character Development: Why It Matters,"Achology character development sits beside technique: skill without character creates manipulators, character without skill creates incompetence.","<p>So why is Achology character development emphasised so much in a course about psychology? Because of an uncomfortable arithmetic. Technique without character produces skilled manipulators. Character without technique produces well-meaning incompetence. An education developing only one has trained somebody to fail in a specific direction.</p>
<h2>Why psychological skill is different</h2>
<p>These are influence skills: over how people think, feel and decide. What governs their use is not more skill but the person wielding them, their self-awareness, restraint and ethics.</p>
<p>That is not true of most subjects. A badly-charactered accountant does bad accounting. A badly-charactered helper does something worse, and the person on the receiving end frequently cannot tell at the time.</p>
<h2>The thought experiment that makes it concrete</h2>
<p>Picture somebody who completes brilliant technical training in Neuro-Linguistic Programming (NLP): every pattern mastered, every intervention fluent, and no work ever done on their own motives or blind spots.</p>
<p>What has been created is capability without governance. A person who can reframe, anchor and persuade, aimed by needs they have never examined. Their clients will experience the difference between being helped and being handled without being able to name it.</p>
<p>Now the inverse: deep integrity, warm intentions, no skill, floundering sincerely while somebody needed real help.</p>
<p>Both failures are common in the helping industries. Neither is acceptable to train on purpose.</p>
<h2>How character is actually developed here</h2>
<p>Not by exhortation, which is the usual method and does nothing at all. Achology character development happens through structured practice with real feedback, not through being told once to behave better and expected to remember it.</p>
<p>The curriculum <a href=""/help/achology-basics-and-identity/what-is-applied-psychology-achology/"">points every framework inward first</a>, so you meet your own patterns before you start naming anybody else's. The practice culture makes those patterns visible through feedback, since <a href=""/help/events-and-mentorship/achology-coaching-competency-review-sessions/"">coaching in front of observers</a> shows you things self-reflection will not.</p>
<p><a href=""/about/code-of-ethics/"">The Code of Ethics</a> binds skill to responsibility from the first course rather than the last, and <a href=""/help/community-and-conduct/nine-ccac-virtues/"">the character code</a> trains nine virtues in live sessions, on <a href=""/help/community-and-conduct/many-ccac-sessions-need-complete-often/"">a rolling requirement that never completes</a>.</p>
<p>And <a href=""/help/certificates-cpd-accreditation/six-achology-cpd-statuses/"">progression takes long enough</a> that maturity has time to grow alongside technique, which is <a href=""/help/learning-experience/slow-deep-learning-rejects-fast-certification/"">one of the strongest arguments against fast certification</a>.</p>
<p>The result aimed at is the integrated practitioner, and <a href=""/help/achology-basics-and-identity/what-does-achology-mean-becoming-wiser/"">what that integration consists of</a> is the fuller account.</p>
<p><strong>Related questions</strong></p>
<ul><li><a href=""/help/achology-basics-and-identity/what-does-achology-mean-becoming-wiser/"">What does Achology mean by ""becoming wiser""?</a></li><li><a href=""/help/community-and-conduct/achology-code-character-conduct-ccac/"">What is the Achology Code of Character and Conduct?</a></li><li><a href=""/help/achology-basics-and-identity/character-traits-define-achologist/"">What are the suggested character traits of an Achologist?</a></li></ul>
"
323,is-achology-content-scientific-or-ideological,Is Achology educational content scientific or ideology-based?,is Achology educational content scientific or ideology-based,achology scientific or ideology-based,Is Achology Scientific or Ideology-Based?,"Is Achology scientific or ideology-based? Both traditions are taught honestly: evidence-informed frameworks alongside interpretive ones, open to critique.","<p>So is Achology scientific or ideology-based? Both, stated without embarrassment. The curriculum spans frameworks with substantial research backing, cognitive behavioural work most prominently, and traditions whose grounding is humanistic and interpretive rather than experimental. The published position is explicit: these are frameworks for understanding people, open to interpretation and critique.</p>
<h2>What interpretive honestly means</h2>
<p>It is a statement of honesty.</p>
<p>All applied psychology, including its most-researched <a href=""/academy/schools/"">schools</a>, involves frameworks that simplify people in order to help them. A provider claiming its models are simply ""the science"" is overclaiming what any model can be, and usually knows it.</p>
<p>So the quiet part is said aloud here: these are lenses, some better evidenced than others, all of them partial. Your job as a learner is to test them against reality rather than believe them, which is the stance <a href=""/policies/trust-statement/"">the Trust Statement</a> publishes and <a href=""/help/refunds-and-billing/achology-refund-disagree-course-content/"">the refund terms</a> rest on.</p>
<h2>What it is not</h2>
<p>Arbitrary. Ideas earn their place by evidence where it exists, and by usefulness and ethical application.</p>
<p>The distinction matters, because ""interpretive"" is sometimes used to excuse anything. Here it means the models are held provisionally, not that they were chosen carelessly, and <a href=""/help/achology-basics-and-identity/achology-evidence-based-humanistic-psychology/"">what is evidenced and what is interpretive</a> is mapped rather than blurred.</p>
<h2>Why claiming pure science would be the less honest answer</h2>
<p>It would also be the easier one to market, which is worth noticing.</p>
<p>""Evidence-based"" is a phrase with real meaning that has been worn thin by providers applying it to whatever they teach. A curriculum spanning <a href=""/help/achology-basics-and-identity/achology-multiple-psychology-traditions/"">several traditions</a> could adopt the label wholesale and few readers would check.</p>
<p>Saying instead that some of this is well evidenced, some is interpretive, and all of it is partial, costs something in marketing and buys the only thing worth having: a reader who can trust the rest of the claims on the site.</p>
<h2>How to evaluate it for yourself</h2>
<p>Use the evaluation the teaching itself asks for. Check whether a framework's claims match its evidence. Ask what it leaves out. Judge techniques by their results and their ethics in your own practice.</p>
<p>That is <a href=""/help/achology-basics-and-identity/principle-led-education-achology/"">principle-led education</a> applied to the curriculum itself, and it is the real protection against ideology anywhere: not a provider's label, but your own working judgement.</p>
<p><strong>Related questions</strong></p>
<ul><li><a href=""/help/achology-basics-and-identity/achology-evidence-based-humanistic-psychology/"">Does Achology teach evidence-based models, humanistic models, or both?</a></li><li><a href=""/help/achology-basics-and-identity/achology-multiple-psychology-traditions/"">Does Achology follow one school of psychology or multiple traditions?</a></li><li><a href=""/help/community-and-conduct/achology-disagreement-open-discussion/"">How does Achology approach disagreement and open discussion?</a></li></ul>
"
324,can-achology-help-personal-struggles,Can Achology courses help with personal struggles and challenges?,can Achology courses help with personal struggles and challenges,achology help with personal struggles,Can Achology Help With Personal Struggles?,"Can Achology help with personal struggles? Often yes, for the everyday struggles of a functioning life. For clinical conditions, the answer is a caring no.","<p>So can Achology help with personal struggles you are going through? Its <a href=""/courses/"">courses</a> often can, within an honest boundary. For the everyday struggles of a generally functioning life, communication that keeps going wrong, patterns you can see but not change, decisions that feel unclear, confidence, relationships, direction, education genuinely helps, because many such struggles are partly struggles of understanding, and understanding is teachable, which is the premise behind every framework taught, worth stating plainly before anything else. Achology's courses provide frameworks for seeing your patterns, skills for handling conversations and emotions better, and a community where the changes get practised. What they are not, and never claim to be, is treatment.</p>
<h2>Where education helps, specifically</h2>
<p>Three kinds of struggle respond well to what education can give. Pattern struggles, the same argument, the same avoidance, the same self-talk, respond to frameworks that make the pattern visible and practicable alternatives available. Skill struggles, listening, conflict, boundaries, asserting yourself, respond to exactly the practice-based learning the community hosts. And meaning struggles, direction, purpose, self-understanding, respond to the reflective work the curriculum is full of. In all three, the mechanism is the same and worth stating plainly: the course provides the understanding, and your consistent application provides the change.</p>
<h2>Where the answer is a caring no</h2>
<p>If what you are carrying is a clinical condition, severe distress, or anything that feels beyond managing, the right help is professional treatment, and Achology will point you there rather than sell to you: it is education, not therapy, per <a href=""/help/achology-basics-and-identity/is-achology-therapy-counselling-or-coaching/"">Is Achology therapy, counselling, or coaching?</a>, and if you are in crisis, <a href=""/help/membership-and-access/does-achology-provide-crisis-support/"">contact emergency services or a crisis line now</a>. Reaching for the right kind of help is itself the move a psychologically literate person makes, and there is no wrong door here: study can sit alongside professional care, at your pace, when the time is right.</p>
<p><strong>Related questions</strong></p>
<ul><li><a href=""/help/membership-and-access/does-achology-provide-crisis-support/"">Does Achology provide crisis or mental health support?</a></li><li><a href=""/help/achology-basics-and-identity/is-achology-therapy-counselling-or-coaching/"">Is Achology therapy, counselling, or coaching?</a></li><li><a href=""/help/learning-experience/is-achology-right-emotionally-vulnerable/"">Is Achology right for someone who is emotionally vulnerable?</a></li></ul>"
325,achology-career-change-coaching-mentoring,Can Achology help me change career into coaching or mentoring?,can Achology help me change career into coaching or mentoring,career change into coaching,Can Achology Help a Career Change Into Coaching?,A career change into coaching splits in two: Achology builds the competence half through training and practice; you build the business half yourself.,"<p>So can Achology help with a career change into coaching or mentoring? Yes, with the division of labour stated up front: Achology builds the competence half, and you build the business half. Both are real work, and only one of them is on sale here.</p>
<h2>The competence half, concretely</h2>
<p>A credible coaching career rests on being genuinely able to coach, and that is what <a href=""/certification/"">the pathway</a> is built to produce and to evidence.</p>
<p>Applied psychology across <a href=""/academy/schools/"">the seven schools</a>. Skills rehearsed in <a href=""/help/events-and-mentorship/achology-live-events-types/"">daily community practice</a>. Feedback from experienced members in <a href=""/help/events-and-mentorship/achology-coaching-competency-review-sessions/"">evaluated sessions</a>. And, at senior levels, <a href=""/help/events-and-mentorship/cips-when-need-them/"">real coaching with people outside the community</a> facing genuine challenges.</p>
<p>By the time you describe yourself to a first paying client, the description is <a href=""/help/certificates-cpd-accreditation/verify-achology-certificate/"">checkable</a>. That is the difference between changing career and changing job title.</p>
<h2>The business half, honestly</h2>
<p>Clients, <a href=""/pricing/"">pricing</a>, marketing, a niche, and the persistence to build through a slow first year. These sit outside any curriculum's power to hand you, and pretending otherwise is how this industry sells disappointment.</p>
<p>Plan it like the adult decision it is: overlap the transition with existing income where you can, treat the first year as building rather than earning, and read <a href=""/help/outcomes-and-expectations/how-much-do-achology-coaches-earn/"">what can honestly be said about earnings</a> before making any financial plan.</p>
<h2>The sequence that actually works</h2>
<p>Competence first, and it is worth saying because the temptation runs the other way.</p>
<p>Somebody who builds the business before the skill spends the first year marketing something they cannot yet deliver, and their earliest clients pay for that. Somebody who builds the skill first arrives at marketing with <a href=""/help/events-and-mentorship/offer-free-coaching-someone-outside-achology/"">people they have already helped for free</a>, which is the only marketing asset that compounds.</p>
<p>The practical signal that you are ready is not a certificate. It is whether the people you coached without charging come back and send others.</p>
<p>Two things to arrange before your first paying client: <a href=""/help/outcomes-and-expectations/achology-professional-indemnity-insurance/"">insurance</a>, which <a href=""/about/code-of-ethics/"">the Code of Ethics</a> requires, and <a href=""/help/outcomes-and-expectations/supervision-after-achology-training/"">supervision</a>, which no law requires and competent practice does.</p>
<p><strong>Related questions</strong></p>
<ul><li><a href=""/help/outcomes-and-expectations/achology-course-outcomes/"">What can I actually do after completing Achology courses?</a></li><li><a href=""/help/outcomes-and-expectations/how-much-do-achology-coaches-earn/"">How much can I earn as an Achology-trained coach?</a></li></ul>
"
326,how-much-do-achology-coaches-earn,How much can I earn as an Achology-trained coach?,how much can I earn as an Achology-trained coach,achology-trained coaches earn,How Much Do Achology-Trained Coaches Earn?,"How much do Achology-trained coaches earn? No income claims are made: earnings range from nothing to a full living, depending on business skill.","<p>So how much do Achology-trained coaches earn? Achology makes no income claims and offers no earnings projections. Any training provider that does should be read as a warning sign, because they are selling a number they cannot control. The truthful shape of coaching income is a wide range: from nothing at all, which is common, to a full professional living, which is earned. How much Achology-trained coaches earn depends entirely on what each person builds after training, not on the training itself.</p>
<h2>What actually determines the number</h2>
<p>Training is the entry condition rather than the income driver.</p>
<p>What moves earnings is the business built around the competence: a clear niche whose problems you demonstrably solve, <a href=""/pricing/"">pricing</a> that reflects value rather than apology, marketing that reaches the people you serve, and delivery good enough that clients return and refer.</p>
<p>Achology builds the competence and <a href=""/certification/"">evidences it through the pathway</a>. The business skills sit outside its educational scope, and saying so rather than bundling a fantasy is the same honesty behind <a href=""/help/pricing-and-payments/achology-no-transformation-promises/"">promising no outcomes at all</a>.</p>
<h2>Why no figure is given, even a cautious one</h2>
<p>Worth explaining, because a range would be easy to publish and would look helpful.</p>
<p>Any figure becomes an expectation. A prospective student reads ""coaches typically earn X"", plans a career change around it, and the number was never a prediction about them: it described people with different markets, different business skill and different years behind them.</p>
<p>The same reasoning rules out student success stories presented as typical, and it applies to <a href=""/help/partnerships-and-press/become-an-achology-affiliate/"">anybody promoting Achology</a> too. A provider that will not claim an outcome cannot let an affiliate claim it either.</p>
<h2>Planning your finances like an adult</h2>
<p>Build any career-change budget on conservative assumptions: a slow first year while reputation compounds, income overlapping with existing work where possible, and growth earned client by client. <a href=""/help/outcomes-and-expectations/achology-career-change-coaching-mentoring/"">Changing career into coaching</a> covers the sequencing.</p>
<p>The coaches who reach a sustainable living are, almost without exception, the ones who treated it as building a small business with a craft at its centre. The number at the end reflects that building, and no certificate from anybody changes the arithmetic.</p>
<p>The nearest thing to an early signal is not income. It is whether <a href=""/help/events-and-mentorship/offer-free-coaching-someone-outside-achology/"">the people you coach for free</a> come back and tell others.</p>
<p><strong>Related questions</strong></p>
<ul><li><a href=""/help/outcomes-and-expectations/achology-career-change-coaching-mentoring/"">Can Achology help me change career into coaching or mentoring?</a></li><li><a href=""/help/certificates-cpd-accreditation/join-professional-body-after-achology/"">Do I need to join a professional body after Achology?</a></li></ul>
"
327,how-long-achology-courses-take-timelines,How long do Achology courses take to complete?,how long do Achology courses take to complete,how long achology courses take,How Long Achology Courses Take to Complete,"How long achology courses take depends on the course: weeks for a Masterclass, months for a practitioner course, longer for bundles, all self-paced.","<p>So how long achology courses take is the practical question. Typically weeks for a Masterclass, months for a practitioner course, and longer for a bundle or the <a href=""/access-all-areas/"">Access All Areas</a> Pass. Everything is self-paced with no deadline, so the honest determinant is your weekly hours rather than the calendar.</p>
<h2>The real arithmetic</h2>
<p>The content volumes give you something to plan against. Practitioner <a href=""/courses/"">courses</a> are substantial: the <a href=""/academy/person-centred-counselling/counselling-skills-practitioner/"">Counselling Skills Practitioner Course</a> carries more than 44 hours of teaching, and the <a href=""/academy/neuro-linguistic-programming/diploma-modern-applied-psychology/"">Diploma Course in Modern Applied Psychology</a> (DiMAP) more than 51.</p>
<p>At a few hours a week, months is the natural rhythm. Nothing about the platform pushes you faster, and <a href=""/help/achology-basics-and-identity/adult-to-adult-learning-no-hand-holding/"">nothing chases you if you slow down</a>.</p>
<h2>Add practice time to viewing time</h2>
<p>This is the part most timelines leave out, and it roughly doubles them.</p>
<p>The hours quoted are teaching hours. The <a href=""/help/getting-started/homework-assessment-achology-courses/"">reflective exercises</a>, the <a href=""/help/events-and-mentorship/pals-earn-them/"">peer practice</a> and the applying of it in your own life are where the material becomes usable, and none of that is in the stated figure.</p>
<p>A member who plans for the video hours alone will finish on schedule and wonder <a href=""/help/learning-experience/completed-achology-course-nothing-changed/"">why nothing changed</a>.</p>
<h2>Why faster is not better here</h2>
<p>The videos could be watched in days, and doing so defeats the education, because the learning is designed around what happens between them.</p>
<p>A course completed that way has been watched rather than learned, which is <a href=""/help/outcomes-and-expectations/course-completion-vs-competence/"">the completion and competence distinction</a> in its most literal form. No timeline is imposed for the same reason <a href=""/help/pricing-and-payments/achology-no-transformation-promises/"">no outcome is promised</a>: the pace that produces learning is the pace your practice can sustain, and only you know what that is.</p>
<p><a href=""/help/learning-experience/slow-deep-learning-rejects-fast-certification/"">Why depth is chosen over speed</a> is the fuller argument.</p>
<h2>Planning your own timeline</h2>
<p>Work backwards from your real week: hours available, multiplied by honest consistency, against the course's stated volume on its page, then add practice time on top.</p>
<p><a href=""/help/pricing-and-payments/achology-lifetime-access-explained/"">Access lasts as long as you want it</a>, so a season where life shrinks your hours costs you nothing but pace. <a href=""/help/learning-experience/how-achology-courses-work-self-paced/"">How the self-paced model works</a> covers the day to day.</p>
<p><strong>Related questions</strong></p>
<ul><li><a href=""/help/learning-experience/how-achology-courses-work-self-paced/"">How do Achology courses work? What's the learning experience like?</a></li><li><a href=""/help/learning-experience/study-multiple-achology-courses-simultaneously/"">Can I study multiple Achology courses at the same time?</a></li><li><a href=""/help/outcomes-and-expectations/see-real-results-how-long-achology-takes/"">How long does it take to see results from Achology courses?</a></li><li><a href=""/help/learning-experience/slow-deep-learning-rejects-fast-certification/"">Why does Achology emphasise deep learning over fast certification?</a></li></ul>
"
328,download-achology-course-materials,Can I download the materials from Achology courses?,can I download the materials from Achology courses,download achology course materials,Download Achology Course Materials?,"You can download achology course materials like PDFs and worksheets and keep them for good. Video lessons stream, but your course access is permanent.","<p>So can you download achology course materials and keep them? The written materials, yes. The PDFs, worksheets, exercises and reference resources that come with a course download freely, and once saved they are yours regardless of what your <a href=""/membership/"">membership</a> later does. Video lessons stream rather than download, which matters less than it sounds, because access to a purchased course is permanent.</p>
<h2>The sensible habit</h2>
<p>Download the written resources as you work through each lesson rather than in a batch at the end.</p>
<p>Materials gathered as you go arrive already organised by the learning they belong to, and you remember what each one was for. Materials gathered later are a folder nobody reopens. <a href=""/help/technical-help/find-achology-course-resources/"">Where to find the resources</a> covers locating them.</p>
<h2>Why the worksheets are the part worth keeping</h2>
<p>The videos feel like the course and the worksheets feel like the extras. It is closer to the other way round.</p>
<p>The reflection and application between the lessons is where the material stops being information, which is the whole distinction between <a href=""/help/outcomes-and-expectations/course-completion-vs-competence/"">completing a course and being competent</a>. A sheet you filled in two years ago, in your own handwriting, is a record of what you actually thought at the time, and rereading it against what you think now is one of the few honest measures of your own development available.</p>
<h2>Why the videos stay on the platform</h2>
<p>Two reasons, and the second works in your favour. It protects the course material from redistribution, which is the same ground as <a href=""/help/privacy-and-legal/achology-copyright-sharing-course-content/"">not sharing course content</a>. And it means you always see the current version, because <a href=""/help/privacy-and-legal/achology-updates-course-already-purchased/"">courses are updated at no extra cost</a> and a saved copy would freeze at the day you took it.</p>
<h2>What downloading is for, and not for</h2>
<p>It supports your own learning and stays inside the one-purchase-one-user licence. Downloaded materials may not be shared, redistributed or taught from as though they were yours to hand out, and videos may not be recorded, per the <a href=""/policies/terms-and-conditions/"">Terms and Conditions</a> and <a href=""/help/membership-and-access/share-achology-account-courses/"">the boundary on sharing</a>.</p>
<p>Inside that line, download freely. The materials were made to be used.</p>
<p><strong>Related questions</strong></p>
<ul><li><a href=""/help/learning-experience/revisit-achology-courses-after-completion/"">Can I revisit Achology courses after completing them?</a></li><li><a href=""/help/membership-and-access/platform-changes-course-access-achology/"">What happens to courses if the Achology platform changes?</a></li><li><a href=""/help/membership-and-access/share-achology-account-courses/"">Can I share my Achology account or courses with others?</a></li></ul>
"
329,how-achology-courses-work-self-paced,How do Achology courses work? What's the learning experience like?,how do Achology courses work? What's the learning experience like,how achology courses work,How Achology Courses Work: The Learning Experience,"How achology courses work: structured video modules, reflective exercises, and a live community, self-paced with no cohorts or deadlines.","<p>So how achology courses work is best explained through what happens when you take one of these <a href=""/courses/"">courses</a>. Four parts working together: video modules watched at your own pace, reflective exercises between them, a community that comes with the purchase, and practice with real people. No cohorts, no deadlines, no forced pace, and <a href=""/help/pricing-and-payments/achology-lifetime-access-explained/"">access for as long as you want it</a>.</p>
<h2>The four parts</h2>
<ul>
<li><strong>Structured video modules</strong>, watched wherever and whenever suits you.</li>
<li><strong>Reflective exercises</strong> between the videos: honest self-examination and application prompts that turn concepts into your own material.</li>
<li><strong>The community</strong>, since every course includes three months of <a href=""/membership/"">membership</a>, twelve with bundles and the <a href=""/access-all-areas/"">Access All Areas</a> Pass, where <a href=""/help/events-and-mentorship/achology-live-events-types/"">daily live events</a> carry the learning socially.</li>
<li><strong>Practice</strong>, in <a href=""/help/events-and-mentorship/pals-earn-them/"">peer sessions with real people</a>, which is where understanding becomes skill.</li>
</ul>
<h2>What self-paced feels like in practice</h2>
<p>Buying a course opens everything at once: the full module structure, the downloadable resources and the membership period. You design your own rhythm rather than joining somebody else's.</p>
<p>Most members settle into a few hours weekly, videos plus exercises plus a live event or practice session. The platform never chases, reminds or pressures, per <a href=""/help/achology-basics-and-identity/adult-to-adult-learning-no-hand-holding/"">the adult-to-adult model</a>. The structure is in the curriculum; the discipline is yours, and that division is deliberate rather than an oversight.</p>
<h2>The part people underuse</h2>
<p>Almost always the same one: the exercises and the practice, in that order.</p>
<p>The videos feel like the course, so a busy week gets spent watching and the worksheet waits. That is the half where <a href=""/help/outcomes-and-expectations/course-completion-vs-competence/"">material stops being information</a>, and skipping it is the commonest reason somebody <a href=""/help/learning-experience/completed-achology-course-nothing-changed/"">finishes a course and wonders why nothing changed</a>.</p>
<p>If you only have limited time in a given week, doing one lesson properly beats watching four.</p>
<h2>Getting the most from the design</h2>
<p>Use all four parts, because their combination is what the <a href=""/pricing/"">pricing</a> actually buys. Videos alone inform; videos plus exercises plus community plus practice is the model.</p>
<p><a href=""/help/learning-experience/inside-achology-course-modules-breakdown/"">What sits inside a module</a> breaks it down further, <a href=""/help/learning-experience/how-long-achology-courses-take-timelines/"">the timelines</a> are honest about the hours, and there is <a href=""/help/learning-experience/achology-course-prerequisites-requirements/"">nothing to qualify for first</a>.</p>
<p><strong>Related questions</strong></p>
<ul><li><a href=""/help/learning-experience/inside-achology-course-modules-breakdown/"">What's inside an Achology course module? What do you get?</a></li><li><a href=""/help/learning-experience/how-long-achology-courses-take-timelines/"">How long do Achology courses take to complete?</a></li><li><a href=""/help/learning-experience/achology-course-prerequisites-requirements/"">Do Achology courses have prerequisites? Can complete beginners start?</a></li></ul>
"
330,inside-achology-course-modules-breakdown,What's inside an Achology course module? What do you get?,what's inside an Achology course module? What do you get,inside an achology course module,What's Inside an Achology Course Module?,"What sits inside an achology course module: video lessons, reflective exercises, practice frameworks, downloadable resources, and integration activities.","<p>So what sits inside an achology course module, in practice? Five kinds of element, sequenced for development rather than delivery: video lessons where the teaching happens, reflective exercises between them, practice frameworks for applying the skill with other people, downloadable resources that are yours to keep, and integration activities connecting the module to your real contexts.</p>
<h2>The five elements</h2>
<ul>
<li><strong>Video lessons</strong>, typically substantial rather than bite-sized: concepts explained with examples and demonstration.</li>
<li><strong>Reflective exercises</strong>, asking you to examine your own patterns against what was just taught.</li>
<li><strong>Practice frameworks</strong>, giving structure for using the skill with another person.</li>
<li><strong>Downloadable resources</strong>: summaries, worksheets and reference material, <a href=""/help/learning-experience/download-achology-course-materials/"">yours to keep</a>.</li>
<li><strong>Integration activities</strong>, connecting the learning to work, relationships and helping conversations.</li>
</ul>
<h2>Why modules are built this way</h2>
<p>The sequence mirrors how competence actually forms: understand, reflect, practise, integrate.</p>
<p>A module that stopped at the videos would produce familiarity, which is a comfortable feeling and not a skill. The exercises turn the material inward. The frameworks turn it outward toward another person. The integration work is what makes it survive contact with an ordinary Tuesday, when nobody has set the scene and the situation does not resemble the example.</p>
<p>That is the design behind the platform's central claim, that the education is applied, and it is why working a module properly takes meaningfully longer than watching it. <a href=""/help/learning-experience/how-long-achology-courses-take-timelines/"">The published timelines</a> reflect the working rather than the watching.</p>
<h2>Where the module stops</h2>
<p>Deliberately short of the last step. A module can give you a framework and ask you to try it, but it cannot watch you do it or tell you honestly how it went.</p>
<p>That happens in <a href=""/help/events-and-mentorship/achology-live-events-types/"">the live sessions</a>, where you practise in front of people who give structured feedback, which is <a href=""/help/learning-experience/achology-peer-learning-community-teaches/"">why the teaching is built around peer learning</a> rather than around the <a href=""/courses/"">courses</a> alone.</p>
<h2>How depth varies by course type</h2>
<p>The architecture is consistent across the catalogue; depth and volume are what change. A Masterclass carries fewer, more accessible modules for exploring one topic. A Practitioner <a href=""/certification/"">Certification</a> course carries the full treatment: more modules, deeper exercises, heavier practice. <a href=""/help/learning-experience/masterclasses-vs-practitioner-courses-differences/"">The difference between the two</a> is its own question.</p>
<p><strong>Related questions</strong></p>
<ul><li><a href=""/help/learning-experience/how-achology-courses-work-self-paced/"">How do Achology courses work? What's the learning experience like?</a></li><li><a href=""/help/learning-experience/masterclasses-vs-practitioner-courses-differences/"">What's the difference between Achology Masterclasses and practitioner courses?</a></li></ul>
"
331,achology-course-prerequisites-requirements,Do Achology courses have prerequisites? Can complete beginners start?,do Achology courses have prerequisites? Can complete beginners start,achology courses have prerequisites,Do Achology Courses Have Prerequisites?,"Whether achology courses have prerequisites: no, complete beginners start immediately. No degrees or prior study required for any course.","<p>So do achology courses have prerequisites, and can you start if you know nothing about psychology at all? Yes, immediately, and no. There are no prerequisites for any Achology course: no degree, no professional <a href=""/certification/"">certification</a>, no prior study, no particular background. You will never be blocked from buying or opening a course on the basis of what you studied, or did not study, beforehand.</p>
<h2>Why there is no gate</h2>
<p>This is not a marketing decision, it is the founding conviction, and it is worth knowing that it is deliberate rather than lax.</p>
<p>Achology's position is that <a href=""/help/comparisons-and-alternatives/how-psychology-became-institutionalised/"">psychological knowledge became gatekept</a> for reasons that made sense at the time and now mostly serve the gate. The only requirement for starting should be the decision to learn, which is also why <a href=""/help/pricing-and-payments/achology-anti-gatekeeping-pricing/"">the pricing is built the way it is</a>.</p>
<h2>The one nuance, honestly stated</h2>
<p>Within some <a href=""/academy/schools/"">schools</a>, advanced <a href=""/courses/"">courses</a> recommend a foundational course first, purely because the later material builds on the earlier. That is guidance for comprehension, never an enforced requirement.</p>
<p>The platform assumes you are a capable adult who can judge your own readiness and adjust. If a course turns out to assume ground you have not covered, the foundational course is there and <a href=""/help/pricing-and-payments/achology-lifetime-access-explained/"">your access to both lasts as long as you want it</a>, so nothing is wasted by starting in the wrong place.</p>
<h2>Where a true beginner should actually start</h2>
<p>Three sensible entry points, depending on what you want.</p>
<p>A Masterclass in a topic that draws you, at the lowest price in the catalogue. <a href=""/help/membership-and-access/there-free-achology-membership-include/"">The free membership tier</a>, if you would rather stand inside the community before spending anything. Or the <a href=""/academy/neuro-linguistic-programming/diploma-modern-applied-psychology/"">Diploma Course in Modern Applied Psychology</a> (DiMAP) if you already know you want the full foundation, since it appears in all seven schools. <a href=""/help/getting-started/first-course-complete-beginner/"">Which course to take first</a> goes through it properly.</p>
<h2>The fit-check that actually matters</h2>
<p>Not qualifications. Character.</p>
<p>The reflectiveness and self-direction described in <a href=""/help/achology-basics-and-identity/who-is-achology-designed-for/"">who Achology is designed for</a> are what decide who does well here, and beginners who bring them routinely outpace credentialed learners who do not. <a href=""/help/achology-basics-and-identity/who-is-achology-not-for/"">Who it is not for</a> is the more useful read if you are unsure.</p>
<p><strong>Related questions</strong></p>
<ul><li><a href=""/help/learning-experience/how-achology-courses-work-self-paced/"">How do Achology courses work? What's the learning experience like?</a></li><li><a href=""/help/achology-basics-and-identity/who-is-achology-designed-for/"">Who is Achology designed for?</a></li></ul>
"
332,masterclasses-vs-practitioner-courses-differences,What's the difference between Achology Masterclasses and practitioner courses?,what's the difference between Achology Masterclasses and practitioner courses,masterclasses vs practitioner courses,Masterclasses vs Practitioner Courses | Achology,Masterclasses vs practitioner courses: Masterclasses ($97) explore a topic accessibly; Practitioner Certification courses ($149-$249) build competence.,"<p>So what is the difference between masterclasses vs practitioner courses? Depth, purpose, and where they lead. A Masterclass, at $97, is a focused exploration of one topic: accessible teaching for practical understanding, suited to curiosity, personal literacy, or testing a subject before committing to deeper study. A Practitioner Certification course, at $149 to $249 (with the <a href=""/academy/neuro-linguistic-programming/diploma-modern-applied-psychology/"">Diploma Course in Modern Applied Psychology</a> at $299), is comprehensive professional training: the full treatment of a discipline, built to develop genuine helping competence, and it is the course type that counts toward progression on the <a href=""/certification/"">certification pathway</a>. The scale difference is real, practitioner <a href=""/courses/"">courses</a> run to dozens of hours of teaching, the deepest past fifty.</p>
<h2>Choosing between them honestly</h2>
<p>Choose by your goal, not by price. If you want to understand a topic, improve one area of your life, or find out whether a subject deserves your deeper commitment, the Masterclass is the right tool and the cheaper one, and nothing about it is lesser at its own job. If you intend to coach, mentor, or help others with the material, or want the depth that changes how you operate rather than what you know, the practitioner course is what that requires, and buying the Masterclass first as a taster of a subject you already know you want is usually a step you can skip.</p>
<h2>Moving between the tiers</h2>
<p>The tiers stack naturally: many members start with a Masterclass, confirm the pull, and step up to the practitioner course in the same school, and if you find yourself accumulating courses within one school, the bundle arithmetic starts to favour you, per <a href=""/help/pricing-and-payments/upgrade-courses-bundle-access-pass/"">Can I upgrade from individual courses to a bundle or Access All Areas Pass?</a> Both tiers carry the 14-day money-back guarantee and access for as long as you want it, so the cost of choosing imperfectly is low in either direction.</p>
<p><strong>Related questions</strong></p>
<ul><li><a href=""/help/learning-experience/inside-achology-course-modules-breakdown/"">What's inside an Achology course module? What do you get?</a></li><li><a href=""/help/pricing-and-payments/upgrade-courses-bundle-access-pass/"">Can I upgrade from individual courses to a bundle or Access All Areas Pass?</a></li></ul>"
333,revisit-achology-courses-after-completion,Can I revisit Achology courses after completing them?,can I revisit Achology courses after completing them,revisit achology courses after completion,Revisit Achology Courses After Completion?,"You can revisit achology courses after completion at no extra cost. Access lasts as long as you want it, so return to any module whenever you need.","<p>So can you revisit achology courses after completion and go back through a course again later? Yes, without limit. <a href=""/help/pricing-and-payments/achology-lifetime-access-explained/"">Access lasts as long as you want it</a>, so you can return to a whole course, one module, or a single technique whenever the need arises, years later included, at no extra cost. Completion changes nothing: the course stays in your account, updates included, so the version you return to is the current one.</p>
<h2>Why returning is part of the design rather than a courtesy</h2>
<p>Applied psychology is depth-on-repeat material.</p>
<p>A framework studied before you have used it and the same framework revisited after a year of practice are two different learning experiences. The words have not changed; you have. The second pass has grip because you now have real situations to hang it on, and the questions you bring are the ones the first pass could not have raised.</p>
<p>This is the same reason <a href=""/help/certificates-cpd-accreditation/have-retake-code-ethics-training-every/"">the ethics training repeats annually</a> rather than completing. The dilemmas troubling a practitioner in their fifth year are not the ones covered in their first.</p>
<h2>When members actually come back</h2>
<p>Usually at one of three moments: before taking on a new kind of client work, when something in their own life makes old material suddenly relevant, or when <a href=""/certification/"">progression on the pathway</a> sends them back to foundations they thought they had finished with.</p>
<p>None of those can be predicted at the point of purchase, which is precisely why the access model has no expiry attached to it.</p>
<h2>Making a revisit count</h2>
<p>Return with a question rather than a rewatching habit. ""How do I handle this particular situation"" sends you to the module that answers it, which is faster and sticks better than replaying from the beginning.</p>
<p>Keep <a href=""/help/learning-experience/download-achology-course-materials/"">the worksheets you downloaded</a> on the first pass and compare your old answers with your current thinking. The distance between them is your development, written in your own hand, and it is more honest than any certificate.</p>
<p><strong>Related questions</strong></p>
<ul><li><a href=""/help/learning-experience/download-achology-course-materials/"">Can I download the materials from Achology courses?</a></li><li><a href=""/help/learning-experience/study-multiple-achology-courses-simultaneously/"">Can I study multiple Achology courses at the same time?</a></li></ul>
"
334,study-multiple-achology-courses-simultaneously,Can I study multiple Achology courses at the same time?,can I study multiple Achology courses at the same time,study multiple achology courses,Study Multiple Achology Courses at Once?,"You can study multiple achology courses at the same time; no restrictions exist. Depth beats scattered breadth, so pair courses deliberately.","<p>So can you study multiple achology courses at the same time? Yes, freely. The platform places no restriction: everything you own is open at once and you move between <a href=""/courses/"">courses</a> however suits you. The honest question is not whether you can but whether you should, and there the answer has a shape. Deliberate combinations work. Scattered sampling does not.</p>
<h2>Combinations that work</h2>
<p>Complementary pairings create integration. A cognitive behavioural course alongside mindfulness study, or Neuro-Linguistic Programming (NLP) alongside coaching training, lets each tradition illuminate the other.</p>
<p>That is not a happy accident. <a href=""/academy/schools/"">The seven schools</a> are designed as a complementary whole, which is why <a href=""/help/curriculum-and-subjects/any-achology-courses-appear-more-than/"">several courses appear in more than one school</a>.</p>
<h2>The pattern that fragments learning</h2>
<p>Four unrelated courses open at once, each getting an hour of shallow attention, none getting the reflection and practice that turn material into skill.</p>
<p>If your recent weeks look like that, the fix is not discipline but arithmetic. Your available hours divided by four courses is not enough depth for any of them, and the honest measure is not how many you have open but how many you have practised anything from.</p>
<h2>Why depth beats breadth here specifically</h2>
<p>Because of where the learning actually completes. A course gives you a framework; the framework becomes a skill only when you have used it on a real person and heard how it went, which happens in <a href=""/help/events-and-mentorship/achology-live-events-types/"">the live practice</a>.</p>
<p>That step takes time and attention per subject, and it does not divide. Four courses studied simultaneously still produce one practice life, so three of them stay information. This is <a href=""/help/outcomes-and-expectations/course-completion-vs-competence/"">the completion and competence distinction</a> arriving through the back door.</p>
<h2>The practical default</h2>
<p>Most members do best with one substantial course at a time, a lighter Masterclass alongside for variety, and bundle-scale study taken in sequence rather than in parallel.</p>
<p>Nothing is lost by sequencing. <a href=""/help/learning-experience/revisit-achology-courses-after-completion/"">Access lasts as long as you want it</a> and every course waits, updated, for whenever you reach it. <a href=""/help/learning-experience/how-long-achology-courses-take-timelines/"">The timeline arithmetic</a> covers whatever load you settle on.</p>
<p><strong>Related questions</strong></p>
<ul><li><a href=""/help/learning-experience/how-long-achology-courses-take-timelines/"">How long do Achology courses take to complete?</a></li><li><a href=""/help/learning-experience/revisit-achology-courses-after-completion/"">Can I revisit Achology courses after completing them?</a></li></ul>
"
335,achology-peer-learning-community-teaches,Why does Achology emphasise peer learning alongside expert teaching?,why does Achology emphasise peer learning alongside expert teaching,achology peer learning community,Why Achology Peer Learning Community Matters,"The achology peer learning community exists because human interaction skills cannot be learned from a lecture alone, only from interacting with others.","<p>So why does the achology peer learning community sit alongside expert teaching rather than instead of it? Because the two do different jobs and psychological education needs both. The expert teaching lives in the <a href=""/courses/"">courses</a>, where frameworks are explained, demonstrated and sequenced by somebody who knows the terrain. Peer learning lives in the community, and it carries the part no lecture can: you learn the map from the expert, and you learn to walk from walking.</p>
<h2>What peers give that no instructor can</h2>
<ul>
<li><strong>Practice partners</strong>: real people to rehearse with, at your level, making the same attempts.</li>
<li><strong>Multiplied perspectives</strong>: twenty learners applying one framework in twenty different lives surfaces uses no single teacher would think to cover.</li>
<li><strong>The teaching effect</strong>: explaining what you have learned exposes exactly what you have not yet understood, which is <a href=""/help/events-and-mentorship/achologist-led-tutorials-alts/"">why members teach members</a>.</li>
<li><strong>Honest mirrors</strong>: feedback from people watching you practise, which is where blind spots are actually found.</li>
</ul>
<h2>Why an expert cannot supply the last one</h2>
<p>Worth dwelling on, because it is the least obvious.</p>
<p>An instructor can tell you what good practice looks like. They cannot be the twenty different people you will need to have got it wrong with before it becomes reliable, and no course can manufacture the experience of a technique failing because the person in front of you responded in a way nobody scripted.</p>
<p>That is the gap between <a href=""/help/outcomes-and-expectations/course-completion-vs-competence/"">completing a course and being competent</a>, and only other people close it.</p>
<h2>How the two halves meet in practice</h2>
<p>The design is a rhythm. Learn the framework from the course, then take it into the community, to <a href=""/help/events-and-mentorship/achology-live-events-types/"">the live events</a>, discussion spaces and <a href=""/help/events-and-mentorship/pals-earn-them/"">peer practice</a> where it gets used.</p>
<p>That is <a href=""/help/membership-and-access/why-achology-includes-community-course-prices/"">why every course purchase includes membership</a> rather than offering it separately. A learner who uses only the courses has bought half the education and will usually conclude the material did not work.</p>
<p>The standards that keep the peer half functioning are in <a href=""/help/learning-experience/achology-live-practice-session-etiquette/"">the etiquette expected in live practice</a>, and they matter because <a href=""/help/outcomes-and-expectations/does-achology-supervise-peer-coaching/"">nobody is supervising the room</a>: its quality is made entirely by the people in it.</p>
<p><strong>Related questions</strong></p>
<ul><li><a href=""/help/membership-and-access/why-achology-includes-community-course-prices/"">Why does Achology include community access with course purchases?</a></li><li><a href=""/help/learning-experience/achology-live-practice-session-etiquette/"">What etiquette should I follow in live practice sessions?</a></li></ul>
"
336,slow-deep-learning-rejects-fast-certification,Why does Achology emphasise deep learning over fast certification?,why does Achology emphasise deep learning over fast certification,deep learning over fast certification,Deep Learning Over Fast Certification | Achology,"Achology chooses deep learning over fast certification because psychological competence develops through sustained practice, not a paper credential.","<p>So why choose deep learning over fast certification rather than the certifications advertised elsewhere? Because the two sell different things, and only one of them is real. Fast certification sells the certificate. ""Become a certified coach in thirty days"" is a promise about paperwork, and the industry makes it because paperwork can be scheduled. Competence cannot.</p>
<h2>What the slow design actually consists of</h2>
<p>The depth is structural rather than rhetorical.</p>
<p><a href=""/courses/"">Courses</a> carry dozens of hours of teaching with <a href=""/help/getting-started/homework-assessment-achology-courses/"">reflection and practice built between the lessons</a>. <a href=""/certification/"">The certification pathway</a> advances on demonstrated practice rather than completions, so the credential arrives when the competence does. And the community exists precisely because the skills need live repetition no schedule can compress.</p>
<p>A member could race through the videos in a fortnight, and the design quietly makes that pointless: everything producing the outcome happens at practice speed. <a href=""/help/learning-experience/how-long-achology-courses-take-timelines/"">The published timelines</a> reflect the working rather than the watching.</p>
<h2>Why a fast credential is worse than useless</h2>
<p>Not merely thin. Actively risky, and worth being direct about.</p>
<p>Somebody certified in thirty days sits down with a real person carrying real difficulty, holding a document that says they are qualified. The document does not make them dangerous; the confidence it manufactures does. They have not yet been in the room enough times to know what they do not know, and <a href=""/help/community-and-conduct/commit-practising-achologist/"">working within your competence</a> requires first being able to see where it ends.</p>
<p>That is why the pathway <a href=""/help/certificates-cpd-accreditation/progress-member-achologist/"">has you receive coaching before delivering any</a>, and why <a href=""/help/events-and-mentorship/cips-when-need-them/"">coaching people outside the community</a> waits until several levels in.</p>
<h2>The honest trade this asks of you</h2>
<p>Choosing depth means accepting that the payoff compounds late. The first weeks feel slower than a bootcamp; the twelfth month holds capability a bootcamp never builds.</p>
<p>If a fast certificate genuinely serves your situation, and some contexts only ask for the paper, then a fast provider serves it more cheaply. <a href=""/help/achology-basics-and-identity/no-credential-inflation-achology/"">Achology's refusal to inflate what its certificates mean</a> tells you exactly what you would and would not be getting here, which is the point of publishing it.</p>
<p><strong>Related questions</strong></p>
<ul><li><a href=""/help/learning-experience/how-long-achology-courses-take-timelines/"">How long do Achology courses take to complete?</a></li><li><a href=""/help/outcomes-and-expectations/course-completion-vs-competence/"">What's the difference between completing a course and being competent?</a></li></ul>
"
337,achology-live-practice-session-etiquette,What etiquette should I follow in live practice sessions?,what etiquette should I follow in live practice sessions,achology live practice session etiquette,Achology Live Practice Session Etiquette,"Achology live practice session etiquette: arrive on time, engage fully, give honest feedback, respect the host, and keep what's shared confidential.","<p>So what does achology live practice session etiquette actually require of you? The standards that make real practice possible, and they are about character rather than rules for their own sake.</p>
<h2>The standards</h2>
<ul>
<li><strong>Arrive on time and stay for the whole session.</strong> Practice groups are built on everybody's presence, and dropping in and out strands people mid-exercise.</li>
<li><strong>Engage fully.</strong> Camera on unless the host says otherwise, and listening with intention rather than waiting for your turn.</li>
<li><strong>Give honest, constructive feedback.</strong> Neither empty praise nor harshness: both waste the other person's practice.</li>
<li><strong>Follow the host's facilitation</strong>, which is what keeps a group of practising peers a session rather than a conversation.</li>
<li><strong>Keep confidentiality.</strong> What is shared in a session stays there.</li>
</ul>
<h2>Why confidentiality carries the whole thing</h2>
<p>Practice only works when people can be genuinely unpolished: trying a skill badly, bringing something real enough to practise on, getting it wrong in front of witnesses.</p>
<p>That candour exists only inside a sealed room. Treating session content as repeatable elsewhere, in the forums, to friends, in your own content, does not merely breach the Community Code of Conduct. It quietly ends the conditions that made the session worth attending, for everybody, and nobody announces that it has happened.</p>
<p>Guard it as though your own practice depended on it, because it does. It is the same principle behind <a href=""/help/events-and-mentorship/mentorship-sessions-recorded-achology/"">some sessions never being recorded</a>.</p>
<h2>Why empty praise is the commoner failure</h2>
<p>Harshness is rare here and easy to spot. Vague encouragement is neither, and it is the more damaging of the two.</p>
<p>Somebody who has just coached badly and hears ""that was great"" has been robbed of the only thing the session offered them. Being told plainly what did not land is uncomfortable for ten seconds and useful for years, and learning to give that well is itself one of <a href=""/help/events-and-mentorship/achology-coaching-competency-review-sessions/"">the competencies these formats develop</a>.</p>
<h2>The spirit underneath the list</h2>
<p>Every item reduces to one move: protect the other person's learning as carefully as your own.</p>
<p>These are <a href=""/help/outcomes-and-expectations/does-achology-supervise-peer-coaching/"">peer learning activities rather than supervised services</a>, which means the quality of the room is made entirely by the people in it. <a href=""/help/learning-experience/achology-peer-learning-community-teaches/"">Why the peer half matters</a> is the fuller picture, and <a href=""/help/community-and-conduct/achology-s-five-community-principles/"">the five community principles</a> are the same expectation stated for the whole community.</p>
<p><strong>Related questions</strong></p>
<ul><li><a href=""/help/learning-experience/achology-peer-learning-community-teaches/"">Why does Achology emphasise peer learning alongside expert teaching?</a></li><li><a href=""/help/outcomes-and-expectations/does-achology-supervise-peer-coaching/"">Does Achology supervise peer coaching or practice sessions?</a></li></ul>
"
338,achology-content-offensive-emotionally-challenging,What if I find Achology course content offensive or challenging?,what if I find Achology course content offensive or challenging,find achology content offensive,Find Achology Content Offensive? What to Do,"If you find achology content offensive or unsettling, that discomfort is normal in psychology education. Here is how to engage with it, and your options.","<p>So what should you do if you find achology content offensive or unsettling? First, know that the experience itself is normal here rather than a sign something is wrong. Achology teaches interpretive frameworks about the self, relationships, and responsibility, and material of that kind provokes different responses in different people: agreement in one learner, discomfort or offence in another, sometimes both in the same learner a month apart. The platform's published position, in the <a href=""/policies/trust-statement/"">Trust Statement</a>, is that ideas here are open to interpretation, disagreement, and critique, that challenge is part of education rather than a fault in it, and that how you engage with a difficult idea is yours to choose.</p>
<h2>Ways to engage that serve you</h2>
<p>Discomfort in psychology education is often information, so the productive first move is curiosity rather than verdict: ask what specifically landed hard, and whether it touched something worth examining, which is different from assuming the material must be either right or malicious. You are always free to disagree and continue, since critical engagement is expected rather than punished; to skip a module and return later, since access lasts as long as you want it; or to raise the idea in the community, where challenging material gets discussed openly. And if something feels genuinely destabilising rather than uncomfortable, pause the study and seek appropriate support first; education can always wait for you.</p>
<h2>The options that stay open</h2>
<p>Within 14 days of buying a course, the money-back guarantee <a href=""/policies/refund-policy/"">refunds</a> in full for any reason, disliking the content included, no questions asked. After that window, disagreement with an idea is not grounds for a refund, because interpretive content experienced differently is not a defective product, as <a href=""/help/refunds-and-billing/achology-refund-disagree-course-content/"">Can I get a refund if I disagree with the course content?</a> sets out plainly, and your access to everything you bought continues regardless of what you make of any one module.</p>
<p><strong>Related questions</strong></p>
<ul><li><a href=""/help/refunds-and-billing/achology-refund-disagree-course-content/"">Can I get a refund if I disagree with the course content?</a></li><li><a href=""/help/learning-experience/is-achology-right-emotionally-vulnerable/"">Is Achology right for someone who is emotionally vulnerable?</a></li></ul>"
339,completed-achology-course-nothing-changed,"I've completed a course, but haven't changed: what went wrong?","i've completed a course, but haven't changed: what went wrong",course completed nothing changed,Course Completed Nothing Changed: What Happened,"Course completed nothing changed is a common experience: completion delivers understanding, and change comes from applying it. Here is the honest fix.","<p>""Course completed nothing changed"" is a familiar feeling: you finished the course, so what went wrong? Probably nothing, and this is one of the most common experiences in all education, so start kindly with yourself. A completed course has delivered what completion delivers: understanding, frameworks, a map of the territory. Change is a different product with a different mechanism, and it does not ship with the <a href=""/certification/"">certificate</a>.</p>
<h2>The honest diagnosis, without blame</h2>
<p>Ask one question of the months since you started: where did the material meet your real life?</p>
<p>If the answer is mostly ""on the screen"", the course has not failed and neither have you. It simply has not been used yet, the way a language course completed without conversations has not yet produced a speaker.</p>
<p>That is <a href=""/help/outcomes-and-expectations/course-completion-vs-competence/"">the completion and competence gap</a> in person, and it is the most fixable situation in learning, because everything required is already in your account.</p>
<h2>The two places it usually stalls</h2>
<p>Worth naming, because knowing which one you are in changes the fix.</p>
<p>The first is <a href=""/help/technical-help/find-achology-course-resources/"">the written exercises</a>. They look like extras beside the videos, so a busy week gets spent watching and the worksheet waits, and the worksheet is where the material was going to meet your actual situation.</p>
<p>The second is the community. <a href=""/help/membership-and-access/why-achology-includes-community-course-prices/"">Three months of membership came with the course</a> for a reason, and a member who never attended a session has used the half of the education that informs rather than the half that changes anything.</p>
<h2>The practical restart</h2>
<p>Pick one framework from the course that spoke to you and give it a month of deliberate use:</p>
<ul>
<li>One applied exercise a week, written down.</li>
<li>One <a href=""/help/events-and-mentorship/pals-earn-them/"">peer practice session</a> in the community.</li>
<li>One real conversation approached differently, and a note afterwards on what actually happened.</li>
</ul>
<p>Small, behavioural and repeated is how the change you bought the course for arrives. <a href=""/help/outcomes-and-expectations/see-real-results-how-long-achology-takes/"">The honest timeline</a> is longer than anybody wants and shorter than it feels.</p>
<p>And if a genuine month of that produces genuinely nothing, take that result seriously rather than doubling down. <a href=""/help/outcomes-and-expectations/what-if-achology-courses-dont-work/"">The broader diagnosis</a>, including the possibility of honest misfit, is worth reading without embarrassment.</p>
<p><strong>Related questions</strong></p>
<ul><li><a href=""/help/outcomes-and-expectations/course-completion-vs-competence/"">What's the difference between completing a course and being competent?</a></li><li><a href=""/help/outcomes-and-expectations/what-if-achology-courses-dont-work/"">What if Achology courses don't work for you? What then?</a></li></ul>
"
340,is-achology-right-emotionally-vulnerable,Is Achology right for someone who is emotionally vulnerable?,is Achology right for someone who is emotionally vulnerable,achology emotionally vulnerable learners,Achology Emotionally Vulnerable Learners: Is It Right?,Achology emotionally vulnerable learners: whether it's the right fit depends on what's happening for you. Professional support comes first in a crisis.,"<p>Achology emotionally vulnerable learners: is this a good idea if you are going through something difficult? It depends on what is happening for you right now, and the honest answer is worth reading slowly. Achology is an education provider, not a therapeutic or mental health service: it does not provide emotional support, counselling, or crisis care, and its <a href=""/courses/"">courses</a> examine the self in ways that can stir real feeling, which is normal in psychology education and also exactly why timing matters.</p>
<p>If you are currently in significant distress or crisis, the right first step is professional support, not a course, and that is said with care rather than rejection: education is simply not the tool that moment needs, and <a href=""/help/membership-and-access/does-achology-provide-crisis-support/"">the crisis signposts</a> are there for it.</p>
<h2>If things are difficult but manageable</h2>
<p>Many people come to psychology education precisely because life has been hard, and manageable vulnerability alongside a genuine desire to learn is not a disqualification. The honest fit-checks are these: whether you can engage with challenging ideas without them destabilising you, whether you can manage your own responses when material lands close to home, per <a href=""/help/learning-experience/achology-content-offensive-emotionally-challenging/"">What if I find course content offensive or challenging?</a>, and whether what you are seeking is understanding and skills rather than treatment or emotional holding, which the platform honestly does not provide. If professional support is part of your life already, education can sit alongside it well; the two do different jobs.</p>
<h2>The gentle way to find out</h2>
<p>Test the water before committing anything: the free <a href=""/membership/"">membership</a> tier and free live events let you experience the community and the teaching style at no cost and no pressure, and a $97 Masterclass under the 14-day money-back guarantee is a low-stakes first course. Go at your own pace, since access lasts as long as you want it and nothing here chases you, and let the question stay open as you learn: what education can genuinely offer your situation is treated honestly in <a href=""/help/outcomes-and-expectations/can-achology-help-personal-struggles/"">Can Achology courses help with personal struggles and challenges?</a></p>
<p><strong>Related questions</strong></p>
<ul><li><a href=""/help/outcomes-and-expectations/can-achology-help-personal-struggles/"">Can Achology courses help with personal struggles and challenges?</a></li><li><a href=""/help/membership-and-access/does-achology-provide-crisis-support/"">Does Achology provide crisis or mental health support?</a></li><li><a href=""/help/learning-experience/achology-content-offensive-emotionally-challenging/"">What if I find Achology course content offensive or challenging?</a></li></ul>"
341,pay-instalments-achology-courses,Can I pay for Achology courses in instalments?,can I pay for Achology courses in instalments,pay achology courses in instalments,Pay Achology Courses in Instalments? Yes,"You can pay achology courses in instalments at checkout: two, three, or sometimes four monthly payments. Membership bills monthly or annually instead.","<p>So can you pay achology courses in instalments rather than paying it all at once? Yes. Every Achology course can be paid in instalments, chosen at checkout, and the same applies to <a href=""/academy/schools/"">school bundles</a> and the <a href=""/access-all-areas/"">Access All Areas</a> Pass. Depending on the purchase you can spread it over two, three or in some cases four monthly payments, or pay in full. Membership is the one exception, because it already bills monthly.</p>
<h2>How it works</h2>
<p>Purchases go through the checkout at community.achology.com. When you select a course, the checkout shows the payment choices available for it: full payment, or the instalment plan offered for that purchase.</p>
<p>The number of instalments varies by product, so the checkout page for the course you want is the definitive place to see your options rather than any figure quoted here. The full catalogue is on the <a href=""/courses/"">courses page</a>, and <a href=""/help/pricing-and-payments/how-much-does-achology-cost/"">what everything costs</a> covers the <a href=""/pricing/"">prices</a> themselves.</p>
<p>The same choice appears on the larger purchases: <a href=""/help/membership-and-access/achology-school-bundles-how-they-work/"">the seven school bundles</a> and <a href=""/help/membership-and-access/achology-access-all-areas-pass/"">the Access All Areas Pass</a>.</p>
<h2>What you get either way</h2>
<p>Exactly the same thing. Paying in instalments does not delay access, reduce what is included, or change anything about the course.</p>
<p>Every course purchase includes three months of complimentary <a href=""/membership/"">membership</a>, the community in which the material is practised live, which <a href=""/help/membership-and-access/course-included-free-membership-happens-when/"">continues at the standard rate afterwards unless cancelled</a>.</p>
<h2>Why the option exists at all</h2>
<p>For the same reason the prices sit where they do. Achology's stated commitment is <a href=""/help/achology-basics-and-identity/achology-s-ten-value-commitments/"">equitable and affordable access to training in applied psychology</a>, and a course somebody can only reach as a single lump sum is not affordable in any practical sense.</p>
<p>It is worth adding what instalments here are not. There are no interest charges dressed up as convenience, no urgency timers pushing you to decide today, and no price that quietly rises for choosing to spread it. <a href=""/help/achology-basics-and-identity/manipulative-pricing-tactics-achology-avoids/"">The tactics Achology refuses</a> covers that ground, and <a href=""/help/pricing-and-payments/hidden-fees-additional-costs-achology/"">the one recurring charge to know about</a> is stated plainly rather than discovered.</p>
<h2>What instalments do not apply to</h2>
<p>Membership itself, because it is already a rolling subscription rather than a purchase: $7 for the first 30 days and then $34.50 monthly, or $345 a year. <a href=""/help/pricing-and-payments/difference-between-monthly-annual-achology-membership/"">Monthly against annual</a> covers that choice.</p>
<p><strong>Related questions</strong></p>
<ul><li><a href=""/help/pricing-and-payments/how-much-does-achology-cost/"">How much does Achology cost?</a></li><li><a href=""/help/pricing-and-payments/hidden-fees-additional-costs-achology/"">Are there hidden fees or additional costs at Achology?</a></li></ul>
"
342,mentoring-opportunities-achology-membership,What mentoring opportunities are included with membership?,what mentoring opportunities are included with membership,achology membership mentorship groups,Achology Membership Mentorship Groups Explained,"Achology membership mentorship groups run at no extra cost, led by Kain Ramsay, the Eldership team, and senior practitioners, alongside live events.","<p>So what do achology membership mentorship groups actually offer? <a href=""/membership/"">Membership</a> includes access to the community's ongoing mentorship groups at no additional cost. Attendance is voluntary, there is no application and no extra fee, and you join whichever groups fit your development at the time.</p>
<h2>The groups currently running</h2>
<ul>
<li><strong>The Community-Wide Mentorship Group</strong> with <a href=""/help/achology-basics-and-identity/who-is-kain-ramsay/"">Kain Ramsay</a>, open to the whole community.</li>
<li><strong>The Wiser Woman Project</strong>, a bi-weekly development space for women in the community.</li>
<li><strong>On Becoming a Person</strong>, combining mentorship with open discussion.</li>
<li><strong>The Coaching Excellence and Impact Mentorship Group</strong>, weekly, developing practical helping skill with experienced practitioners.</li>
<li><strong>The Craft of Facilitation</strong>, for members developing toward <a href=""/help/events-and-mentorship/achology-members-host-workshops-events/"">hosting community events</a>.</li>
</ul>
<h2>What the groups are for</h2>
<p>Developmental conversation rather than course teaching. Somebody with experience you have not yet accumulated offers perspective on the situation you are actually in, which is <a href=""/help/events-and-mentorship/achology-mentorship-vs-coaching-difference/"">different from being coached</a>: mentorship draws on their road, coaching helps you find yours.</p>
<p>They are also where readiness is noticed. The facilitation group exists precisely because <a href=""/help/achology-basics-and-identity/who-runs-achology/"">invitations to host community events</a> are extended when the Eldership team sees somebody ready, and sustained participation is how that becomes visible.</p>
<h2>How to join a session</h2>
<p>Groups run as scheduled events in the community. Open the Upcoming Events calendar, find the next session and <a href=""/help/events-and-mentorship/rsvp-join-achology-live-events/"">RSVP</a> as you would for anything else. An active membership is the only requirement, and you can move between groups as your needs change.</p>
<p>Note that <a href=""/help/events-and-mentorship/mentorship-sessions-recorded-achology/"">not every session is recorded</a>, deliberately, so treat live attendance as the default rather than the fallback.</p>
<h2>Where mentorship sits</h2>
<p>It is one part of <a href=""/help/events-and-mentorship/achology-live-events-types/"">a wider live-events programme</a> that includes skill workshops, reflective discussions, case-study groups and live coaching practice.</p>
<p>If you are choosing where to start, the mentorship groups are the most conversational entry point and the least exposing, which is why <a href=""/help/events-and-mentorship/choose-right-achology-event-level/"">they are usually recommended first</a>. <a href=""/help/events-and-mentorship/get-value-achology-mentorship-sessions/"">Getting something real out of a session</a> is worth reading before your first one.</p>
<p><strong>Related questions</strong></p>
<ul><li><a href=""/help/events-and-mentorship/achology-mentorship-vs-coaching-difference/"">How do Achology mentorship sessions differ from coaching?</a></li><li><a href=""/help/events-and-mentorship/mentorship-sessions-recorded-achology/"">Are Achology mentorship sessions recorded or replayable?</a></li><li><a href=""/help/events-and-mentorship/get-value-achology-mentorship-sessions/"">How do I get the most value from mentorship sessions?</a></li><li><a href=""/help/events-and-mentorship/achology-membership-free-coaching-included/"">Does Achology membership include free coaching?</a></li></ul>
"
343,achology-mentorship-vs-coaching-difference,How do Achology mentorship sessions differ from coaching?,how do Achology mentorship sessions differ from coaching,how achology mentorship differs from coaching,How Achology Mentorship Differs From Coaching,How achology mentorship differs from coaching: mentorship shares what practitioners learned; coaching helps you reach your own answers. Both included.,"<p>How achology mentorship differs from coaching comes down to one distinction. Mentorship means receiving guidance from experienced practitioners, senior members or <a href=""/help/achology-basics-and-identity/who-is-kain-ramsay/"">Kain Ramsay</a>, who share what they learned in similar territory. Coaching is a facilitated thinking process: the coach helps you clarify your own thinking and choose your own path without handing you their answer. Both are developmental, both are included in <a href=""/membership/"">membership</a>, and they answer different needs.</p>
<h2>What mentorship provides</h2>
<p>Somebody with experience you have not yet accumulated offers perspective. They suggest possibilities, say what worked and what did not, and help you see your situation against a longer view.</p>
<p>Mentorship says, in effect: here is what someone else learned in territory like yours. It is the right tool when the useful thing is somebody else's road already travelled, and <a href=""/help/events-and-mentorship/mentoring-opportunities-achology-membership/"">the mentorship groups</a> are where it happens.</p>
<h2>What coaching provides</h2>
<p>In a coaching session the coach's job is not to advise but to facilitate. Through questions and structured reflection they help you think clearly enough to reach your own decision.</p>
<p>Coaching says: let me help you think this through so you can choose well. It is the right tool when the answer has to be genuinely yours, which is most decisions about your own life. <a href=""/help/events-and-mentorship/pals-earn-them/"">Peer coaching sessions</a> and <a href=""/help/events-and-mentorship/achology-membership-free-coaching-included/"">the coaching board</a> are where you receive it.</p>
<h2>Why the distinction is trained rather than assumed</h2>
<p>This is not a matter of vocabulary. Advising somebody who needed to be asked a question is one of the commonest failures in helping work, and it usually comes from the helper's discomfort rather than the client's need.</p>
<p>Learning to feel the difference, and to notice the pull toward giving advice, is a large part of what <a href=""/help/events-and-mentorship/achology-coaching-competency-review-sessions/"">coaching practice under observation</a> is for. It is also why the pathway <a href=""/help/certificates-cpd-accreditation/progress-member-achologist/"">has you receive coaching before you deliver any</a>: you learn what an unwanted answer feels like from the chair it lands in.</p>
<h2>Using both</h2>
<p>Most members use them for different problems. Mentorship when you do not know what the options are. Coaching when you know the options and cannot choose.</p>
<p>A rough test: if you would benefit from information you do not have, seek mentorship. If you have the information and are stuck anyway, seek coaching. <a href=""/help/events-and-mentorship/get-value-achology-mentorship-sessions/"">Getting the most from a mentorship session</a> covers the practical side.</p>
<p><strong>Related questions</strong></p>
<ul><li><a href=""/help/events-and-mentorship/mentoring-opportunities-achology-membership/"">What mentoring opportunities are included with membership?</a></li><li><a href=""/help/events-and-mentorship/get-value-achology-mentorship-sessions/"">How do I get the most value from mentorship sessions?</a></li><li><a href=""/help/events-and-mentorship/mentorship-sessions-recorded-achology/"">Are Achology mentorship sessions recorded or replayable?</a></li></ul>
"
344,mentorship-sessions-recorded-achology,Are Achology mentorship sessions recorded or replayable?,are Achology mentorship sessions recorded or replayable,achology mentorship sessions recorded,Are Achology Mentorship Sessions Recorded?,Some achology mentorship sessions recorded and published in the group's space; others stay unrecorded so members can speak freely. Attend live if unsure.,"<p>So if you miss a mentorship session, can you watch it back? Sometimes: achology mentorship sessions recorded for later viewing depend on what is discussed in each one. Sessions built on open, sometimes personal conversation stay unrecorded so members can speak freely, while others are recorded and published in the relevant group's space inside the community. If a particular session matters to you, attend it live rather than relying on a replay.</p>
<h2>Where recordings live when they exist</h2>
<p>Each mentorship group has its own space in the community at community.achology.com, and that space is where any recordings from its sessions are published. After a session runs, check the group's space: if it was recorded, the recording appears there.</p>
<p>There is no separate archive to search and no notification promising one, which is deliberate. A library of recordings would quietly turn a live commitment into a watchlist.</p>
<h2>Why some sessions stay unrecorded</h2>
<p>Mentorship works because members bring real situations rather than tidy examples, and some conversations are only possible when everyone in the room knows it is private. A member weighing whether to describe a client they are struggling with, or a piece of their own history that is affecting their practice, will not say it to a camera.</p>
<p>Keeping those sessions unrecorded protects the honesty that gives them their value. It is the same reasoning that runs through the rest of the community's practice formats: <a href=""/help/events-and-mentorship/coaching-hot-seat/"">the Coaching HOT Seat</a> works because somebody brings a genuine difficulty, and <a href=""/help/community-and-conduct/achology-s-five-community-principles/"">the community principles</a> exist to make that possible.</p>
<h2>What this means for how you use mentorship</h2>
<p>Treat live attendance as the default and recordings, where they exist, as a way to catch up rather than a guarantee.</p>
<p>That is not only about access. The value of a mentorship session is mostly in taking part: asking about the situation you are actually facing, and being asked about it in return. Watching a recording of other people doing that is worth something, but it is a different and smaller thing. <a href=""/help/events-and-mentorship/get-value-achology-mentorship-sessions/"">How to get the most from a mentorship session</a> is the practical version of that, and <a href=""/help/events-and-mentorship/mentoring-opportunities-achology-membership/"">the mentorship groups included with membership</a> sets out what runs.</p>
<p><strong>Related questions</strong></p>
<ul><li><a href=""/help/events-and-mentorship/mentoring-opportunities-achology-membership/"">What mentoring opportunities are included with membership?</a></li><li><a href=""/help/events-and-mentorship/get-value-achology-mentorship-sessions/"">How do I get the most value from mentorship sessions?</a></li><li><a href=""/help/events-and-mentorship/rsvp-join-achology-live-events/"">How do I RSVP to and join Achology live events?</a></li></ul>
"
345,get-value-achology-mentorship-sessions,How do I get the most value from mentorship sessions?,how do I get the most value from mentorship sessions,most value from mentorship sessions,Get the Most Value From Mentorship Sessions,"Getting the most value from mentorship sessions means bringing real situations, listening actively to other cases, and applying what you take away.","<p>Getting the most value from mentorship sessions comes down to engagement rather than attendance. Bring the situation you are actually facing rather than a polished question designed to look competent, listen properly when other members' cases are discussed, and act on something before the next one. Mentorship is a resource for your development, not a place where mentors solve things for you.</p>
<h2>Bring the real situation, not the sanitised version</h2>
<p>The commonest mistake is arriving with a carefully constructed question that hides the actual struggle.</p>
<p>""How do I maintain professional boundaries in complex situations?"" sounds thoughtful and reveals nothing. ""I have a client who keeps texting between sessions and I do not know how to respond"" gives the group something to work with.</p>
<p>Honest specifics get useful guidance. Polished generalities get polite theory. It is the same principle that decides <a href=""/help/community-and-conduct/ask-questions-achology-community/"">what you get back when you ask a question in the community</a>.</p>
<h2>Why the tidy question is so tempting</h2>
<p>Worth naming, because knowing the reason makes it easier to resist. A vague question protects you. It keeps the group discussing a topic rather than looking at your work, and nobody discovers you handled something badly.</p>
<p>That instinct is the thing the whole framework is designed against. <a href=""/help/community-and-conduct/nine-ccac-virtues/"">The character work</a> asks you to examine where you actually fall short, and <a href=""/help/events-and-mentorship/coaching-hot-seat/"">the HOT Seat</a> only works because somebody brings a genuine difficulty. A mentorship group is the low-stakes version of the same bargain: what you protect, you do not develop.</p>
<h2>Listen to other people's situations</h2>
<p>Some of the most useful learning in a group is indirect. Another member's case may not match yours today, but the thinking applied to it often will, sometimes months later.</p>
<p>Treat the whole session as material rather than only the minutes spent on your own question, and write down what strikes you. Members who do this get several sessions' value out of every one they attend.</p>
<h2>Apply something between sessions</h2>
<p>Insight never acted on is collected wisdom, which is a pleasant thing to own and changes nothing.</p>
<p>Choose one thing to try before the next session and report back on how it went. That loop, from conversation to application and back, is what turns attendance into development, and it keeps responsibility for your growth where <a href=""/help/achology-basics-and-identity/personal-responsibility-achology-learning/"">it is expected to sit</a>.</p>
<p><strong>Related questions</strong></p>
<ul><li><a href=""/help/events-and-mentorship/mentoring-opportunities-achology-membership/"">What mentoring opportunities are included with membership?</a></li><li><a href=""/help/events-and-mentorship/achology-mentorship-vs-coaching-difference/"">How do Achology mentorship sessions differ from coaching?</a></li><li><a href=""/help/events-and-mentorship/mentorship-sessions-recorded-achology/"">Are Achology mentorship sessions recorded or replayable?</a></li></ul>
"
347,how-to-participate-achology-discussions-events,How do I participate in group discussions and events?,how do I participate in group discussions and events,achology discussions and events,How to Join Achology Discussions and Events,"Join achology discussions and events by opening the Upcoming Events calendar, RSVPing, and joining at the scheduled time. Discussion spaces stay open.","<p>Participating in achology discussions and events starts with logging into the community, opening Upcoming Events, and RSVPing to anything that interests you, then joining at the scheduled time. There is no application, waiting list or approval step: an active <a href=""/membership/"">membership</a> opens the whole calendar. The discussion spaces run alongside it and are open to read, post and reply in whenever you like.</p>
<h2>Joining live events</h2>
<p>Every event appears in the calendar with its type, time and host. Choose what fits your interests and your timezone, <a href=""/help/events-and-mentorship/rsvp-join-achology-live-events/"">RSVP</a>, and turn up.</p>
<p>Credit-bearing events run for 90 minutes; community events vary by format. If you are new, the more conversational ones are a comfortable place to start, and <a href=""/help/events-and-mentorship/choose-right-achology-event-level/"">choosing the right event for your level</a> covers the rest.</p>
<h2>How attendance reaches your record</h2>
<p>It does not happen automatically, and this is the step members most often miss.</p>
<p>After a credit-bearing event you <a href=""/help/events-and-mentorship/submit-cpd-credit-claim-hosting-attending/"">submit a claim</a> through the member self-report form. Claims join the queue and are <a href=""/help/certificates-cpd-accreditation/who-verifies-achology-cpd-claims/"">independently verified</a> before being committed, so a short gap between attending and seeing the credit is normal rather than a fault.</p>
<p>Unsubmitted attendance is invisible to the system no matter how much of it you have done, which is why <a href=""/help/certificates-cpd-accreditation/personal-progress-checklist-count-official-cpd/"">the checklist and the record are different things</a>.</p>
<h2>Participating between events</h2>
<p>The <a href=""/help/events-and-mentorship/achology-discussion-spaces-groups-events/"">discussion spaces and groups</a> carry the asynchronous half: start a thread, ask something, reply to another member whenever suits you.</p>
<p>No credit attaches to forum participation, and it is worth knowing that is deliberate rather than an oversight. The record measures demonstrated practice, and posting is not practice. Its value is the thinking and the relationships built between sessions, which is where <a href=""/help/events-and-mentorship/pals-earn-them/"">peer coaching arrangements</a> usually begin.</p>
<h2>The one thing worth doing first</h2>
<p>Attend something live in your first fortnight rather than reading for a month and then starting. <a href=""/help/community-and-conduct/achology-peer-learning-culture/"">The culture makes far more sense experienced than described</a>, and members who read without attending tend to drift away without ever deciding to.</p>
<p><strong>Related questions</strong></p>
<ul><li><a href=""/help/events-and-mentorship/achology-live-events-types/"">What kinds of live events happen inside Achology?</a></li><li><a href=""/help/events-and-mentorship/achology-discussion-spaces-groups-events/"">What's the difference between Achology discussion spaces and groups?</a></li><li><a href=""/help/events-and-mentorship/rsvp-join-achology-live-events/"">How do I RSVP to and join Achology live events?</a></li><li><a href=""/help/events-and-mentorship/achology-course-required-attend-workshops/"">Do I need to be enrolled on a course to attend Achology workshops?</a></li></ul>
"
348,achology-discussion-spaces-groups-events,What's the difference between Achology discussion spaces and groups?,what's the difference between Achology discussion spaces and groups,achology discussion spaces vs groups,Achology Discussion Spaces vs Groups Explained,"Achology discussion spaces vs groups: spaces are open topic-based forums, groups are smaller interest-based circles, events are scheduled live sessions.","<p>Achology discussion spaces vs groups comes down to scale and purpose. The community uses three formats. Discussion spaces are open, topic-based forums where any member can read, post and reply. Groups are smaller, interest-based circles for members with shared goals, such as the mentorship groups. Events are scheduled live sessions at a set time. All three are open to you from your first day.</p>
<h2>Discussion spaces: the open forums</h2>
<p>Spaces are organised by topic rather than by who belongs to them. Anyone can start a thread, ask a question or answer somebody else's, and the conversation runs asynchronously, so you take part when it suits you rather than when it is happening.</p>
<p>This is where most members start, and <a href=""/help/community-and-conduct/ask-questions-achology-community/"">how you ask</a> decides most of what you get back.</p>
<h2>Groups: the smaller circles</h2>
<p>Groups gather members around a shared interest or a shared stage, and they are smaller on purpose. A question you would hesitate to put to the whole community is usually easy to put to twelve people working on the same thing.</p>
<p><a href=""/help/events-and-mentorship/mentoring-opportunities-achology-membership/"">The mentorship groups</a> are the clearest example, and they are also where readiness to take on more, such as hosting, tends to be noticed.</p>
<h2>Events: the part that has to be attended</h2>
<p>Events are the live sessions: workshops, discussions, coaching practice and tutorials, running through the week. <a href=""/help/events-and-mentorship/achology-live-events-types/"">Twenty two types run</a>, and nine of them <a href=""/help/events-and-mentorship/which-achology-events-earn-accreditation-credit/"">earn credit toward your progression</a>.</p>
<p>They are also the only one of the three you cannot catch up on later, which is worth knowing when you are deciding where your time goes.</p>
<h2>Why three formats rather than one</h2>
<p>Because they carry different kinds of learning, and collapsing them would lose one.</p>
<p>Spaces are where a question finds whoever happens to know. Groups are where the same question can be asked without performing. Events are where you stop discussing a skill and try it in front of people who will tell you honestly how it went, which is <a href=""/help/learning-experience/achology-peer-learning-community-teaches/"">the part course study cannot supply</a>.</p>
<p>A community with only forums would produce well-read members who had never practised. That is the outcome the whole design exists to avoid.</p>
<p><a href=""/help/events-and-mentorship/how-to-participate-achology-discussions-events/"">How to take part</a> covers the practical start in all three.</p>
"
349,achology-case-study-discussion-groups,What is a case-study based discussion group?,what is a case-study based discussion group,case study discussion group,What Is a Case Study Discussion Group?,"A case study discussion group is a 90-minute session analysing a coaching scenario together, applying course frameworks. Earns one VALTS credit.","<p>A case study discussion group is a 90-minute session where members analyse one coaching scenario together, real or hypothetical. You examine what is happening beneath the surface of the situation and work out what a skilled helper might do, applying frameworks from the <a href=""/courses/"">courses</a> rather than reacting to the story.</p>
<h2>How a session works</h2>
<p>Each session is built around a single case. The host may share it in advance, which tends to produce a richer discussion, or introduce it at the start.</p>
<p>The group then works it through: what is actually going on, where the opportunities and the risks sit, what a response might look like and what it might cost. The host's job is to keep the group applying what they know rather than simply reacting to the material, which is harder than it sounds when the scenario touches something familiar.</p>
<h2>Why the case matters more than the answer</h2>
<p>There is rarely a right answer, and that is the point rather than a weakness of the format.</p>
<p>Real situations do not arrive labelled with the framework that fits them. The skill being built here is the one that decides everything else in practice: reading what is in front of you accurately before choosing a response. A practitioner who knows six models and cannot tell which the moment calls for is <a href=""/help/achology-basics-and-identity/achology-evidence-based-humanistic-psychology/"">holding tools without judgement</a>.</p>
<p>Hearing five other members read the same case differently is the fastest correction available for that, because it shows you what you did not notice.</p>
<h2>Where it fits in your development</h2>
<p>These groups sit between theory and practice. <a href=""/help/events-and-mentorship/achology-skill-development-workshops/"">Skill workshops</a> rehearse techniques and reflective discussions explore principles; case studies ground both in the complexity of a realistic situation.</p>
<p>They suit any member with course learning to apply, and they are a good place to sharpen judgement before <a href=""/help/events-and-mentorship/achology-coaching-competency-review-sessions/"">coaching in front of observers</a>, where the reading has to happen live and unaided.</p>
<h2>Attending and claiming credit</h2>
<p>Sessions appear in the Upcoming Events calendar; <a href=""/help/events-and-mentorship/rsvp-join-achology-live-events/"">RSVP and join</a> like any other event. Attending earns one Virtual Achologist Led Training Session (VALTS) credit and hosting earns one Peer-to-Peer Applied Learning Session (PALS) credit instead. Afterwards, <a href=""/help/events-and-mentorship/submit-cpd-credit-claim-hosting-attending/"">submit the claim</a>.</p>
<p><strong>Related questions</strong></p>
<ul><li><a href=""/help/events-and-mentorship/achology-live-events-types/"">What kinds of live events happen inside Achology?</a></li><li><a href=""/help/events-and-mentorship/achologist-led-tutorials-alts/"">What are Achologist-Led Tutorials (ALTs)?</a></li><li><a href=""/help/events-and-mentorship/achology-discussion-spaces-groups-events/"">What's the difference between Achology discussion spaces and groups?</a></li></ul>
"
350,achology-live-events-types,What kinds of live events happen inside Achology?,what kinds of live events happen inside Achology,types of Achology live events,Types of Achology Live Events (All 22),"There are 22 types of Achology live events in two tiers: nine CPD-credit sessions, from skill workshops to live coaching, and thirteen community events.","<p>So what types of Achology live events actually run here? Achology's community runs 22 live event types in two tiers. Nine are continuing professional development (CPD)-credit events: structured 90-minute sessions that count toward your CPD record, covering skill practice, reflective discussion, case studies, live coaching, tutorials, and the compliance trainings. Thirteen are community events: mentorship groups, meet-ups, and discussion groups that carry no CPD credit and exist for connection and ongoing development. All appear in the Upcoming Events calendar at community.achology.com.</p>
<h2>The CPD-credit events</h2>
<p>The nine CPD-credit event types are: the Skill Development Workshop (Hands-On Practice Session), the <a href=""/help/events-and-mentorship/principle-based-reflective-discussion/"">Principle-Based Reflective Discussion</a> (Group and Meetup), the Case Study-Based Discussion Group (Peer-to-Peer Learning), The Coaching 'HOT Seat' (The LIVE Coaching Experience), the Live Coaching Practice, Observation and Feedback Session, the Achologist-Led Tutorial (ALT Community Training Session), the Achology <a href=""/about/code-of-ethics/"">Code of Ethics</a> Training, the Code of Character &amp; Conduct Training, and the host training for Virtual Achologist Led Training Sessions (VALTS), formally the Group Facilitation + VALTS Host Training. Attending most of these earns one VALTS credit per session; the two conduct trainings keep your compliance status current instead.</p>
<h2>The community events</h2>
<p>The thirteen community events are lighter in structure and carry no CPD credit in any role. They include the mentorship groups, such as The Wiser Woman Project and the Coaching Excellence + Impact Mentorship Group, informal meet-ups such as Coffee and Conversation, and discussion formats such as the Achology Book Club and Mission Driven Mondays.</p>
<h2>VALTS, PALS and CIPS: the credit types behind the events</h2>
<p>Three activity types make up the CPD record. VALTS, Virtual Achologist Led Training Sessions, are earned by attending the credit-bearing events above. Peer-to-Peer Applied Learning Sessions (PALS) are earned by taking the coaching, facilitation, or hosting role rather than by attending. Competency Improvement Practice Sessions (CIPS) are one-to-one coaching sessions delivered to people outside the community, arranged through The Coaching Board rather than the events calendar. Every credit claim is verified by <a href=""/accreditation/"">the Society of Modern Applied Psychology</a> (SoMAP) committee before it is committed to your record.</p>
<p><strong>Related questions</strong></p>
<ul><li><a href=""/help/events-and-mentorship/achology-membership-free-coaching-included/"">Does Achology membership include free coaching?</a></li><li><a href=""/help/events-and-mentorship/how-to-participate-achology-discussions-events/"">How do I participate in group discussions and events?</a></li><li><a href=""/help/events-and-mentorship/achology-case-study-discussion-groups/"">What is a case-study based discussion group?</a></li><li><a href=""/help/events-and-mentorship/achologist-led-tutorials-alts/"">What are Achologist-Led Tutorials (ALTs)?</a></li></ul>"
354,choose-right-achology-event-level,How do I choose the right Achology event for my level?,how do I choose the right Achology event for my level,choose the right event,How to Choose the Right Event at Achology,"Almost every Achology event welcomes all members, so choose the right event by matching your development stage, not by meeting prerequisites.","<p>So how do you choose the right event for where you are right now? Almost every event welcomes all members, so choosing well is about matching your stage to the format that will stretch you most productively rather than about meeting prerequisites. Start with the conversational formats, move into hands-on practice as confidence grows, and take the evaluated formats when you are ready to have your work reviewed.</p>
<h2>If you are new to the community</h2>
<p>Begin with the observation-friendly and discussion-led formats: the Principle-Based Reflective Discussion, <a href=""/help/events-and-mentorship/mentoring-opportunities-achology-membership/"">the mentorship groups</a>, and <a href=""/help/events-and-mentorship/coaching-hot-seat/"">The Coaching HOT Seat as an observer</a>.</p>
<p>That last one is the most useful thing a new member can do, and the least demanding. You earn a Virtual Achologist Led Training Session (VALTS) credit simply for watching skilled coaching closely, and watching several coaches handle the same person teaches more in ninety minutes than a module does.</p>
<h2>If you are building practical skill</h2>
<p>Prioritise <a href=""/help/events-and-mentorship/achology-skill-development-workshops/"">the Skill Development Workshop</a> for guided practice of specific techniques, and <a href=""/help/events-and-mentorship/achology-case-study-discussion-groups/"">the Case Study-Based Discussion Group</a> for applying frameworks to realistic situations.</p>
<p>Then start delivering <a href=""/help/events-and-mentorship/pals-earn-them/"">one-to-one peer coaching</a> through The Coaching Board, which is where your Peer-to-Peer Applied Learning Session (PALS) credits begin.</p>
<h2>If you are preparing for professional practice</h2>
<p>Move toward the evaluated formats: coaching in the HOT Seat, taking the coaching role in <a href=""/help/events-and-mentorship/achology-coaching-competency-review-sessions/"">a Live Coaching Practice session</a>, and attending <a href=""/help/events-and-mentorship/achologist-led-tutorials-alts/"">Achologist-Led Tutorials</a>.</p>
<p>Hosting is its own step, covered in <a href=""/help/events-and-mentorship/achology-members-host-workshops-events/"">whether members can host</a>.</p>
<h2>The honest rule of thumb</h2>
<p>Pick the format that makes you slightly uncomfortable rather than the one you will enjoy.</p>
<p>Members drift toward discussion formats and stay there, because discussing coaching is pleasant and being observed coaching is not. The discomfort is the signal you are at the right event, and it is the same reason <a href=""/help/certificates-cpd-accreditation/senior-achologist-two-levels/"">the senior levels require the harder formats</a> rather than more of the easy ones.</p>
<p>Nothing stops you attending anything from day one. <a href=""/help/events-and-mentorship/achology-course-required-attend-workshops/"">No enrolment is required</a>, and <a href=""/help/events-and-mentorship/achology-recommended-practice-pathway/"">the recommended pathway</a> sets out the wider sequence.</p>
<p><strong>Related questions</strong></p>
<ul><li><a href=""/help/events-and-mentorship/achology-skill-development-workshops/"">What are Skill Development Workshops at Achology?</a></li><li><a href=""/help/events-and-mentorship/achology-coaching-competency-review-sessions/"">What are coaching competency review sessions at Achology?</a></li><li><a href=""/help/events-and-mentorship/achology-course-required-attend-workshops/"">Do I need to be enrolled on a course to attend Achology workshops?</a></li><li><a href=""/help/events-and-mentorship/achology-recommended-practice-pathway/"">What is the recommended practice pathway inside Achology?</a></li></ul>
"
355,achology-course-required-attend-workshops,Do I need to be enrolled on a course to attend Achology workshops?,do I need to be enrolled on a course to attend Achology workshops,enrolled to attend Achology workshops,Need to Be Enrolled to Attend Achology Workshops?,"No. You do not need to be enrolled to attend Achology workshops, whatever courses you have or haven't studied. Attending is about membership.","<p>So do you need to be enrolled to attend Achology workshops? No. Every event on the calendar is open to every member from day one, regardless of which <a href=""/courses/"">courses</a> you have started, finished or never touched. Attending is about <a href=""/membership/"">membership</a>, not enrolment.</p>
<h2>Why there are no course prerequisites</h2>
<p>Because the events are not an extension of the courses, they are the other half of the education.</p>
<p>Course study builds knowledge. The live sessions, the Virtual Achologist Led Training Sessions (VALTS) and the other formats on <a href=""/help/events-and-mentorship/achology-live-events-types/"">the calendar</a>, build the thing knowledge does not become on its own, which is skill under observation, and that development works whether you arrive with course material behind you or pick it up alongside. Gatekeeping attendance would slow exactly the practice the community exists to provide, which is <a href=""/help/learning-experience/achology-peer-learning-community-teaches/"">why the teaching is built around peer learning</a> in the first place.</p>
<p>It is also consistent with the wider position: <a href=""/help/getting-started/prior-qualifications-needed-achology/"">no qualifications are required to study here</a> either.</p>
<h2>Where course study still matters</h2>
<p>Preparation changes what a session gives you, even though it does not decide whether you may attend.</p>
<p><a href=""/help/events-and-mentorship/achology-skill-development-workshops/"">Skill Development Workshops</a> in particular name the skill being practised and expect members to have studied the relevant lesson beforehand, so the ninety minutes goes on practice rather than introduction. Attending without that grounding is allowed; attending with it is simply worth more, and the difference is obvious to you rather than to anyone else.</p>
<p>If you are unsure which sessions suit where you are, <a href=""/help/events-and-mentorship/choose-right-achology-event-level/"">choosing the right event for your level</a> is the practical guide, and the observation-friendly formats are the gentler way in.</p>
<h2>The one place requirements do apply</h2>
<p>Attending is open. Hosting is earned.</p>
<p>Hosting most credit-bearing events requires Achologist level or above plus the Group Facilitation and VALTS Host Training, which qualifies you to run them. Hosting an Achologist-Led Tutorial requires Achologist Adept or above, and community events are hosted by Eldership invitation.</p>
<p>None of that affects your ability to attend anything, and <a href=""/help/events-and-mentorship/achology-members-host-workshops-events/"">how members come to host</a> covers the route when you want it.</p>
<p><strong>Related questions</strong></p>
<ul><li><a href=""/help/events-and-mentorship/choose-right-achology-event-level/"">How do I choose the right Achology event for my level?</a></li><li><a href=""/help/events-and-mentorship/achology-skill-development-workshops/"">What are Skill Development Workshops at Achology?</a></li><li><a href=""/help/events-and-mentorship/how-to-participate-achology-discussions-events/"">How do I participate in group discussions and events?</a></li></ul>
"
356,achology-recommended-practice-pathway,What is the recommended practice pathway inside Achology?,what is the recommended practice pathway inside Achology,recommended practice pathway inside Achology,The Recommended Practice Pathway Inside Achology,"The recommended practice pathway inside Achology runs through six statuses, Achology Member to Master Achologist, built on study and verified practice.","<p>So what is the recommended practice pathway inside Achology? It is the member journey through six continuing professional development (CPD) statuses: Achology Member, Certified Achologist, Achologist Adept, Senior Achologist, Senior Achologist (II), and Master Achologist. Each step is earned through a blend of course study and verified practice rather than course completion alone, and the pathway is self-paced: you progress when you meet a level's milestones, not on a timetable. The full per-level requirements live in the Achology CPD Handbook, and progression runs through the <a href=""/certification/"">Achology certification pathway</a>.</p>
<h2>The three activity types that carry you along it</h2>
<p>Progress is built from three kinds of verified activity. Virtual Achologist Led Training Sessions (VALTS) are earned by attending the continuing professional development (CPD)-credit live events. Peer-to-Peer Applied Learning Sessions (PALS) are earned by taking the coaching, facilitation, or hosting role. Competency Improvement Practice Sessions (CIPS) are one-to-one coaching delivered to people outside the community, and they enter the pathway at Senior Achologist (Level One), by which point your course knowledge, community practice, and peer feedback have prepared you for real-world clients. Alongside these sit the compliance trainings, including <a href=""/about/code-of-ethics/"">the Code of Ethics</a> Training, which keeps your ethics status current through annual attendance.</p>
<h2>How progress is verified</h2>
<p>Nothing self-reported goes straight onto your record. Credit claims are submitted through the member self-report form and independently verified by <a href=""/accreditation/"">the Society of Modern Applied Psychology</a> (SoMAP) committee, before being committed. That verification is what makes each status mean something: it is evidence of practice done, not attendance logged.</p>
<h2>The deliberate design behind it</h2>
<p>The pathway is demanding by design. Studying a course gives you information and a framework; practising inside the community, receiving coaching, and eventually coaching others is what turns the framework into genuine skill. Choose events to match your stage, and let the pathway pull you from learning about the work to doing it.</p>
<p><strong>Related questions</strong></p>
<ul><li><a href=""/help/events-and-mentorship/choose-right-achology-event-level/"">How do I choose the right Achology event for my level?</a></li><li><a href=""/help/events-and-mentorship/build-real-competence-achology/"">How do I build real competence with Achology?</a></li><li><a href=""/help/events-and-mentorship/achology-certification-practice-competence/"">How does Achology certification relate to competence development?</a></li><li><a href=""/help/events-and-mentorship/become-a-master-achologist/"">How do I become a Master Achologist?</a></li></ul>"
357,build-real-competence-achology,How do I build real competence with Achology?,how do I build real competence with Achology,real competence with Achology,How to Build Real Competence with Achology,"You build real competence with Achology through the full ecosystem: course study, live training events, peer coaching practice, and real-world sessions.","<p>So how do you build real competence with Achology, rather than just becoming informed? By engaging the whole learning ecosystem rather than completing <a href=""/courses/"">courses</a> alone. Course study builds knowledge; competence is built on top of it through Virtual Achologist Led Training Sessions (VALTS), the live training events you attend; Peer-to-Peer Applied Learning Sessions (PALS), the sessions where you take the coaching or facilitation role; and, at senior levels, Competency Improvement Practice Sessions (CIPS), real coaching delivered to people outside the community. Achology's entire structure rests on the principle that competence develops through doing, receiving feedback, and contributing.</p>
<h2>Knowledge first, then practice</h2>
<p>A course gives you frameworks and a mental model: valuable, and not the same thing as skill. A practitioner who knows theory but cannot apply it under the pressure of a real conversation is informed, not yet competent. The live events exist to close that gap: skill workshops to rehearse techniques, case-study groups to apply frameworks to realistic situations, and live coaching formats to practise in front of people who tell you honestly what they saw.</p>
<h2>Then contribution</h2>
<p>The shift from participant to contributor is where skill compounds. Delivering one-to-one peer coaching through The Coaching Board, taking the coaching role in evaluated sessions, hosting events once trained, and eventually coaching people outside the community through Competency Improvement Practice Sessions: each puts you in the practitioner's seat, and each is verified onto your continuing professional development (CPD) record by <a href=""/accreditation/"">the Society of Modern Applied Psychology</a> (SoMAP) committee.</p>
<h2>The measure</h2>
<p>Competence at Achology is demonstrated through the breadth and depth of verified practice, not the number of certificates collected. If you want the structured version of this route, the <a href=""/help/events-and-mentorship/achology-recommended-practice-pathway/"">practice pathway</a> lays it out level by level, and the <a href=""/certification/"">Achology certification pathway</a> is where progression is recognised.</p>
<p><strong>Related questions</strong></p>
<ul><li><a href=""/help/events-and-mentorship/achology-recommended-practice-pathway/"">What is the recommended practice pathway inside Achology?</a></li><li><a href=""/help/events-and-mentorship/achology-certification-practice-competence/"">How does Achology certification relate to competence development?</a></li><li><a href=""/help/events-and-mentorship/become-a-master-achologist/"">How do I become a Master Achologist?</a></li><li><a href=""/help/events-and-mentorship/achology-members-host-workshops-events/"">Can Achology members host their own workshops or events?</a></li></ul>"
358,achology-certification-practice-competence,How does Achology certification relate to competence development?,how does Achology certification relate to competence development,Achology certification and competence,Achology Certification and Competence: How They Relate,Achology certification and competence are related but distinct. A certificate confirms course completion; competence is built through verified practice.,"<p>So how do <a href=""/certification/"">Achology certification and competence</a> actually relate to each other? They are related and deliberately distinct. Completing a Practitioner Certification Course earns a certificate, and that certificate confirms you engaged with the material. It does not, by itself, mean you are ready to practise professionally. Competence is developed separately, through the member journey layered on top of the course study.</p>
<h2>Where competence actually accrues</h2>
<p>In the practice, and each part does a different job:</p>
<ul>
<li><a href=""/help/events-and-mentorship/valts-achology/"">Virtual Achologist Led Training Sessions (VALTS)</a>: live training you take part in rather than watch.</li>
<li><a href=""/help/events-and-mentorship/pals-earn-them/"">Peer-to-Peer Applied Learning Sessions (PALS)</a>: coaching you deliver rather than receive.</li>
<li><a href=""/help/events-and-mentorship/cips-when-need-them/"">Competency Improvement Practice Sessions (CIPS)</a>: real sessions with people outside the community.</li>
<li>The ethics and character trainings, which keep the professional and personal strands current.</li>
</ul>
<p>All of it is <a href=""/help/certificates-cpd-accreditation/who-verifies-achology-cpd-claims/"">independently verified by the Society of Modern Applied Psychology (SoMAP)</a> before it counts, which is what makes the record mean anything to somebody outside.</p>
<h2>What a certificate does and does not claim</h2>
<p>Achology is openly honest about this because the industry often is not.</p>
<p>A certificate of completion marks that a course was finished. It does not qualify you to use regulated titles such as therapist or counsellor, and <a href=""/help/certificates-cpd-accreditation/call-myself-therapist-achology-courses/"">that boundary does not move</a>. Whether you can practise professionally depends on your actual competence, your ethical grounding and your jurisdiction's regulations rather than on any certificate.</p>
<p>Treating completion as the finish line is the assumption the whole pathway exists to correct, and <a href=""/help/certificates-cpd-accreditation/difference-between-certificate-completion-certificate-achievement/"">the two certificates are named differently</a> so that the distinction survives contact with a CV.</p>
<h2>Why separate them at all</h2>
<p>Because a provider that certified competence on completion would be certifying something it had not seen.</p>
<p>Nobody at Achology watches you finish a video. They do watch you coach, in <a href=""/help/events-and-mentorship/achology-coaching-competency-review-sessions/"">evaluated sessions with structured feedback</a>, and that is the only evidence worth putting a name to.</p>
<p>It is also <a href=""/help/learning-experience/slow-deep-learning-rejects-fast-certification/"">the argument against fast certification</a>: a credential that arrives at the end of the watching describes the watching.</p>
<p><strong>Related questions</strong></p>
<ul><li><a href=""/help/outcomes-and-expectations/course-completion-vs-competence/"">What's the difference between completing a course and being competent?</a></li><li><a href=""/help/certificates-cpd-accreditation/what-achology-certificate-proves/"">What does my Achology certificate actually prove?</a></li><li><a href=""/help/events-and-mentorship/achology-recommended-practice-pathway/"">What is the recommended practice pathway inside Achology?</a></li></ul>
"
359,achology-members-host-workshops-events,Can Achology members host their own workshops or events?,can Achology members host their own workshops or events,host their own events,Can Achology Members Host Their Own Events?,Yes. Members can host their own events at Achology: any member at Achologist level who completes the host training can run most CPD-credit sessions.,"<p>So can Achology members host their own events? Yes, and hosting is actively encouraged: facilitating others develops you faster than almost anything else on the pathway. Hosting runs on two tiers. Continuing professional development (CPD)-credit events are open to any member at Achologist level or above who has completed the host training for Virtual Achologist Led Training Sessions (VALTS), formally the Group Facilitation + VALTS Host Training (Learn to Host Events); community events require informal Eldership approval, extended as an invitation when the team recognises a member is ready.</p>
<h2>Tier 1: hosting the CPD-credit events</h2>
<p>Once you have reached Achologist level and completed the host training, you can host the Skill Development Workshop, the <a href=""/help/events-and-mentorship/principle-based-reflective-discussion/"">Principle-Based Reflective Discussion</a>, the Case Study-Based Discussion Group, The Coaching 'HOT Seat', the Live Coaching Practice, Observation and Feedback Session, and the two conduct trainings, all without further approval. Two exceptions apply: the Achologist-Led Tutorial requires Achologist Adept level or above, because the host teaches actual content, and the host training itself is delivered exclusively by Eldership members. Hosting a CPD-credit event earns you one Peer-to-Peer Applied Learning Session (PALS) credit per session.</p>
<h2>Tier 2: hosting community events</h2>
<p>Community events, from the informal meet-ups to the substantial mentorship groups, have no application process. Readiness is developed through sustained participation in The Craft of Facilitation: Learn to Become an Event Host mentorship group and the host training sessions; when the Eldership team sees you are ready, they invite you. The approval is recognition, not a hurdle.</p>
<h2>How to publish once qualified</h2>
<p>Every event uses a locked template from the Event Descriptions Library in the community: you copy the template, write the one paragraph describing your specific session's theme, upload the event type's image, and publish without changing the locked sections. Be honest with the Eldership team, and yourself, about which formats you are ready for.</p>
<p><strong>Related questions</strong></p>
<ul><li><a href=""/help/events-and-mentorship/achologist-led-tutorials-alts/"">What are Achologist-Led Tutorials (ALTs)?</a></li><li><a href=""/help/events-and-mentorship/build-real-competence-achology/"">How do I build real competence with Achology?</a></li></ul>"
360,become-a-master-achologist,How do I become a Master Achologist?,how do I become a Master Achologist,become a Master Achologist,How to Become a Master Achologist,"To become a Master Achologist you progress through six CPD statuses: five courses, 50 VALTS, 50 PALS as coach, 50 CIPS, then annual maintenance.","<p>So how do you become a Master Achologist? By progressing through all six statuses of the continuing professional development (CPD) pathway, from Achology Member through Certified Achologist, Achologist Adept, Senior Achologist and Senior Achologist (II), to Master Achologist, meeting each level's verified requirements in turn. Levels cannot be skipped, the totals are cumulative across the journey, and the pathway is self-paced: it is a long-term professional commitment, not a weekend <a href=""/certification/"">certification</a>.</p>
<h2>What Level 5 requires</h2>
<p>The Master Achologist level asks for, cumulatively: five Practitioner Certification <a href=""/courses/"">Courses</a>, which must include The <a href=""/academy/life-coaching/skilled-helper-practitioner/"">Skilled Helper Practitioner Course</a> (Advanced to Expert), plus three School of Personal Growth and Development courses; 50 Virtual Achologist Led Training Sessions (VALTS) across all six VALT types, attending 30 and hosting or co-hosting 20; 50 Peer-to-Peer Applied Learning Sessions (PALS) delivered as coach, of which 8 must come from the alternative types (the HOT Seat as coach, the Live Coaching Practice session as coach, or the Achologist-Led Tutorial as host); and 30 one-to-one Focused Practice Sessions received as client.</p>
<p>Alongside these sit 50 Competency Improvement Practice Sessions (CIPS), real coaching sessions offered to people outside the community, with a maximum of six counting from any one individual, plus the compliance strands: the live <a href=""/about/code-of-ethics/"">Code of Ethics</a> Training annually, and 8 or more of the 10 Code of Character and Conduct virtue sessions current within any rolling 12 months.</p>
<h2>The status is maintained, not kept</h2>
<p>Master Achologist is not a permanent designation. From 1 January of the first full calendar year after qualifying, annual maintenance applies: hosting a minimum of ten VALTS and eight PALS-as-coach sessions across the named formats, receiving six one-to-one sessions, offering eight CIPS, the annual ethics training, the rolling conduct-code currency.</p>
<h2>Where to start</h2>
<p>Wherever you are on the pathway, the route is the same: study, practise, contribute, and claim each activity through the self-report form for <a href=""/accreditation/"">the Society of Modern Applied Psychology</a> (SoMAP) verification. The <a href=""/help/events-and-mentorship/achology-recommended-practice-pathway/"">practice pathway</a> article gives the level-by-level shape, and the full requirements live in the Achology CPD Handbook.</p>
<p><strong>Related questions</strong></p>
<ul><li><a href=""/help/events-and-mentorship/achology-recommended-practice-pathway/"">What is the recommended practice pathway inside Achology?</a></li><li><a href=""/help/events-and-mentorship/build-real-competence-achology/"">How do I build real competence with Achology?</a></li><li><a href=""/help/events-and-mentorship/achology-certification-practice-competence/"">How does Achology certification relate to competence development?</a></li></ul>"
361,rsvp-join-achology-live-events,How do I RSVP to and join Achology live events?,how do I RSVP to and join Achology live events,RSVP to Achology events,How to RSVP to Achology Events and Join Them,"Log into the community, open Upcoming Events, and RSVP to Achology events you want to attend, then join from the event page at start time.","<p>So how do you RSVP to Achology events and get into one? Log into the community at community.achology.com, open Upcoming Events, and press RSVP on anything you want to attend. At the scheduled time, return to the event's page and join from there. Adding it to your own calendar after you RSVP is the most reliable way to protect the slot, especially across timezones.</p>
<h2>Finding the right event</h2>
<p>The calendar lists every session chronologically with its type, date, time and host, and the full description beneath.</p>
<p>Credit-bearing events run for 90 minutes. The description's theme paragraph tells you what that specific session covers, so read it rather than judging by the title: two sessions of the same type can be entirely different hours depending on what the host has chosen to work on. <a href=""/help/events-and-mentorship/choose-right-achology-event-level/"">Choosing the right event for your level</a> helps if you are new.</p>
<h2>Joining at start time</h2>
<p>The event's page is the front door: open it and join from there.</p>
<p>Arrive a few minutes early for the practice formats. <a href=""/help/events-and-mentorship/achology-skill-development-workshops/"">Skill workshops</a> and <a href=""/help/events-and-mentorship/achology-coaching-competency-review-sessions/"">coaching practice sessions</a> organise pairs and roles in the opening minutes, so a late arrival is disruptive to somebody else rather than only to you.</p>
<p>If your plans change, update your RSVP. Hosts running formats with attendance limits plan the session around who said they were coming.</p>
<h2>After the event</h2>
<p>If it earned credit, <a href=""/help/events-and-mentorship/submit-cpd-credit-claim-hosting-attending/"">submit the claim</a> through the member self-report form. Nothing is recorded automatically, and <a href=""/help/certificates-cpd-accreditation/who-verifies-achology-cpd-claims/"">the Society of Modern Applied Psychology (SoMAP) verifies claims</a> before they reach your record, so a short delay is the process working rather than failing.</p>
<h2>Why attendance is the part that cannot be caught up</h2>
<p>Some formats publish recordings in their group's space, but <a href=""/help/events-and-mentorship/mentorship-sessions-recorded-achology/"">not all sessions are recorded</a>, and that is deliberate rather than an oversight: the conversations members are most candid in are the ones nobody is filming.</p>
<p>So treat live attendance as the default rather than the fallback. It is also the only part of <a href=""/membership/"">membership</a> that <a href=""/help/certificates-cpd-accreditation/six-achology-cpd-statuses/"">your progression actually depends on</a>.</p>
<p><strong>Related questions</strong></p>
<ul><li><a href=""/help/events-and-mentorship/how-to-participate-achology-discussions-events/"">How do I participate in group discussions and events?</a></li><li><a href=""/help/events-and-mentorship/mentorship-sessions-recorded-achology/"">Are Achology mentorship sessions recorded or replayable?</a></li><li><a href=""/help/technical-help/how-to-join-live-achology-community-event/"">How do I join a live Achology community event?</a></li></ul>
"
362,downloading-achology-content,Can I download Achology course content for offline viewing?,can I download Achology course content for offline viewing,download Achology course content,Can You Download Achology Course Content?,"You can download Achology course content that is written, such as PDFs and worksheets. Video lessons stream online only, so they need a connection.","<p>So can you download Achology course content to watch offline? Partly. The written resources inside your <a href=""/courses/"">courses</a>, the PDFs, worksheets, templates and reference materials, download freely: save them to your device and keep them permanently. Video lessons stream online only and cannot be downloaded, so watching the teaching itself needs a connection.</p>
<h2>What downloads, and how</h2>
<p>Wherever a course provides a written resource, a download option sits with it. Click it, save the file, and it is yours for ongoing professional use.</p>
<p>Downloading the materials as you work through a course is worth doing deliberately rather than when you happen to need them, because it builds you a permanent working library alongside the streamed teaching. Members who practise regularly tend to use the worksheets far more than they rewatch the videos. <a href=""/help/technical-help/find-achology-course-resources/"">Where to find the resources for your course</a> covers locating them.</p>
<h2>Why the videos stream only</h2>
<p>Two reasons, and the second is the one that benefits you.</p>
<p>The first is protection of the course material: keeping video on the platform prevents unauthorised distribution, which is the same reason <a href=""/help/privacy-and-legal/achology-copyright-sharing-course-content/"">course content cannot be redistributed</a> and why <a href=""/help/privacy-and-legal/achology-course-piracy-copyright/"">copies found elsewhere are not legitimate</a>.</p>
<p>The second is that you are always watching the current version. Achology <a href=""/help/privacy-and-legal/achology-updates-course-already-purchased/"">updates courses as the curriculum develops</a>, at no extra cost, and those improvements reach you automatically. A downloaded copy would freeze a lesson at the moment you saved it, which quietly undermines the <a href=""/help/pricing-and-payments/achology-lifetime-access-explained/"">lifetime access</a> that is meant to keep the course useful for years.</p>
<h2>Studying when you know you will be offline</h2>
<p>The platform is browser-based and works on computers, tablets and phones, so streaming is not tied to a desk. It is tied to connectivity.</p>
<p>If you have a commute, a flight or a patchy connection ahead, the practical approach is to download the written materials for the lessons you plan to cover and save the video watching for when you are connected. The reflective exercises and worksheets are the parts that reward slow, undistracted attention anyway, so offline time is often better spent on them than on watching.</p>
<p><strong>Related questions</strong></p>
<ul><li><a href=""/help/technical-help/find-achology-course-resources/"">Where can I find the resources for my course?</a></li><li><a href=""/help/technical-help/download-achology-community-app/"">How do I download the Achology community app?</a></li></ul>
"
363,cant-log-in-achology-community,Can't log in to the Achology community?,can't log in to the Achology community,log in to Achology community,Can't Log in to Achology Community? How to Fix It,"Most failures to log in to Achology community come down to the wrong email, an expired password, or browser cookies. Work through the checks in order.","<p>So you cannot log in to Achology community: what is going wrong? Almost every login failure has one of four causes: the wrong email address, an expired or mistyped password, browser cookie problems, or a verification email sitting in spam. Work through the checks below in order. Most people are back in within minutes.</p>
<h2>The checks, in order</h2>
<ul>
<li>Confirm you are using the exact email address your <a href=""/membership/"">membership</a> is registered with. A different address, even one of your own, is the single commonest cause.</li>
<li>Use ""Forgot password"" on the login screen at community.achology.com and follow the reset link.</li>
<li>Check your spam and junk folders for the reset or verification email.</li>
<li>Clear your browser's <a href=""/policies/cookie-policy/"">cookies</a> and cache, then try again.</li>
<li>Try a different browser or device, which tells you whether the problem is the account or the machine.</li>
</ul>
<h2>Why these five, and not a longer list</h2>
<p>Because of where the community actually runs. It is hosted on <a href=""/help/technical-help/what-is-circle-achology-community/"">Circle</a>, a separate platform from the site you are reading now, and it signs you in by email address rather than a username. That is what makes the first check the commonest fix: people register with one address and later try to sign in with another.</p>
<p>The cookie check matters for the same structural reason. Because sign-in involves a second platform, browsers with strict third-party cookie settings can interrupt it, and Safari on iOS is the known case. A login loop that returns you to the same screen is almost always this rather than a wrong password. <a href=""/help/technical-help/best-browsers-devices-achology-community/"">Which browsers and devices work best</a> covers the settings.</p>
<h2>If none of that works</h2>
<p>Contact support with three things ready: the email address you are trying to log in with, your device and browser, and a screenshot of the error you see. That combination usually resolves the remaining cases in one exchange rather than several, and <a href=""/help/technical-help/what-to-include-achology-support-request/"">what to include in a support request</a> explains why each part matters.</p>
<p><a href=""/help/technical-help/how-to-contact-achology-support/"">How to contact support</a> gives the routes. Nothing you have bought is at risk while you are locked out: course access and membership are attached to your account, not to the session, and they are waiting when you get back in.</p>
<p><strong>Related questions</strong></p>
<ul><li><a href=""/help/technical-help/achology-password-reset-email-not-arriving/"">Achology password reset email not arriving?</a></li><li><a href=""/help/technical-help/cant-see-achology-course-space-community/"">Can't see your Achology course or community space?</a></li><li><a href=""/help/technical-help/how-to-contact-achology-support/"">How do I contact Achology support?</a></li></ul>
"
365,fix-achology-community-notification-problems,"Not getting Achology notifications, or getting too many?","not getting Achology notifications, or getting too many",fix Achology notification problems,Fix Achology Notification Problems: Too Few or Many,"To fix Achology notification problems, start with settings rather than a fault. Circle offers email, in-app and push, each controlled separately.","<p>So you are getting no notifications, or far too many? To fix Achology notification problems, start with your settings rather than assuming a fault. <a href=""/help/technical-help/what-is-circle-achology-community/"">Circle</a>, the community platform, supports three notification types, email, in-app and push, and you control each independently. Nothing arriving usually means email and push are off; feeling buried usually means everything is on at defaults nobody adjusted.</p>
<h2>Tune each type to how you actually use the community</h2>
<p>Open your notification settings and work through the three deliberately.</p>
<ul>
<li><strong>Email</strong> suits what you want a record of: event reminders, replies to your posts.</li>
<li><strong>In-app</strong> suits everything you are happy to find next time you visit.</li>
<li><strong>Push</strong>, through the phone app, suits only what should interrupt you, which for most members is live-event start times and direct messages.</li>
</ul>
<p>Set each category per type rather than globally and the volume lands where you want it. <a href=""/help/technical-help/manage-achology-community-notifications/"">Managing notifications</a> covers the per-space controls, which are the ones that make the difference.</p>
<h2>Two specific cases</h2>
<p>If email is switched on but nothing arrives, check spam and junk and search for messages from Circle rather than from Achology, since the platform is the sender. That is the same cause behind <a href=""/help/technical-help/achology-password-reset-email-not-arriving/"">missing password reset emails</a>.</p>
<p>If you want push and have never had one, you need <a href=""/help/technical-help/download-achology-community-app/"">the community app installed</a> with notifications permitted in your phone's own settings, which is a separate switch from the one inside the app.</p>
<h2>Why this is worth ten minutes</h2>
<p>Because of what you would miss. Most of what happens here can be caught up on later, but <a href=""/help/events-and-mentorship/achology-live-events-types/"">the live events</a> cannot: they happen at a time, and the practice that <a href=""/help/certificates-cpd-accreditation/six-achology-cpd-statuses/"">your progression depends on</a> happens in them.</p>
<p>Too many alerts and you start ignoring all of them, including the event reminder. Too few and the session you meant to attend runs without you. Neither is a small loss, which is why the settings are worth setting deliberately rather than tolerating.</p>
<p>Set them now, then revisit after a month of real use. What suits a new member browsing widely rarely suits an active one practising in two groups.</p>
<p><strong>Related questions</strong></p>
<ul><li><a href=""/help/technical-help/manage-achology-community-notifications/"">How do I manage my Achology community notifications?</a></li><li><a href=""/help/technical-help/download-achology-community-app/"">How do I download the Achology community app?</a></li></ul>
"
366,fix-audio-video-achology-live-sessions,Is the audio or the camera not working in an Achology live session?,is the audio or the camera not working in an Achology live session,audio or camera problems,Fix Audio or Camera Problems in Live Sessions,"Audio or camera problems in Achology live sessions are usually permissions blocking access, the wrong device selected, or another app holding the camera.","<p>So you have audio or camera problems in a live session? The usual causes are browser permissions blocking access, the wrong input or output device selected in the session settings, or another application holding your camera. Most cases are fixed in a couple of minutes.</p>
<h2>The checks, in order</h2>
<ul>
<li>Confirm your browser has permission to use the microphone and camera. The prompt is easy to dismiss without noticing, and once blocked it stays blocked until you change it in the browser's site settings.</li>
<li>Open the session's audio and video settings and check the right microphone, speakers and camera are selected, particularly if you use a headset or an external webcam.</li>
<li>Close other applications holding the camera or microphone, such as Zoom, Teams or FaceTime. A device held by one app is unavailable to another.</li>
<li>Quit the browser completely and rejoin.</li>
<li>On a phone, check the community app has microphone and camera permission in your device settings, which is separate from the app's own.</li>
</ul>
<h2>Test before the session, not during it</h2>
<p>This is the practical advice worth taking. Joining five minutes early and speaking once to check you can be heard costs nothing, and it is the difference between fixing a permission and missing the part of the session you came for.</p>
<p>It matters more here than in an ordinary meeting because of what these sessions are. In <a href=""/help/events-and-mentorship/coaching-hot-seat/"">a HOT Seat</a> or <a href=""/help/events-and-mentorship/achology-coaching-competency-review-sessions/"">a coaching practice session</a> you may be coaching or being coached, and losing audio halfway through is not a technical inconvenience but the end of somebody's session.</p>
<h2>If it persists</h2>
<p>Try a different browser or device to work out whether the fault is the machine or the account, and check your connection is stable, since live video needs consistent bandwidth rather than raw speed. <a href=""/help/technical-help/best-browsers-devices-achology-community/"">Chrome and Firefox handle the live features most reliably</a>.</p>
<p>Tell the host in the session chat so they can work around it rather than waiting on you. If it recurs across sessions, <a href=""/help/technical-help/how-to-contact-achology-support/"">contact support</a> with your device and browser details.</p>
<p><strong>Related questions</strong></p>
<ul><li><a href=""/help/technical-help/how-to-join-live-achology-community-event/"">How do I join a live Achology community event?</a></li><li><a href=""/help/technical-help/best-browsers-devices-achology-community/"">Which browsers and devices work best with the Achology community?</a></li></ul>
"
367,cant-send-receive-messages-achology-community,Can't send or receive direct messages in the Achology community?,can't send or receive direct messages in the Achology community,send or receive messages,Can't Send or Receive Messages in the Community?,"If you cannot send or receive messages in the community, the cause is almost always a messaging availability setting, either yours or the other member's.","<p>So you cannot send or receive messages in the community? The cause is almost always a messaging availability setting, either yours or the other member's, rather than a technical fault. <a href=""/help/technical-help/what-is-circle-achology-community/"">Circle</a>, the community platform, gives every member control over whether they can be messaged directly, and those settings can block messaging in both directions without showing an obvious error.</p>
<h2>Check your own setting first</h2>
<p>Open your profile or account settings in the community and find your direct messaging availability. If it is switched off, nobody can message you, and in some configurations you cannot start conversations either. Switch it on and test with a member you know.</p>
<p>This is the fix in most cases, and it is easy to have switched off without remembering: the setting sits alongside <a href=""/help/technical-help/manage-achology-community-notifications/"">the notification controls</a> that most members adjust when they first join.</p>
<h2>If your setting is on and it still fails</h2>
<p>Then the other member has most likely disabled theirs, which is their <a href=""/policies/privacy-policy/"">privacy</a> choice working exactly as intended rather than a fault to report. Arrange contact another way: reply to one of their posts, or speak to them at a live event.</p>
<p>Community-level settings can also restrict who may send direct messages. A restriction that applies to everyone is policy rather than a problem with your account.</p>
<h2>Why members can switch messaging off at all</h2>
<p>Because of what people bring here. Members practise coaching on each other, discuss real difficulties, and take part in <a href=""/help/events-and-mentorship/coaching-hot-seat/"">live sessions where somebody brings a genuine problem</a>. A community where anyone can be messaged privately, by anyone, at any time, is a community where some members would take part less honestly.</p>
<p>Giving each member that control is part of the same thinking as <a href=""/help/community-and-conduct/achology-s-five-community-principles/"">the community principles</a>: the conditions have to be safe before the practice can be real. So a closed inbox is not a slight, and it is worth reading as a boundary rather than a rejection.</p>
<h2>If nothing explains it</h2>
<p>Contact support with your login email and the name of the member you tried to message. <a href=""/help/technical-help/what-to-include-achology-support-request/"">What to include in a support request</a> covers the rest, and <a href=""/help/community-and-conduct/achology-discussion-boundary-feels-unsafe/"">what to do if an interaction feels unsafe</a> is the separate route if that is the real issue.</p>
<p><strong>Related questions</strong></p>
<ul><li><a href=""/help/technical-help/direct-message-achology-members/"">Can I direct message other Achology members?</a></li><li><a href=""/help/technical-help/what-to-include-achology-support-request/"">What should I include in an Achology support request?</a></li></ul>
"
368,cant-see-achology-course-space-community,Can't see your Achology course or community space?,can't see your Achology course or community space,see your Achology course,Can't See Your Achology Course or Space?,"If you cannot see your Achology course, the top cause is logging in with a different email from the one you purchased with. Both fix in minutes.","<p>So you cannot see your Achology course or space: what is going on? Almost always an email mismatch: you are logged into the community with a different address from the one you bought with. The second most common cause is access not yet applied to your account. Both are usually fixed within minutes.</p>
<h2>Check the email match first</h2>
<p>Find your purchase receipt and note the address on it, then check which address you are logged in with. If they differ, log out and back in with the purchase email.</p>
<p>Two addresses belonging to the same person are still two separate accounts as far as access is concerned. That single fact is behind the majority of what reaches support, including <a href=""/help/technical-help/cant-log-in-achology-community/"">failed logins</a> and <a href=""/help/technical-help/achology-password-reset-email-not-arriving/"">reset emails that never arrive</a>.</p>
<h2>If the emails match</h2>
<p>Some spaces are restricted and need access assigned to your account, and a brand new purchase can take a short time to provision. Give it a little time.</p>
<p>Note too that some spaces are deliberately invitation-only, so a space you cannot see is not always a space you are missing. <a href=""/help/events-and-mentorship/achology-discussion-spaces-groups-events/"">Spaces, groups and events work differently</a>, and groups in particular are joined rather than opened.</p>
<h2>Whatever you do, do not sign up again</h2>
<p>The instinct when something you paid for will not appear is to create a fresh account and start over. That converts a five minute fix into a genuine tangle: one account holds everything you bought, the other is the one you can log into, and untangling them takes far longer than a support message.</p>
<h2>If it still is not there</h2>
<p>Contact support with three things: your purchase receipt, the email you log in with, and the specific course or space you cannot see. That combination lets support find the mismatch immediately, usually in one exchange.</p>
<p><a href=""/help/technical-help/how-to-contact-achology-support/"">How to reach support</a> gives the routes, and nothing you have bought is at risk in the meantime. Access is attached to your purchase, not to your session, and <a href=""/help/pricing-and-payments/achology-lifetime-access-explained/"">it lasts as long as you want it</a>.</p>
<p><strong>Related questions</strong></p>
<ul><li><a href=""/help/technical-help/cant-log-in-achology-community/"">Can't log in to the Achology community?</a></li><li><a href=""/help/technical-help/achology-invite-link-not-working/"">Achology invite link not working?</a></li><li><a href=""/help/technical-help/how-to-contact-achology-support/"">How do I contact Achology support?</a></li><li><a href=""/help/technical-help/find-achology-course-resources/"">Where can I find the resources for my course?</a></li></ul>
"
370,what-to-include-achology-support-request,What should I include in an Achology support request?,what should I include in an Achology support request,your Achology support request,What to Include in Your Achology Support Request,"Put five things in your Achology support request: your login email, device and browser, the exact action, what happened, and a screenshot of any error.","<p>So what should you include in your Achology support request to get it sorted quickly? Five things: the email address you log in with, your device and browser, the exact action you attempted, what happened instead of what you expected, and a screenshot of any error. A request carrying all five usually gets resolved in one exchange rather than a back-and-forth of questions.</p>
<h2>The five, and what each one does</h2>
<ul>
<li><strong>Your login email</strong> identifies the account immediately, and is the single most useful line in the message.</li>
<li><strong>Device and browser</strong>, such as ""Windows laptop, Chrome"" or ""iPhone, community app"", tells support which environment to reproduce.</li>
<li><strong>The exact action</strong>, such as ""tried to join the 7pm workshop from the event page"", narrows where to look.</li>
<li><strong>What actually happened</strong>: a blank screen, an access denied message, or nothing at all.</li>
<li><strong>A screenshot</strong> of the error, which removes all ambiguity about what you are seeing.</li>
</ul>
<h2>Why the email address matters most</h2>
<p>Because it is the cause of the problem far more often than it is merely the identifier.</p>
<p>Two addresses belonging to the same person are two separate accounts as far as access is concerned, and that single fact sits behind most of what reaches support: <a href=""/help/technical-help/cant-log-in-achology-community/"">failed logins</a>, <a href=""/help/technical-help/cant-see-achology-course-space-community/"">courses that will not appear</a> and <a href=""/help/technical-help/achology-password-reset-email-not-arriving/"">reset emails that never arrive</a>. Naming the address you are using, and the one on your receipt if they differ, often answers the question before support opens it.</p>
<h2>One more helpful line, and one caution</h2>
<p>If you have already tried a different browser or device, say so and what happened. It saves support suggesting the step you have done.</p>
<p>Never include your password, full card number or any other credential. Support does not need them and will never ask for them, which is worth knowing as a rule rather than a courtesy: any message that does ask is not from Achology.</p>
<h2>Why this works</h2>
<p>""It's not working"" forces a first reply made entirely of questions, and that is one round trip lost before anything is looked at. Handing over the five items turns your first message into everything needed for a diagnosis. <a href=""/help/technical-help/how-to-contact-achology-support/"">How to reach support</a> gives the three routes.</p>
<p><strong>Related questions</strong></p>
<ul><li><a href=""/help/technical-help/achology-password-reset-email-not-arriving/"">Achology password reset email not arriving?</a></li><li><a href=""/help/technical-help/achology-invite-link-not-working/"">Achology invite link not working?</a></li><li><a href=""/help/technical-help/how-to-contact-achology-support/"">How do I contact Achology support?</a></li><li><a href=""/help/technical-help/cant-send-receive-messages-achology-community/"">Can't send or receive direct messages in the Achology community?</a></li></ul>
"
371,best-browsers-devices-achology-community,Which browsers and devices work best with the Achology community?,which browsers and devices work best with the Achology community,browsers and devices work best,Which Browsers and Devices Work Best for Achology,"Any modern browsers and devices work best when kept current. Chrome and Firefox are most reliable, plus Circle's free mobile apps for iOS and Android.","<p>So which browsers and devices work best for the Achology community? Any modern browser reaches it, which runs on <a href=""/help/technical-help/what-is-circle-achology-community/"">Circle</a> at community.achology.com. Chrome and Firefox give the most consistently reliable experience across every feature, including live events. On phones and tablets, the free community app is the better route than a mobile browser.</p>
<h2>On a computer</h2>
<p>Keep your browser current, whichever you use. An out-of-date browser sits behind a great many otherwise mysterious faults, and it is the first thing worth checking before assuming something is broken.</p>
<p>For live sessions, Chrome and Firefox handle the audio and video features most dependably. A stable connection matters more than the power of the machine, so a modest laptop on good broadband will serve you better than a fast one on a weak signal. Circle also offers a desktop app if you would rather work outside the browser.</p>
<h2>The Safari and iPhone exception</h2>
<p>Safari works for general browsing, but it has a known third-party cookie behaviour on iOS that can block logins, and it is worth knowing about in advance because it does not look like a cookie problem when it happens. It looks like the login screen simply returning you to itself.</p>
<p>The reason is structural rather than a fault: the community runs on a separate platform from the main site, so signing in involves a second domain, which is exactly what strict cookie settings are designed to interrupt. Using Chrome on the same device is the workaround, and <a href=""/help/technical-help/cant-log-in-achology-community/"">the login troubleshooting article</a> covers the rest.</p>
<h2>On a phone or tablet</h2>
<p>Install the community app rather than relying on the mobile browser. It is free, it handles push notifications properly, which the browser route does not, and it makes joining an event on the move straightforward.</p>
<p>That matters more here than on most platforms, because the thing you would miss is a live session. Achology's <a href=""/help/events-and-mentorship/achology-live-events-types/"">events run through the week</a> and are the part of <a href=""/membership/"">membership</a> that has to be attended rather than caught up on. <a href=""/help/technical-help/download-achology-community-app/"">Installing the app</a> takes a couple of minutes.</p>
<h2>The short version</h2>
<p>Chrome or Firefox on a computer, the community app on your phone, everything kept updated, and a stable connection for live events. If something still misbehaves, <a href=""/help/technical-help/fix-audio-video-achology-live-sessions/"">audio and camera problems</a> have their own article.</p>
<p><strong>Related questions</strong></p>
<ul><li><a href=""/help/technical-help/fix-audio-video-achology-live-sessions/"">Is the audio or the camera not working in an Achology live session?</a></li><li><a href=""/help/technical-help/download-achology-community-app/"">How do I download the Achology community app?</a></li></ul>
"
372,how-to-contact-achology-support,How do I contact Achology support?,how do I contact Achology support,contact the Achology support,How to Contact the Achology Support Team,"Contact the Achology support team through the enquiries page for the fastest routing, by phone +44 (0)1383 344 086, or by email support@achology.com.","<p>So how do you contact the Achology support team? Three routes reach them. The fastest is the <a href=""/enquiries/"">enquiries page</a>, which sends your message to the right team. You can also phone +44 (0)1383 344 086 or email <a href=""mailto:support@achology.com"">support@achology.com</a>. Whichever you use, putting your account details in the first message is what gets most issues resolved in a single exchange rather than three.</p>
<h2>Choosing the route</h2>
<ul>
<li><strong>The enquiries page</strong> suits almost everything: account issues, <a href=""/membership/"">membership</a>, billing, access problems and general questions, as well as <a href=""/help/partnerships-and-press/does-achology-offer-partnerships-collaborations/"">partnership</a> and <a href=""/help/partnerships-and-press/achology-media-press-interview-requests/"">media</a> enquiries.</li>
<li><strong>Email</strong> suits anything where you want a written thread, and screenshots travel well with it.</li>
<li><strong>The phone</strong> suits anything easier to explain out loud than to type. Achology is <a href=""/help/achology-basics-and-identity/where-is-achology-based/"">based in Scotland</a>, so the line runs on UK hours.</li>
</ul>
<h2>What to have ready</h2>
<p>Five things: the email address your account is registered with, your device and browser, the exact action you attempted, what happened instead, and a screenshot of any error. <a href=""/help/technical-help/what-to-include-achology-support-request/"">What to include in a support request</a> explains why each one matters.</p>
<p>Never put your password or full card details in a message. Support does not need them and will never ask for them.</p>
<h2>Try the article first, if there is one</h2>
<p>Not to deflect you, but because it is usually faster. The commonest problems have their own answers and most are settled in under a minute: <a href=""/help/technical-help/cant-log-in-achology-community/"">not being able to log in</a>, <a href=""/help/technical-help/achology-password-reset-email-not-arriving/"">a reset email that has not arrived</a>, and <a href=""/help/technical-help/cant-see-achology-course-space-community/"">a course that is not showing</a> account for most of what reaches support, and all three have a common cause you can check yourself.</p>
<h2>One route to skip</h2>
<p>Posting an account problem in the community's discussion spaces reaches other members rather than the support team, and account issues usually involve details you should not post publicly. Go direct instead.</p>
<p><strong>Related questions</strong></p>
<ul><li><a href=""/help/technical-help/cant-log-in-achology-community/"">Can't log in to the Achology community?</a></li><li><a href=""/help/technical-help/cant-see-achology-course-space-community/"">Can't see your Achology course or community space?</a></li><li><a href=""/help/technical-help/what-to-include-achology-support-request/"">What should I include in an Achology support request?</a></li></ul>
"
373,how-to-join-live-achology-community-event,How do I join a live Achology community event?,how do I join a live Achology community event,join a live Achology event,How to Join a Live Achology Event,"To join a live Achology event, log in, open Upcoming Events, RSVP, and open the event page at start time to click join. Times run on UK time.","<p>So how do you join a live Achology event when it starts? Log into the community at community.achology.com, in your browser or <a href=""/help/technical-help/download-achology-community-app/"">the app</a>, open Upcoming Events, RSVP to the one you want, and at the scheduled time open its page and click join. Event times are listed in UK time, so convert to your own before planning around one.</p>
<h2>Before the session</h2>
<p>RSVP as soon as you decide, and add it to your own calendar with the time already converted.</p>
<p>The timezone conversion is the single commonest reason people miss sessions they meant to attend, and it catches experienced members as often as new ones because UK time shifts twice a year while their own may not. Setting your timezone on <a href=""/help/technical-help/set-up-achology-community-profile/"">your profile</a> makes the calendar display correctly and removes most of the arithmetic.</p>
<p>Read the description's theme paragraph too, so you know what this particular session covers and whether preparation is expected. For <a href=""/help/events-and-mentorship/achology-skill-development-workshops/"">skill workshops</a> that means studying the named lesson first.</p>
<h2>Joining smoothly</h2>
<p>Arrive a couple of minutes early and check your setup. When the browser or app asks for microphone and camera permission, grant it: a dismissed prompt is the commonest cause of turning up with no audio, and <a href=""/help/technical-help/fix-audio-video-achology-live-sessions/"">the audio and video checks</a> cover the rest.</p>
<p>Early arrival matters more in the practice formats than it looks, because sessions such as <a href=""/help/events-and-mentorship/achology-coaching-competency-review-sessions/"">coaching practice</a> organise pairs and roles in the first minutes. Joining late is not just late for you.</p>
<h2>If you cannot find the event</h2>
<p>If the events space itself is missing rather than one session, the likely causes are that your <a href=""/membership/"">membership</a> access is not active or you are logged in with a different email address from the one on your purchase. <a href=""/help/technical-help/cant-see-achology-course-space-community/"">The missing space article</a> covers both before you assume the event has gone.</p>
<p>Sessions run daily across the community, so if one clashes with your day, another of the same type is rarely far away. <a href=""/help/events-and-mentorship/achology-live-events-types/"">What runs</a> lists all 22 formats.</p>
<p><strong>Related questions</strong></p>
<ul><li><a href=""/help/technical-help/fix-audio-video-achology-live-sessions/"">Is the audio or the camera not working in an Achology live session?</a></li><li><a href=""/help/events-and-mentorship/rsvp-join-achology-live-events/"">How do I RSVP to and join Achology live events?</a></li></ul>
"
374,what-is-circle-achology-community,"What is Circle, and why does Achology use it?","what is Circle, and why does Achology use it",what is Circle and why,What Is Circle and Why Achology Uses It,"What is Circle and why does Achology use it? Circle is the dedicated community platform behind discussions, live events, peer practice and messaging.","<p>So what is Circle and why does Achology use it? Circle is a community platform built for learning organisations, and it is what the Achology community runs on at community.achology.com. Discussions, live events, peer practice, direct messages and your member profile all live there, in one place, on the web and through free mobile apps.</p>
<h2>Why a dedicated platform rather than a Facebook group</h2>
<p>Plenty of online learning communities live in Facebook groups or Slack channels. Those tools are good at what they were built for, general social connection and workplace chat, but a learning community needs different things: scheduled live events, structured spaces, member profiles built around development, and conversation that stays findable a year later.</p>
<p>The difference shows up most in the events. Achology's <a href=""/help/events-and-mentorship/achology-live-events-types/"">22 live event types</a> have to be scheduled, joined, attended and then claimed for credit, and a chat tool has nowhere to put any of that.</p>
<h2>What it means for you day to day</h2>
<p>The practical difference is attention. Circle carries no advertising, no algorithmic feed and no sponsored content competing with the thing you came for, so what you see is the community's actual activity in the order it happened.</p>
<p>That is not a small point for a psychology academy. A community about attention and self-direction, hosted somewhere engineered to capture both, would be teaching one thing and demonstrating another.</p>
<p>One login covers everything, <a href=""/help/technical-help/download-achology-community-app/"">the mobile app</a> brings it to your phone with push notifications, and <a href=""/help/technical-help/manage-achology-community-notifications/"">your notification settings</a> decide how much of it reaches you.</p>
<h2>The one thing to know about it</h2>
<p>Because the community sits on a separate platform from this website, signing in crosses two domains. That is invisible almost always, and occasionally it is the reason a login fails on a browser with strict cookie settings. <a href=""/help/technical-help/cant-log-in-achology-community/"">The login article</a> covers it, and <a href=""/help/technical-help/best-browsers-devices-achology-community/"">which browsers work best</a> covers avoiding it.</p>
<h2>Getting oriented</h2>
<p>If you are new, three things cover the start: <a href=""/help/technical-help/download-achology-community-app/"">installing the app</a>, <a href=""/help/technical-help/set-up-achology-community-profile/"">setting up your profile</a>, and <a href=""/help/events-and-mentorship/how-to-participate-achology-discussions-events/"">joining your first discussion or event</a>. After that the community explains itself by use.</p>
<p><strong>Related questions</strong></p>
<ul><li><a href=""/help/technical-help/download-achology-community-app/"">How do I download the Achology community app?</a></li><li><a href=""/help/technical-help/set-up-achology-community-profile/"">How do I set up my Achology community profile?</a></li></ul>
"
375,download-achology-community-app,How do I download the Achology community app?,how do I download the Achology community app,download the Achology community app,How to Download the Achology Community App,"To download the Achology community app, get Circle's free app from the App Store or Google Play, then log in with your membership email.","<p>So how do you download the Achology community app? Download Circle's free app from the App Store on iPhone and iPad, or Google Play on Android, then log in with the same email address and password you use for your <a href=""/membership/"">membership</a>. That is the whole setup, and it takes about two minutes.</p>
<h2>Step by step</h2>
<ul>
<li>Open the App Store or Google Play and search for ""Circle - Community Platform"". The app is free.</li>
<li>Install it, open it, and log in with your Achology membership email and password.</li>
<li>The community appears exactly as it does on the web, arranged for the smaller screen.</li>
</ul>
<p>You get the whole thing: discussions, events, messaging, notifications and your profile. <a href=""/help/technical-help/what-is-circle-achology-community/"">Circle</a> is the platform the community runs on, which is why the app is not called Achology.</p>
<h2>Why the app is worth having rather than optional</h2>
<p>Because of the one thing you cannot catch up on later.</p>
<p>Most of the community waits for you. Discussions sit there, resources stay in your course, recordings appear where they exist. <a href=""/help/events-and-mentorship/achology-live-events-types/"">The live events do not</a>. They run at a time, and the practice your progression actually depends on happens inside them.</p>
<p>The app is the reliable route for push notifications, so event reminders and direct messages reach you wherever you are, which the mobile browser does not handle well. It also makes joining a session on the move straightforward rather than a scramble.</p>
<p>Once installed, set <a href=""/help/technical-help/manage-achology-community-notifications/"">which activity is allowed to interrupt you</a>, because the useful setting is a narrow one: event start times and direct messages, and little else.</p>
<h2>If login fails in the app</h2>
<p>Use the exact email your membership is registered with. A different address is a separate account, and that is the commonest cause of everything looking empty.</p>
<p>If the password will not cooperate, reset it from the login screen and check spam for the reset email, which comes from Circle rather than from Achology. <a href=""/help/technical-help/achology-password-reset-email-not-arriving/"">The reset article</a> covers the rest.</p>
<p><strong>Related questions</strong></p>
<ul><li><a href=""/help/technical-help/downloading-achology-content/"">Can I download Achology course content for offline viewing?</a></li><li><a href=""/help/technical-help/fix-achology-community-notification-problems/"">Not getting Achology notifications, or getting too many?</a></li><li><a href=""/help/technical-help/best-browsers-devices-achology-community/"">Which browsers and devices work best with the Achology community?</a></li><li><a href=""/help/technical-help/what-is-circle-achology-community/"">What is Circle, and why does Achology use it?</a></li></ul>
"
376,set-up-achology-community-profile,How do I set up my Achology community profile?,how do I set up my Achology community profile,set up your Achology profile,How to Set Up Your Achology Profile,"To set up your Achology profile, click your profile picture, choose Edit profile, and add a photo, headline, timezone and short bio. Five minutes.","<p>So how do you set up your Achology profile? Click your profile picture in the community, choose Edit profile, and work through the fields: a clear headshot, a headline saying who you are and what you are working on, your timezone, a short bio, and any links you want to share. Five minutes here pays back for as long as you are a member.</p>
<h2>The fields worth doing properly</h2>
<ul>
<li><strong>The photo</strong> makes you recognisable across discussions and live events. A clear, friendly headshot is enough.</li>
<li><strong>The headline</strong> sits beside your name everywhere, so make it say something real. ""Counselling student building a coaching practice"" beats ""Member"".</li>
<li><strong>Your timezone</strong> makes event times display correctly, which matters because <a href=""/help/events-and-mentorship/rsvp-join-achology-live-events/"">the events run on UK time</a>.</li>
<li><strong>The bio</strong> is where a practice partner decides whether to approach you. Say what you are studying, what you are working toward, and what kind of connection you would welcome.</li>
</ul>
<h2>Why this matters more here than on most platforms</h2>
<p>Because of how the pathway works. Progression depends on <a href=""/help/events-and-mentorship/pals-earn-them/"">peer coaching sessions</a> that have to be arranged between two members, and on <a href=""/help/events-and-mentorship/cips-when-need-them/"">practice</a> that other people agree to take part in.</p>
<p>Nobody progresses far without a stranger deciding to spend an hour with them. Your profile is what that decision is made on. An empty one does not make you invisible so much as unreadable, and members quietly skip past it when they are looking for somebody to practise with.</p>
<p>This is the same reason <a href=""/help/community-and-conduct/ask-questions-achology-community/"">a specific question gets better answers than a vague one</a>. In a community built on peer practice, being legible to other members is not vanity, it is the mechanism.</p>
<h2>Your privacy choices</h2>
<p>The profile settings also hold your <a href=""/policies/privacy-policy/"">privacy</a> preferences: whether your email is visible, whether members can <a href=""/help/technical-help/direct-message-achology-members/"">send you direct messages</a>, and whether you appear in the member directory.</p>
<p>Set these deliberately rather than leaving the defaults. They decide how findable and contactable you are, and you can change any of them at any time.</p>
<p><strong>Related questions</strong></p>
<ul><li><a href=""/help/technical-help/what-is-circle-achology-community/"">What is Circle, and why does Achology use it?</a></li><li><a href=""/help/technical-help/create-posts-achology-community/"">How do I create posts in the Achology community?</a></li><li><a href=""/help/technical-help/manage-achology-community-notifications/"">How do I manage my Achology community notifications?</a></li></ul>
"
377,manage-achology-community-notifications,How do I manage my Achology community notifications?,how do I manage my Achology community notifications,manage your Achology community notifications,Manage Your Achology Community Notifications,"Manage your Achology community notifications from your profile menu: choose which activity alerts you, per space, and how it is delivered.","<p>So how do you manage your Achology community notifications? Open your profile menu in the community and select Notifications. From there you control which activity triggers an alert, how each is delivered, in-app, email or push, and, most usefully, you can set preferences per space, so the groups that matter speak up and the rest stay quiet.</p>
<h2>The per-space control is the one that matters</h2>
<p>Global settings are blunt: all or nothing. Per-space settings are how members make the community liveable.</p>
<p>The pattern that works is opting fully into the few spaces central to your development, typically your mentorship group and the events space, and muting the spaces you only browse. Ten minutes of per-space choices removes most of the noise permanently, and it is the single adjustment that stops people drifting away from the community without ever deciding to.</p>
<h2>Matching delivery to importance</h2>
<p>A useful default:</p>
<ul>
<li><strong>Push</strong>, through <a href=""/help/technical-help/download-achology-community-app/"">the phone app</a>, only for what should genuinely interrupt you: event start times and direct messages.</li>
<li><strong>Email</strong> for what you want a record of, such as replies to your own posts.</li>
<li><strong>In-app</strong> for everything else, waiting for you next time you visit.</li>
</ul>
<h2>What is actually at stake</h2>
<p>This looks like housekeeping and is not. Too many alerts and you start ignoring all of them, including the one reminder that mattered. Too few and you find out about a session after it ran.</p>
<p>Either way the thing you lose is the same: attendance at <a href=""/help/events-and-mentorship/achology-live-events-types/"">the live events</a>, which is the only part of <a href=""/membership/"">membership</a> that cannot be caught up on later and the part <a href=""/help/certificates-cpd-accreditation/six-achology-cpd-statuses/"">your progression actually depends on</a>. A member who misses events is not behind on reading, they are not progressing.</p>
<h2>Revisit as your use changes</h2>
<p>What suits a new member browsing widely rarely suits an active member practising in two groups. Revisit the settings whenever your pattern shifts.</p>
<p>If something specific misbehaves, such as email notifications that are switched on but never arrive, <a href=""/help/technical-help/fix-achology-community-notification-problems/"">the notification problems article</a> covers the fixes.</p>
<p><strong>Related questions</strong></p>
<ul><li><a href=""/help/technical-help/fix-achology-community-notification-problems/"">Not getting Achology notifications, or getting too many?</a></li><li><a href=""/help/technical-help/set-up-achology-community-profile/"">How do I set up my Achology community profile?</a></li></ul>
"
378,create-posts-achology-community,How do I create posts in the Achology community?,how do I create posts in the Achology community,post in the Achology community,How to Post in the Achology Community,"To post in the Achology community, open a discussion space, select New Post, write and format your content, then publish. Posts can be edited afterward.","<p>So how do you post in the Achology community? Open the discussion space your post belongs in, select New Post, write it and publish. The editor supports formatted text, images, video embeds and tagging other members, and you can edit a post after publishing from its own menu, so nothing you share is set in stone.</p>
<h2>Writing the post</h2>
<p>Choose the space first, because that is what decides who sees it. The editor works like any modern rich-text editor, and typing a forward slash in the body brings up the formatting options. When you finish, publish immediately or save a draft to come back to.</p>
<p>If you tag a member they are notified, so tag the people your post genuinely concerns rather than tagging for attention.</p>
<h2>What to post, and what makes a post work</h2>
<p>Insights from your course study, honest questions, reflections on practice, and replies to other members all count, and the replies are worth as much as the posts.</p>
<p>The quality of what comes back tracks the specificity of what you put in. ""Can anyone help with confidence?"" sits unanswered because nobody knows what help you need. The same question with the situation in it, what you tried and where it went wrong, gets answers from people who have been there. <a href=""/help/community-and-conduct/ask-questions-achology-community/"">How to ask a question and get useful answers</a> covers that properly.</p>
<p>A good first post is simply what you are studying and what you are working toward. The replies usually make the second one easy.</p>
<h2>Why posting is part of the learning rather than beside it</h2>
<p>This is the part worth understanding before you decide you are too new to contribute. Achology teaches that competence is built by practising in company and receiving honest feedback, which is <a href=""/help/learning-experience/achology-peer-learning-community-teaches/"">why the teaching is built around peer learning</a>.</p>
<p>Writing out what you are working on, and having somebody question it, is the cheapest version of that available. Members who only read tend to finish <a href=""/courses/"">courses</a>; members who post tend to change how they practise. Nobody is expected to sound expert, and <a href=""/help/community-and-conduct/achology-peer-learning-culture/"">the culture</a> is built for people mid-way through learning something.</p>
<h2>After publishing</h2>
<p>You can edit or delete your own post at any time from its menu. <a href=""/help/community-and-conduct/achology-community-rules-moderation/"">The moderation standards</a> apply to every space, and <a href=""/help/community-and-conduct/achology-disagreement-open-discussion/"">how disagreement is handled here</a> is worth knowing before your first contested thread.</p>
<p><strong>Related questions</strong></p>
<ul><li><a href=""/help/technical-help/set-up-achology-community-profile/"">How do I set up my Achology community profile?</a></li><li><a href=""/help/technical-help/direct-message-achology-members/"">Can I direct message other Achology members?</a></li></ul>
"
379,direct-message-achology-members,Can I direct message other Achology members?,can I direct message other Achology members,direct message other Achology members,Direct Message Other Achology Members,"You can direct message other Achology members: open a member's profile and use the message icon to start a private conversation, on desktop or in the app.","<p>So can you direct message other Achology members? Yes. Open any member's profile by clicking their name, then use the message icon to start a private conversation. Direct messages work on desktop and in the community app, and they are how members arrange peer practice, follow up after live events, and build one-to-one connections around what they are learning.</p>
<h2>What direct messages are actually for</h2>
<p>Some of the most useful learning here happens one to one: arranging a coaching practice session from The Coaching Board, debriefing after a live event that went sideways, or continuing a thread with the one member it really concerned.</p>
<p>Reaching out is normal and welcomed. A message that says why you are writing lands well: naming the course you are both working through, or the session you were both in, gives the other person something to reply to. A bare hello usually does not.</p>
<h2>Why this matters more here than on most platforms</h2>
<p>Because the pathway itself runs on one-to-one work. <a href=""/help/events-and-mentorship/pals-earn-them/"">Peer coaching sessions</a> have to be arranged between two members before they can happen, and nobody progresses far without asking somebody they have never spoken to for an hour of their time.</p>
<p>So the first message you send to a stranger here is not an imposition. It is the ordinary mechanism of the place working, and the member receiving it is usually looking for the same thing.</p>
<h2>The standards travel with the message</h2>
<p>Private does not mean unaccountable. The conduct expectations that govern the public spaces, set out in the Community Code of Conduct, apply in direct messages too, and <a href=""/help/community-and-conduct/achology-community-rules-moderation/"">the moderation standards</a> cover both.</p>
<p>Some members switch messaging availability off in their settings. That is a <a href=""/policies/privacy-policy/"">privacy</a> choice to respect rather than a fault to work around, and it is worth reading as a boundary rather than a rebuff. Connect through their posts or at an event instead.</p>
<h2>If messaging is not working</h2>
<p>If you cannot send or receive at all, the cause is almost always an availability setting rather than a technical fault, and <a href=""/help/technical-help/cant-send-receive-messages-achology-community/"">the messaging troubleshooting article</a> walks through the checks. If a conversation has become uncomfortable, <a href=""/help/community-and-conduct/achology-discussion-boundary-feels-unsafe/"">what to do when something feels unsafe</a> is the route.</p>
<p><strong>Related questions</strong></p>
<ul><li><a href=""/help/technical-help/cant-send-receive-messages-achology-community/"">Can't send or receive direct messages in the Achology community?</a></li><li><a href=""/help/technical-help/create-posts-achology-community/"">How do I create posts in the Achology community?</a></li></ul>
"
380,find-achology-course-resources,Where can I find the resources for my course?,where can I find the resources for my course,resources for your Achology course,Where to Find Resources for Your Achology Course,"The resources for your Achology course sit inside the course itself: log in, open the course, and work through the modules in order.","<p>So where are the resources for your Achology course? Inside the course itself. Log into your Achology account, open the course, and its content is organised by module and lesson: the video teaching, and alongside it the written resources, PDFs, worksheets and exercises, each attached to the lesson it belongs to. Work through in order or jump to the section you need.</p>
<h2>What downloads and what streams</h2>
<p>The written resources download freely, so save the worksheets and reference materials as you go. Video lessons stream inside the platform and cannot be downloaded, which is also what guarantees you are watching the current version whenever <a href=""/help/privacy-and-legal/achology-updates-course-already-purchased/"">a course is updated</a>. <a href=""/help/technical-help/downloading-achology-content/"">The downloads article</a> has the full picture.</p>
<h2>One habit worth forming</h2>
<p>Download a lesson's written materials while you are studying that lesson, not later.</p>
<p>Materials gathered as you go arrive already organised by the learning they belong to, and you will remember what each one was for. Materials gathered in a batch at the end are a folder of files nobody opens again. Over a practitioner course that difference is the whole value of the written half of the course.</p>
<h2>Why the worksheets matter more than they look</h2>
<p>This is worth saying plainly, because the videos feel like the course and the worksheets feel like the extras. It is closer to the other way round.</p>
<p>Achology teaches that <a href=""/help/outcomes-and-expectations/course-completion-vs-competence/"">completion and competence are different things</a>, and the exercises are where the second one starts. Watching a lesson tells you what a technique is. Working the sheet is the first time you apply it to a real situation, which is the step <a href=""/help/learning-experience/achology-peer-learning-community-teaches/"">the live practice</a> then builds on. Members who skip the written work tend to be the ones who finish a course and wonder why nothing changed.</p>
<h2>If a course you bought is not showing</h2>
<p>Check that you are logged in with the same email address you purchased with. A mismatch between the purchase address and the login address is the commonest cause by a wide margin.</p>
<p>If the addresses match and the course is still missing, <a href=""/help/technical-help/cant-see-achology-course-space-community/"">the missing course article</a> covers the remaining checks and what to send support.</p>
<p><strong>Related questions</strong></p>
<ul><li><a href=""/help/technical-help/downloading-achology-content/"">Can I download Achology course content for offline viewing?</a></li><li><a href=""/help/technical-help/cant-see-achology-course-space-community/"">Can't see your Achology course or community space?</a></li></ul>
"
381,what-personal-data-achology-collects,What personal data does Achology collect about me?,what personal data does Achology collect about me,personal data does Achology collect,What Personal Data Does Achology Collect?,"What personal data does Achology collect? Contact, account, transaction, and technical data needed to run its services, and no special category data.","<p>So what personal data does Achology collect about you? Achology collects the personal data needed to run your account, deliver your <a href=""/courses/"">courses</a>, process payments, and operate its learning community: contact details, account and registration information, transaction records, communications, technical usage data, and marketing preferences. It does not intentionally collect special category data such as health information, ethnicity, religious beliefs, or political opinions. The full list is set out in the <a href=""/policies/privacy-policy/"">Privacy Notice</a>, and what Achology actually holds about you depends on how you use the platform.</p>
<h2>The categories, in plain terms</h2>
<p>The Privacy Notice lists the categories of personal data Achology may collect. Not every category applies to every person.</p>
<ul><li><strong>Contact information</strong>: your name, postal address, email address, and telephone number.</li><li><strong>Account and registration details</strong>: login credentials, profile information, and account activity.</li><li><strong>Transaction and service information</strong>: courses purchased, events attended, certifications awarded, and credits earned.</li><li><strong>Communications</strong>: emails, support enquiries, and other correspondence with Achology.</li><li><strong>Images and recordings</strong>: photographs, video, or audio from events where recording takes place and participants have been informed.</li><li><strong>Technical and usage data</strong>: device and browser information collected through cookies, explained in the <a href=""/policies/cookie-policy/"">Cookie Policy</a>.</li><li><strong>Marketing preferences</strong>: your choices about receiving communications.</li><li><strong>Financial information</strong>: payment details, handled securely and in most cases processed by third-party payment providers rather than stored by Achology.</li></ul>
<p>Two further categories apply only in specific situations: recruitment information if you apply for a role, and business or professional information where it is relevant to the services provided.</p>
<h2>Special category data is not collected</h2>
<p>Achology does not intentionally collect what UK data protection law calls special categories of personal data: health information, racial or ethnic origin, religious or philosophical beliefs, political opinions, trade union <a href=""/membership/"">membership</a>, genetic or biometric data, or sexual orientation. If you volunteer something of that kind yourself, for example in a community discussion, it is not used for any specific purpose and is handled under the Privacy Notice.</p>
<h2>Where this is set out</h2>
<p>The Privacy Notice is the full statement of what is collected, why, and on what lawful basis. If you have a question about your own data, contact support@achology.com or use the <a href=""/enquiries/"">contact form</a>.</p>
<p><strong>Related questions</strong></p>
<ul><li><a href=""/help/privacy-and-legal/does-achology-sell-personal-data/"">Does Achology sell my personal data to third parties?</a></li><li><a href=""/help/privacy-and-legal/who-does-achology-share-personal-data-with/"">Who does Achology share my personal data with?</a></li><li><a href=""/help/privacy-and-legal/how-long-achology-keeps-personal-data/"">How long does Achology keep my personal data?</a></li><li><a href=""/help/privacy-and-legal/delete-achology-account-and-data/"">Can I request the deletion of my Achology account and data?</a></li></ul>"
382,does-achology-sell-personal-data,Does Achology sell my personal data to third parties?,does Achology sell my personal data to third parties,Achology sell personal data,Does Achology Sell Personal Data?,"Does Achology sell personal data? No. Achology does not sell it, and does not share it with third parties for their own marketing.","<p>So does Achology sell personal data? No. Achology does not sell personal data, and it does not share personal data with third parties for their own marketing purposes. The <a href=""/policies/privacy-policy/"">Privacy Notice</a> states both commitments directly. Data goes to specific service providers only where that is necessary to run the platform and deliver what you bought.</p>
<h2>Why it takes two commitments rather than one</h2>
<p>Because a bare promise not to sell your data is a weaker sentence than it sounds.</p>
<p>Some platforms use a narrow reading of selling that leaves room to hand data to advertising networks or partner companies in exchange for services rather than cash. Stating both positions, no selling and no sharing for third-party marketing, closes that gap. Your data does not reach external marketing operations whether or not money changes hands.</p>
<h2>What sharing does happen</h2>
<p>Running an online education platform involves service providers: payment processing, cloud hosting, IT support. Each handles data only under Achology's instructions, for defined operational purposes, under confidentiality and data protection obligations.</p>
<p>The full picture is in <a href=""/help/privacy-and-legal/who-does-achology-share-personal-data-with/"">who Achology shares data with</a>, and <a href=""/help/privacy-and-legal/how-long-achology-keeps-personal-data/"">how long anything is kept</a> is published alongside it.</p>
<h2>Marketing from Achology itself</h2>
<p>Achology may send information about <a href=""/courses/"">courses</a> or events similar to what you have bought or asked about, and newsletters where you subscribed. You can opt out at any time from the unsubscribe link in any email, or by contacting support@achology.com. Opting out does not affect access to anything you have purchased.</p>
<h2>Why this position and not another</h2>
<p>Because of what members bring here. People discuss real difficulties in <a href=""/help/events-and-mentorship/mentoring-opportunities-achology-membership/"">mentorship groups</a>, bring genuine problems to <a href=""/help/events-and-mentorship/coaching-hot-seat/"">live coaching sessions</a>, and practise on each other.</p>
<p>A community that asks for that kind of honesty cannot also be quietly monetising who its members are. It is the same reasoning behind <a href=""/help/privacy-and-legal/achology-automated-decision-making-profiling/"">nothing here profiling you or making automated decisions about you</a>: the conditions have to be trustworthy before the practice can be real.</p>
<p><strong>Related questions</strong></p>
<ul><li><a href=""/help/privacy-and-legal/what-personal-data-achology-collects/"">What personal data does Achology collect about me?</a></li><li><a href=""/help/privacy-and-legal/who-does-achology-share-personal-data-with/"">Who does Achology share my personal data with?</a></li><li><a href=""/help/privacy-and-legal/achology-automated-decision-making-profiling/"">Does Achology use automated decision-making or profiling?</a></li></ul>
"
383,who-does-achology-share-personal-data-with,Who does Achology share my personal data with?,who does Achology share my personal data with,who Achology shares personal data,Who Achology Shares Personal Data With,"Who Achology shares personal data with: only the providers needed to run its services, under its instructions, and never for third-party marketing.","<p>So who Achology shares personal data with is a short list: only the parties needed to run the services: payment and financial providers, cloud and technology providers, service contractors, professional advisers, fraud prevention services, group companies, and public authorities where the law requires it. Every recipient processes data under Achology's instructions for defined purposes, and none receives it for their own marketing. The categories are published in the <a href=""/policies/privacy-policy/"">Privacy Notice</a>.</p>
<h2>The recipients, category by category</h2>
<ul>
<li><strong>Group and joint controllers</strong>, including <a href=""/about/instructors/kain-ramsay/"">Kain Ramsay</a> Limited, where relevant to providing <a href=""/courses/"">courses</a>, events or related services.</li>
<li><strong>Payment and financial providers</strong>: processors and accountants handling transactions, billing and tax compliance.</li>
<li><strong>Service providers and contractors</strong>: IT, marketing support, administration and technical support, working under instruction.</li>
<li><strong>Technology and cloud providers</strong>: the hosting and software that run and secure the platforms.</li>
<li><strong>Professional advisers</strong>: lawyers, accountants and auditors, for legal or regulatory purposes only.</li>
<li><strong>Fraud prevention and security services</strong>, where needed to prevent misuse or unauthorised access.</li>
<li><strong>Public authorities and regulators</strong>: HMRC, law enforcement and courts, only where disclosure is required or reasonably necessary by law.</li>
<li><strong>Business transfers</strong>: selected parties in any future sale, merger or restructuring, with safeguards in place.</li>
</ul>
<h2>Why the list is this long, and why that is reassuring</h2>
<p>A short list would be the suspicious one. Running an online academy means a payment processor, a hosting provider and an accountant at minimum, and any organisation claiming to share data with nobody is either not operating or not telling you everything.</p>
<p>What matters is the shape of the list rather than its length. Every category above is operational, legal or regulatory. None of it is commercial: no data brokers, no advertising networks, no partners receiving members in exchange for services.</p>
<h2>The safeguards behind the sharing</h2>
<p>Third parties processing data on Achology's behalf do so only under its instructions, bound by confidentiality and data protection obligations.</p>
<p>Where a provider sits outside the UK, transfers happen only with appropriate safeguards under UK GDPR, such as adequacy recognition or approved contractual protections. That matters here because <a href=""/help/achology-basics-and-identity/is-achology-global-platform/"">the membership is worldwide</a> while <a href=""/help/achology-basics-and-identity/where-is-achology-based/"">the companies are Scottish</a>.</p>
<h2>What is never shared</h2>
<p><a href=""/help/privacy-and-legal/does-achology-sell-personal-data/"">Data is not sold, and not shared with any third party for that party's marketing</a>. Nothing here <a href=""/help/privacy-and-legal/achology-automated-decision-making-profiling/"">profiles you or makes automated decisions about you</a> either, and <a href=""/help/privacy-and-legal/how-long-achology-keeps-personal-data/"">how long anything is kept</a> is published alongside.</p>
<p><strong>Related questions</strong></p>
<ul><li><a href=""/help/privacy-and-legal/does-achology-sell-personal-data/"">Does Achology sell my personal data to third parties?</a></li><li><a href=""/help/privacy-and-legal/what-personal-data-achology-collects/"">What personal data does Achology collect about me?</a></li><li><a href=""/help/privacy-and-legal/achology-automated-decision-making-profiling/"">Does Achology use automated decision-making or profiling?</a></li></ul>
"
384,how-long-achology-keeps-personal-data,How long does Achology keep my personal data?,how long does Achology keep my personal data,Achology keeps personal data,How Long Achology Keeps Personal Data,"Achology keeps personal data only as long as needed for its purpose: generally the relationship plus up to five years, then deletion.","<p>So how long Achology keeps personal data is only as long as it is needed for the purpose it was collected. As a general framework, data is kept for the length of your relationship with Achology and, in most cases, for up to five years afterwards, then securely deleted or anonymised unless a legal obligation requires longer. The framework is set out in the <a href=""/policies/privacy-policy/"">Privacy Notice</a>.</p>
<h2>The general framework</h2>
<p>Where data is needed to provide services, it stays for the duration of the relationship. The five-year window afterwards allows Achology to keep proper business records, maintain security, meet legal and regulatory obligations, and defend legal claims if a dispute arises.</p>
<p>Once that window closes and no other criterion applies, the data is securely deleted or anonymised. Nothing is kept indefinitely, which is the part worth taking from this answer.</p>
<h2>What decides the period for a given piece of data</h2>
<p>Retention varies by category. The Privacy Notice names six factors:</p>
<ul>
<li><strong>Contractual requirements</strong>: data needed to run your account and provide what you hold.</li>
<li><strong>Legal and regulatory obligations</strong>: tax, accounting and audit rules that set statutory periods.</li>
<li><strong>Legitimate business needs</strong>: record-keeping, security and service improvement.</li>
<li><strong>The nature and sensitivity of the data</strong>: riskier data is not held longer than necessary.</li>
<li><strong>Your relationship and activity</strong>: whether you remain an active member or customer.</li>
<li><strong>Disputes and legal claims</strong>: data that may be needed to establish or defend a claim.</li>
</ul>
<h2>Why a five-year figure rather than a vague assurance</h2>
<p>Because a stated period is checkable and a reassurance is not. It sits with the other things about Achology that can be verified without anyone's cooperation: <a href=""/help/privacy-and-legal/achology-s-registered-company-details/"">the registered company numbers</a>, <a href=""/help/certificates-cpd-accreditation/achology-uk-register-learning-providers/"">the learning provider registration</a>, and the published policies themselves.</p>
<p>It also follows from the position elsewhere: <a href=""/help/privacy-and-legal/does-achology-sell-personal-data/"">data is not sold</a>, <a href=""/help/privacy-and-legal/who-does-achology-share-personal-data-with/"">it is shared only with the parties needed to run the service</a>, and <a href=""/help/privacy-and-legal/achology-automated-decision-making-profiling/"">nothing here makes automated decisions about you</a>.</p>
<h2>If you want your data removed sooner</h2>
<p>You can ask at any time rather than waiting for a period to expire. How that works, and what may lawfully be kept, is in <a href=""/help/privacy-and-legal/delete-achology-account-and-data/"">requesting deletion of your account and data</a>.</p>
<p><strong>Related questions</strong></p>
<ul><li><a href=""/help/privacy-and-legal/what-personal-data-achology-collects/"">What personal data does Achology collect about me?</a></li><li><a href=""/help/privacy-and-legal/delete-achology-account-and-data/"">Can I request the deletion of my Achology account and data?</a></li></ul>
"
385,delete-achology-account-and-data,Can I request the deletion of my Achology account and data?,can I request the deletion of my Achology account and data,Achology account and data,How to Delete Your Achology Account and Data,You can delete your Achology account and data: email support@achology.com to request erasure under UK GDPR. Achology responds within one month.,"<p>So can you delete your Achology account and data? Yes. Email support@achology.com and ask for your personal data to be erased. The right exists under UK GDPR and the <a href=""/policies/privacy-policy/"">Privacy Notice</a> confirms it. Achology responds within one calendar month, and some records may lawfully be kept where tax, legal or regulatory obligations require it.</p>
<h2>How to request deletion</h2>
<p>Email support@achology.com stating that you want your personal data erased, and include your name, the email address on your account, and enough detail for your records to be found accurately.</p>
<p>No legal wording is needed. ""Please delete my Achology account and all personal data you hold about me"" is enough. The <a href=""/enquiries/"">contact form</a> works equally well.</p>
<h2>Cancelling is not deleting</h2>
<p>This is the part most people get caught by, so it is worth stating plainly. <a href=""/help/refunds-and-billing/cancel-achology-membership-anytime/"">Cancelling your membership</a> stops future payments. It does not erase your data, and it is not treated as a deletion request.</p>
<p>If you want both, ask for both, separately. They are handled by different processes for a good reason: a member who cancels and returns eighteen months later usually wants <a href=""/help/certificates-cpd-accreditation/cpd-journey-after-leaving-achology/"">the progress record they built</a> to still be there, and deleting it by default would destroy exactly that.</p>
<h2>What happens next</h2>
<p>Achology responds within one calendar month. If the request is complex the period can be extended by up to two further months, and you must be told of the extension and the reason within the first month. If any part is refused, Achology must explain which lawful exemption applies.</p>
<h2>What may be kept</h2>
<p>Most personal data falls in scope for deletion. What may lawfully remain is data covered by statutory retention rules, such as tax and financial records, and data reasonably needed to establish or defend legal claims. Those are the same grounds described in <a href=""/help/privacy-and-legal/how-long-achology-keeps-personal-data/"">how long data is kept</a>.</p>
<h2>If you are not satisfied</h2>
<p>Raise it with Achology first at support@achology.com. If it stays unresolved you have the right to complain to the UK's supervisory authority, the <a href=""https://ico.org.uk/for-the-public/"">Information Commissioner's Office</a>.</p>
<p><strong>Related questions</strong></p>
<ul><li><a href=""/help/privacy-and-legal/how-long-achology-keeps-personal-data/"">How long does Achology keep my personal data?</a></li><li><a href=""/help/privacy-and-legal/what-personal-data-achology-collects/"">What personal data does Achology collect about me?</a></li><li><a href=""/help/refunds-and-billing/cancel-achology-membership-anytime/"">Can I cancel my Achology membership anytime?</a></li></ul>
"
386,achology-automated-decision-making-profiling,Does Achology use automated decision-making or profiling?,does Achology use automated decision-making or profiling,does Achology use automated profiling,Does Achology Use Automated Profiling?,"Does Achology use automated profiling or decision-making? No, not with legal or significant effects; decisions about access and services involve a person.","<p>So does Achology use automated profiling or decision-making about you? No. Achology does not use personal data for automated decision-making or profiling that produces legal effects, or similarly significant effects, on individuals, as those terms are defined under UK GDPR. Decisions about access, participation and services are made with human involvement. The <a href=""/policies/privacy-policy/"">Privacy Notice</a> states this directly.</p>
<h2>What the two terms actually mean</h2>
<p>They sound interchangeable and are not.</p>
<p><strong>Automated decision-making</strong> is a decision made about you entirely by a system, with nobody reviewing it and nobody able to override it. Automated credit scoring and algorithmic job-application screening are the familiar examples.</p>
<p><strong>Profiling</strong> is the automated analysis of personal data to evaluate or predict something about you, such as your behaviour, interests or likely choices.</p>
<p>UK GDPR gives people specific protections wherever either one produces legal or similarly significant consequences, which is the threshold this answer turns on.</p>
<h2>What Achology's position covers</h2>
<p>No algorithm alone decides whether you can enrol, progress or reach any content, and no system scores or categorises you in a way that carries legal or similarly significant consequences.</p>
<p>Standard website analytics and cookies operate for performance and security, described in the <a href=""/policies/cookie-policy/"">Cookie Policy</a>, and are a separate matter from making decisions about individuals.</p>
<p>The one place a judgement is genuinely made about you is <a href=""/help/certificates-cpd-accreditation/who-verifies-achology-cpd-claims/"">the verification of professional development claims</a>, and that is deliberately the opposite of automated: every claim is reviewed by committee members who are experienced practitioners, which is exactly why the record means anything to somebody outside Achology.</p>
<h2>Why this is worth stating at all</h2>
<p>Because in online education a great deal now is automated: what gets recommended to you, what a platform predicts you will buy, and in some cases who is quietly filtered out. Saying plainly that none of that happens here is only useful if it is checkable, which is why it sits in the published Privacy Notice rather than in marketing copy.</p>
<p>It also fits the wider position: <a href=""/help/privacy-and-legal/does-achology-sell-personal-data/"">personal data is not sold</a>, and <a href=""/help/privacy-and-legal/who-does-achology-share-personal-data-with/"">it is shared only with the parties needed to run the service</a>.</p>
<h2>Your rights if this ever changed</h2>
<p>If processing of this kind were ever introduced, the UK GDPR protections would apply, including the right to obtain human intervention, to express your point of view and to contest a decision. Questions about your own data can go to support@achology.com at any time, and <a href=""/help/privacy-and-legal/delete-achology-account-and-data/"">you can request deletion of your account and data</a>.</p>
<p><strong>Related questions</strong></p>
<ul><li><a href=""/help/privacy-and-legal/does-achology-sell-personal-data/"">Does Achology sell my personal data to third parties?</a></li><li><a href=""/help/privacy-and-legal/who-does-achology-share-personal-data-with/"">Who does Achology share my personal data with?</a></li></ul>
"
387,achology-customer-legal-rights-uk-consumer-law,What are my legal rights as an Achology customer?,what are my legal rights as an Achology customer,Achology customer legal rights,Your Achology Customer Legal Rights,"Achology customer legal rights come from UK consumer law: digital content must be as described, fit for purpose, and of satisfactory quality.","<p>So what are your Achology customer legal rights? UK consumer law protects you when you buy from Achology, on top of Achology's own policies. Under the Consumer Rights Act 2015, all Achology products count as digital content, which must be as described, fit for purpose, and of satisfactory quality. If content falls short, you may be entitled to a repair or replacement, and where a fault cannot be fixed, a full or partial refund. The <a href=""/policies/terms-and-conditions/"">Terms and Conditions</a> state directly that nothing in them removes your statutory rights.</p>
<h2>The three standards digital content must meet</h2>
<p><strong>As described.</strong> The content must match what the order page says it contains; those details form part of your agreement with Achology.</p>
<p><strong>Fit for purpose.</strong> The content must do what digital content of its type is reasonably expected to do: <a href=""/courses/"">courses</a> deliver structured learning material, videos play, downloads open.</p>
<p><strong>Of satisfactory quality.</strong> The content must meet the standard a reasonable person would expect of it.</p>
<h2>The remedies if something is faulty</h2>
<p>If digital content is faulty, you are entitled to a repair or replacement first. If the fault cannot be fixed, or is not fixed within a reasonable time and without significant inconvenience, you may be entitled to a full or partial refund. If you can demonstrate that faulty digital content damaged your device and Achology did not exercise reasonable care and skill, you may be entitled to a repair or compensation. These rights are subject to conditions and exceptions set out in law.</p>
<h2>How this sits alongside Achology's own policies</h2>
<p>Achology's <a href=""/policies/refund-policy/"">Refunds Policy</a>, including the 14-day money-back guarantee, is a commercial promise that operates alongside your statutory rights, never instead of them. Where the two differ, the law wins. For independent guidance on your statutory rights, contact <a href=""https://www.citizensadvice.org.uk/"">Citizens Advice</a>.</p>
<p><strong>Related questions</strong></p>
<ul><li><a href=""/help/privacy-and-legal/what-law-governs-achology-terms/"">What law governs Achology's terms and conditions?</a></li><li><a href=""/help/privacy-and-legal/achology-updates-course-already-purchased/"">What happens if Achology updates a course I've bought?</a></li><li><a href=""/help/privacy-and-legal/achology-trust-legal-policies-work-together/"">How do Achology's trust and legal policies work together?</a></li><li><a href=""/help/refunds-and-billing/does-achology-offer-a-money-back-guarantee/"">Does Achology offer a money-back guarantee?</a></li></ul>"
388,what-law-governs-achology-terms,What law governs Achology's terms and conditions?,what law governs Achology's terms and conditions,what law governs Achology's terms,What Law Governs Achology's Terms?,What law governs Achology's terms is Scots law. UK customers bring disputes to their own part of the UK; others use the Scottish courts.,"<p>So what law governs Achology's terms? Scots law governs Achology's <a href=""/policies/terms-and-conditions/"">Terms and Conditions</a>. If you live in the United Kingdom, any dispute arising from your contract goes to the courts of the part of the UK where you live. If you live outside the UK, disputes fall under the exclusive jurisdiction of the Scottish courts.</p>
<h2>Why Scots law</h2>
<p>Because Achology is a Scottish business. It operates through two Scottish-registered companies, Achology Transactions Ltd (SC697126) and The Academy of Modern Applied Psychology Ltd (SC612822), both registered at Clyde Offices, 2nd Floor, 48 West George Street, Glasgow, as set out in <a href=""/help/privacy-and-legal/achology-s-registered-company-details/"">the registered company details</a>.</p>
<p>Choosing the law of the home jurisdiction is ordinary commercial practice rather than a position being taken. For most learners the practical difference is small, because the core consumer protections come from UK-wide legislation such as the Consumer Rights Act 2015, which applies whichever legal system governs the contract.</p>
<h2>Where a dispute would go</h2>
<p>If you live in England, Wales, Scotland or Northern Ireland, you bring a dispute before the courts of your own part of the UK. If you live outside the UK, the Scottish courts have exclusive jurisdiction.</p>
<p>In practice almost nothing reaches a court. Contact support@achology.com first, and the routes for ending a contract or asking for money back are already published: <a href=""/help/refunds-and-billing/achology-refund-policy-explained/"">the refund policy</a>, <a href=""/help/refunds-and-billing/does-achology-offer-a-money-back-guarantee/"">the 14-day guarantee</a> and <a href=""/help/refunds-and-billing/cancel-achology-membership-anytime/"">cancelling at any time</a> exist so that most disagreements have an answer before they become disputes.</p>
<h2>Your statutory rights are not affected</h2>
<p>This is the part worth being clear about, because a governing-law clause looks like it might take something away and does not.</p>
<p>It decides which legal system interprets the contract. It does not remove your consumer protections, and nothing in Achology's own policies reduces them either. <a href=""/help/privacy-and-legal/achology-customer-legal-rights-uk-consumer-law/"">Your rights as a customer</a> apply on their own terms regardless of what any policy says.</p>
<p>That is also why the answer is published at all. A company that intended to lean on the fine print would have little reason to explain where the fine print stops, and <a href=""/help/privacy-and-legal/achology-trust-legal-policies-work-together/"">how the policies fit together</a> is written on the same principle.</p>
<p><strong>Related questions</strong></p>
<ul><li><a href=""/help/privacy-and-legal/achology-customer-legal-rights-uk-consumer-law/"">What are my legal rights as an Achology customer?</a></li><li><a href=""/help/privacy-and-legal/achology-trust-legal-policies-work-together/"">How do Achology's trust and legal policies work together?</a></li></ul>
"
389,achology-updates-course-already-purchased,What happens if Achology updates a course I've bought?,what happens if Achology updates a course I've bought,Achology updates a course,What Happens When Achology Updates a Course,"When Achology updates a course you own, the update appears automatically in your account at no extra cost, with notice for significant changes.","<p>So what happens when Achology updates a course you own? The updated content appears automatically in your account at no extra cost, replacing the previous version. You never repurchase a course to receive its improved form. Minor changes happen without notice; where a significant change materially affects something you bought, the <a href=""/policies/terms-and-conditions/"">Terms and Conditions</a> require reasonable notice and an explanation of your options.</p>
<h2>Minor changes</h2>
<p>Compliance with changes in law or regulation, and technical adjustments to functionality, reliability, performance and security.</p>
<p>These do not materially affect your access or the nature of the service, so no advance notice is required. Fixing a broken link or improving video quality sits here.</p>
<h2>Significant changes</h2>
<p>Updating, revising or replacing course content. Changing the availability, structure or delivery of <a href=""/courses/"">courses</a>. Changing, replacing or discontinuing <a href=""/certification/"">certification</a> programmes.</p>
<p>Where such a change materially affects your access to something you have already purchased, reasonable notice is given and your options explained, which may include ending the contract.</p>
<h2>Why updating is normal here rather than exceptional</h2>
<p>Because <a href=""/help/learning-experience/do-achology-courses-get-updated/"">the curriculum is maintained as a living body of teaching</a> rather than published once and archived.</p>
<p>That follows from <a href=""/help/achology-basics-and-identity/principle-led-education-achology/"">how the subject is treated</a>: a course that never changed would be a course nobody was still teaching. In practice it means what you bought tends to be worth more in three years than on the day you bought it, which is unusual for a one-off purchase.</p>
<h2>Why streaming means you always see the current version</h2>
<p>Video lessons stream on the platform, so every student watches a lesson as it stands now. <a href=""/help/learning-experience/download-achology-course-materials/"">Written resources you have already downloaded remain yours</a>, which is worth knowing in both directions: your saved worksheets do not change under you, and your saved worksheets also do not update.</p>
<p>If a change ever leaves you unhappy with a purchase, <a href=""/help/privacy-and-legal/achology-customer-legal-rights-uk-consumer-law/"">your statutory rights</a> and <a href=""/policies/refund-policy/"">the Refunds Policy</a> both apply, and <a href=""/help/membership-and-access/platform-changes-course-access-achology/"">what happens if the platform itself changes</a> is answered separately.</p>
<p><strong>Related questions</strong></p>
<ul><li><a href=""/help/privacy-and-legal/achology-customer-legal-rights-uk-consumer-law/"">What are my legal rights as an Achology customer?</a></li><li><a href=""/help/privacy-and-legal/achology-trust-legal-policies-work-together/"">How do Achology's trust and legal policies work together?</a></li><li><a href=""/help/membership-and-access/platform-changes-course-access-achology/"">What happens to courses if the Achology platform changes?</a></li></ul>
"
390,achology-trust-legal-policies-work-together,How do Achology's trust and legal policies work together?,how do Achology's trust and legal policies work together,trust and legal policies,How Achology's Trust and Legal Policies Work,"Achology's trust and legal policies work as one framework: seven documents plus the Community Code of Conduct, each covering one part of the relationship.","<p>So how do Achology's trust and legal policies work together? Achology publishes seven policy documents designed to be read as a single framework, with the Community Code of Conduct alongside them: each covers one dimension of the relationship between Achology and its learners, and each cross-references the others. The <a href=""/policies/disclaimers/"">Disclaimers</a> carry a map of how they fit together, and no document is meant to be read in isolation.</p>
<h2>What each document covers</h2>
<ul><li><strong><a href=""/policies/terms-and-conditions/"">Terms and Conditions</a></strong>: the contractual mechanics, your order, access rules, cancellation rights, and liability.</li><li><strong><a href=""/policies/refund-policy/"">Refunds Policy</a></strong>: the financial boundaries, including the 14-day money-back guarantee and its scope.</li><li><strong><a href=""/policies/privacy-policy/"">Privacy Notice</a></strong>: what personal data is collected, why, and your rights over it.</li><li><strong><a href=""/policies/cookie-policy/"">Cookie Policy</a></strong>: cookies and tracking on the website.</li><li><strong><a href=""/policies/trust-statement/"">Trust Statement</a></strong>: the working philosophy on responsibility, boundaries, and who the environment is for.</li><li><strong>Disclaimers</strong>: the scope limits, what Achology does not provide, and reliance boundaries.</li><li><strong><a href=""/policies/accessibility-statement/"">Accessibility Statement</a></strong>: the access commitment.</li><li><strong>Community Code of Conduct</strong>: the conduct standard for the learning community, named in the Terms as part of the entire agreement.</li></ul>
<h2>How they connect</h2>
<p>The Terms are the contractual spine: their entire-agreement clause names the Trust Statement, Disclaimers, and Community Code of Conduct as part of the agreement, and the Refunds Policy forms part of the Terms directly. Where the Terms and the Refunds Policy are ever inconsistent, the Terms state that they prevail, except where consumer law requires otherwise. Your statutory rights sit above all of them, covered in <a href=""/help/privacy-and-legal/achology-customer-legal-rights-uk-consumer-law/"">What are my legal rights as an Achology customer?</a></p>
<h2>Where to start reading</h2>
<p>Start with the document that owns your question: money in the Refunds Policy, data in the Privacy Notice, conduct in the Community Code of Conduct, boundaries in the Disclaimers and Trust Statement. Each will point you to the others where they overlap.</p>
<p><strong>Related questions</strong></p>
<ul><li><a href=""/help/privacy-and-legal/achology-customer-legal-rights-uk-consumer-law/"">What are my legal rights as an Achology customer?</a></li><li><a href=""/help/privacy-and-legal/what-law-governs-achology-terms/"">What law governs Achology's terms and conditions?</a></li><li><a href=""/help/privacy-and-legal/achology-updates-course-already-purchased/"">What happens if Achology updates a course I've bought?</a></li><li><a href=""/help/privacy-and-legal/achology-responsible-community-member-advice/"">Is Achology responsible for advice I get from other members?</a></li></ul>"
391,achology-responsible-community-member-advice,Is Achology responsible for advice I get from other members?,is Achology responsible for advice I get from other members,advice from other Achology members,Advice From Other Achology Members: Liability,"Advice from other Achology members is not supervised, endorsed, or guaranteed. Peer practice is a learning activity, not a professional service.","<p>So who is responsible for advice from other Achology members? You are, for what you choose to act on. Achology does not assess, supervise, endorse or guarantee the quality or outcomes of coaching, feedback or guidance you receive from other participants. Peer practice sessions are learning activities rather than professional services, and responsibility for what you accept from them stays with you.</p>
<h2>What the policies say</h2>
<p>The <a href=""/policies/terms-and-conditions/"">Terms and Conditions</a> state that practice events involve members meeting to rehearse coaching or helping skills, and that these are practice-only learning activities.</p>
<p>The <a href=""/policies/disclaimers/"">Disclaimers</a> add that Achology does not supervise peer interactions, does not verify members' competence, and does not endorse advice shared between them. The <a href=""/policies/trust-statement/"">Trust Statement</a> carries the reasoning: members learn with and from one another, and collaboration does not remove personal accountability.</p>
<h2>Why this is not Achology stepping back</h2>
<p>It reads like a disclaimer and is closer to a description of what peer practice is.</p>
<p>The member coaching you is learning, by design. <a href=""/help/certificates-cpd-accreditation/progress-member-achologist/"">The pathway requires it</a>: nobody reaches a verified level without practising on other members, and everybody practising was once being practised on. A session where the coach is still developing is not a lapse in the system, it is the system, and pretending otherwise would misrepresent it to both people in the room.</p>
<p>What is supervised is the environment rather than the content: <a href=""/help/community-and-conduct/achology-community-rules-moderation/"">the spaces are moderated</a> for respect and integrity, and <a href=""/help/community-and-conduct/standards-apply-trainee-achologists/"">trainees are required to say they are training</a>.</p>
<h2>What this means in practice</h2>
<p>Treat what you hear in peer sessions as practice material from a fellow learner rather than professional advice. Take what is useful, leave what is not, and keep your own judgement in the room.</p>
<p>If you need medical, psychological or mental health support, the Disclaimers direct you to qualified professionals, and in the UK to NHS 111 or Samaritans. <a href=""/help/membership-and-access/does-achology-provide-crisis-support/"">Achology does not provide crisis support</a>, which is stated plainly rather than buried.</p>
<h2>One further boundary</h2>
<p>If you exchange contact details or collect personal information from other members during events, you do that independently and are responsible for your own compliance with data protection law. Achology does not control that processing.</p>
<p><strong>Related questions</strong></p>
<ul><li><a href=""/help/privacy-and-legal/achology-trust-legal-policies-work-together/"">How do Achology's trust and legal policies work together?</a></li><li><a href=""/help/outcomes-and-expectations/does-achology-supervise-peer-coaching/"">Does Achology supervise peer coaching or practice sessions?</a></li><li><a href=""/help/privacy-and-legal/guest-speakers-policy/"">Does Achology invite guest speakers?</a></li><li><a href=""/help/community-and-conduct/achology-discussion-boundary-feels-unsafe/"">What should I do if an Achology discussion feels unsafe?</a></li></ul>
"
392,share-my-achology-account-login,Can I share my Achology account or login with someone else?,can I share my Achology account or login with someone else,your Achology account or login,Can You Share Your Achology Account or Login?,"You cannot share your Achology account or login. Every purchase grants access to one individual only, and sharing a login can end your access.","<p>So can you share your Achology account or login? No. Each purchase grants access for one individual only. The <a href=""/policies/terms-and-conditions/"">Terms and Conditions</a> require you to keep your account details confidential and not to share, transfer or allow access by any other person. Breaching that is grounds for Achology to end the contract, and no refund applies where access ends for that reason.</p>
<h2>What the rule covers</h2>
<p>One purchase, one person, one set of credentials. No sharing a login with a partner, lending an account to a friend, letting a colleague log in to watch a module, or running a shared household account.</p>
<p>If somebody else wants to learn, they need their own account and purchase. Every course page carries its own checkout, and <a href=""/help/membership-and-access/there-free-achology-membership-include/"">the free tier</a> costs nothing if the obstacle is money.</p>
<h2>Why the rule exists, and it is not only revenue</h2>
<p>There is a commercial reason and a more important one.</p>
<p>The commercial reason is that single-user access is what keeps the <a href=""/courses/"">courses</a> viable at their price. Shared accounts erode the model that keeps <a href=""/help/pricing-and-payments/achology-anti-gatekeeping-pricing/"">the education affordable and open to anybody</a>.</p>
<p>The more important reason is what an account is here. It is not a key to a video library. It is the record of one person's practice: sessions attended, coaching delivered, <a href=""/help/certificates-cpd-accreditation/who-verifies-achology-cpd-claims/"">claims independently verified</a>. Two people behind one login make that record a fiction, and the fiction would sit underneath <a href=""/help/certificates-cpd-accreditation/what-achology-certificate-proves/"">a certificate somebody later shows a client</a>.</p>
<h2>What happens if it is breached</h2>
<p>Under the Terms, Achology may end the contract where the content and account rule is materially breached. Access can be withdrawn and money already paid is not refunded in that situation, which <a href=""/help/membership-and-access/can-achology-suspend-terminate-access/"">the suspension article</a> sets out in full.</p>
<p>Keeping your credentials to yourself also protects you, since you are responsible for activity on your account. That matters more than it sounds in a community where members arrange <a href=""/help/events-and-mentorship/pals-earn-them/"">one-to-one coaching sessions</a> with each other.</p>
<p><strong>Related questions</strong></p>
<ul><li><a href=""/help/privacy-and-legal/achology-copyright-sharing-course-content/"">Can I share or redistribute Achology course content?</a></li><li><a href=""/help/privacy-and-legal/achology-course-piracy-copyright/"">I found Achology content on a torrent site. Is it legitimate?</a></li></ul>
"
393,achology-course-piracy-copyright,I found Achology content on a torrent site. Is it legitimate?,I found Achology content on a torrent site. Is it legitimate,content on a torrent site,Achology Content on a Torrent Site: Legit?,"Achology content on a torrent site is real, but pirated, incomplete, and missing the community where the learning actually happens.","<p>So you have found Achology content on a torrent site: is it legitimate? It is real content, and it is pirated. All Achology material is copyrighted, and anything on torrent sites, file-sharing platforms or unauthorised third-party websites is neither authorised nor supported. Under the <a href=""/policies/terms-and-conditions/"">Terms and Conditions</a>, course materials may not be copied, distributed or rebroadcast in any format without written permission.</p>
<h2>What the copyright covers</h2>
<p>Everything Achology produces: course videos, written materials, handbooks and frameworks. Video lessons stream on the platform and are deliberately not downloadable; written resources are provided for enrolled students' own use. Distributing any of it, commercially or not, needs written permission, which a torrent upload plainly does not have.</p>
<h2>Why a pirated copy misses most of what it looks like</h2>
<p>This is the part worth understanding before deciding it is a bargain, because even a complete set of the video files captures a fraction of what a purchase is.</p>
<p>It cannot include the community where the skills are actually practised: <a href=""/help/events-and-mentorship/achology-live-events-types/"">the live sessions</a>, the peer coaching, the mentorship groups. It cannot include <a href=""/certification/"">the certification pathway</a>, because progression there is <a href=""/help/certificates-cpd-accreditation/who-verifies-achology-cpd-claims/"">independently verified</a> rather than self-declared. It does not receive <a href=""/help/privacy-and-legal/achology-updates-course-already-purchased/"">course updates</a>, so it decays from the day it was uploaded.</p>
<p>And it misses the point of the teaching itself. Achology's whole position is that <a href=""/help/outcomes-and-expectations/course-completion-vs-competence/"">watching the material is not the thing that makes you competent</a>. Practising it with real people who tell you honestly how it went is. A downloaded copy is precisely the half that does not work on its own.</p>
<h2>The legitimate route</h2>
<p>Every course is available individually, in <a href=""/academy/schools/"">school bundles</a>, or through the <a href=""/access-all-areas/"">Access All Areas</a> Pass on the <a href=""/courses/"">courses page</a>, and each purchase includes three months of <a href=""/membership/"">membership</a>. If cost is the barrier, <a href=""/help/membership-and-access/there-free-achology-membership-include/"">the free tier</a> gives genuine access to events, the coaching board and the forum without payment, and <a href=""/help/achology-basics-and-identity/achology-knowledge-hub-free-read/"">the Knowledge Hub</a> is free to read.</p>
<p>If you have seen content being distributed without permission, it can be reported to support@achology.com.</p>
<p><strong>Related questions</strong></p>
<ul><li><a href=""/help/privacy-and-legal/achology-copyright-sharing-course-content/"">Can I share or redistribute Achology course content?</a></li><li><a href=""/help/privacy-and-legal/share-my-achology-account-login/"">Can I share my Achology account or login with someone else?</a></li></ul>
"
394,achology-copyright-sharing-course-content,Can I share or redistribute Achology course content?,can I share or redistribute Achology course content,share Achology course content,Can You Share Achology Course Content?,You cannot share Achology course content: materials are for your personal use and may not be redistributed. What you learn is yours to pass on.,"<p>So can you share Achology course content with somebody else? No, not the materials themselves. Under the <a href=""/policies/terms-and-conditions/"">Terms and Conditions</a>, course materials may not be copied, recorded, reproduced, distributed, shared, sold, sublicensed, or rebroadcast, in whole or in part, in any format, whether for commercial or non-commercial purposes, without Achology's prior written permission. What you are warmly encouraged to share is what you learn: the ideas, frameworks, and skills are yours to use and pass on in your conversations, your practice, and your work.</p>
<h2>What you can do with course content</h2>
<p>You can study the materials as often as you like through your account, download the written resources (PDFs, worksheets, templates) for your own reference, and keep them permanently. You can take notes, build summaries, reference the frameworks in discussions and practice sessions, and apply everything you learn in your professional practice. That application is the entire point of the training.</p>
<h2>What you cannot do</h2>
<p>You cannot pass the materials themselves to others: no forwarding PDFs, uploading content to other platforms, reselling, lending, or reproducing any of it without written permission. Video lessons stream on the platform and are not downloadable at all. The prohibition covers non-commercial sharing as well as commercial: giving a worksheet away breaches the Terms just as selling it would.</p>
<h2>The distinction that matters</h2>
<p>Achology's teaching exists to be used. Teach what you have learned, coach with it, explain a framework to a colleague, and credit where it came from. The line sits between the knowledge, which is yours once you have learned it, and the copyrighted materials that carry it, which remain Achology's. If you have a genuine case for using materials beyond personal use, ask first at support@achology.com; written permission is the lawful route the Terms provide.</p>
<p><strong>Related questions</strong></p>
<ul><li><a href=""/help/privacy-and-legal/share-my-achology-account-login/"">Can I share my Achology account or login with someone else?</a></li><li><a href=""/help/privacy-and-legal/achology-course-piracy-copyright/"">I found Achology content on a torrent site. Is it legitimate?</a></li><li><a href=""/help/partnerships-and-press/using-achology-content-branding-materials/"">Can I use Achology content or branding in my own materials?</a></li></ul>"
396,is-achology-suitable-for-beginners,Is Achology suitable for beginners with no background in psychology?,is Achology suitable for beginners with no background in psychology,Achology suitable for beginners,Is Achology Suitable for Beginners?,"Is Achology suitable for beginners? Yes: no prerequisites, and complete beginners can start anywhere in the curriculum, whatever their background.","<p>So is Achology suitable for beginners with no background in psychology? Yes. Complete beginners can start anywhere in the curriculum: no prerequisites, no entrance exams, no requirement to prove existing knowledge. What success depends on is not prior study but the qualities that make learning possible, and those are not distributed by education.</p>
<h2>No prior knowledge required</h2>
<p>Whether you have never read a psychology book or hold an advanced degree, you enter on equal footing. The curriculum is built for self-directed adults and the beginner <a href=""/courses/"">courses</a> assume nothing.</p>
<p>That is deliberate rather than permissive. Achology's position is that understanding human behaviour and developing self-knowledge should not be reserved for people with formal academic training, which is the same argument behind <a href=""/help/getting-started/prior-qualifications-needed-achology/"">requiring no qualifications</a> and behind <a href=""/help/pricing-and-payments/achology-anti-gatekeeping-pricing/"">how the pricing works</a>.</p>
<h2>What actually decides whether you thrive</h2>
<p>The students who struggle usually do not lack knowledge. They resist being challenged.</p>
<p>Applied psychology asks you to look at your own patterns, question assumptions you have held for years, and sit with ideas that may not flatter you. Beginners who arrive wanting new perspectives do well. People seeking confirmation of what they already believe find the material harder, and a degree does not help with that at all.</p>
<p>So the more useful question than ""do I know enough"" is ""am I ready to be uncomfortable for a while"". <a href=""/help/achology-basics-and-identity/who-is-achology-designed-for/"">Who Achology is designed for</a> describes that character, and <a href=""/help/achology-basics-and-identity/who-is-achology-not-for/"">who it is not for</a> is the more honest read if you are unsure.</p>
<h2>The advantage beginners actually have</h2>
<p>Worth saying, because it is rarely believed by the person it applies to.</p>
<p>Somebody arriving without prior training has nothing to defend. They are not protecting a model they were taught, or a professional identity built on one school being right. In a curriculum that <a href=""/help/achology-basics-and-identity/achology-evidence-based-humanistic-psychology/"">deliberately teaches several traditions without ranking them</a>, that openness is worth more than a head start.</p>
<h2>Where beginners usually begin</h2>
<p>Several courses are built as entry points and assume zero prior knowledge, compared in <a href=""/help/getting-started/first-course-complete-beginner/"">which course to take first</a>. If you would rather feel your way in before choosing, <a href=""/help/getting-started/where-should-i-start-with-achology/"">where to start</a> compares the routes, and <a href=""/help/membership-and-access/there-free-achology-membership-include/"">the free tier</a> costs nothing.</p>
<p><strong>Related questions</strong></p>
<ul><li><a href=""/help/getting-started/first-course-complete-beginner/"">Which course should I take first as a complete beginner?</a></li><li><a href=""/help/getting-started/where-should-i-start-with-achology/"">Where should I start with Achology?</a></li><li><a href=""/help/getting-started/prior-qualifications-needed-achology/"">Do I need prior qualifications to study at Achology?</a></li></ul>
"
397,where-should-i-start-with-achology,Where should I start with Achology?,where should I start with Achology,where to start with Achology,Where to Start With Achology,"Where to start with Achology depends on your situation: free events to try it, a beginner course for a clear goal, or membership to explore.","<p>So where to start with Achology? The right starting point depends on your situation. If you are curious but unsure, attend a <a href=""/free-events/"">free public event</a> first. If you want to explore affordably, <a href=""/membership/"">Achology Membership</a> costs $7 for the first 30 days. If you have a clear learning goal, start with the course that addresses it directly; beginner courses run $97 to $149, and every course purchase includes three months of membership.</p>
<h2>If you are curious but unsure</h2>
<p>Free live events let you experience the community and its culture with no financial commitment: real members, real discussion, and an honest feel for how learning at Achology works. If the environment suits you, you will know.</p>
<h2>If you want to explore before choosing a course</h2>
<p>Membership at $7 for the first 30 days (then $34.50 a month until cancelled) opens the community, live events, and discussion spaces. It is the low-cost way to look around before committing to structured study. Whether to begin this way is weighed in <a href=""/help/getting-started/membership-first-or-course-first/"">Should I get membership first or buy a course first?</a></p>
<h2>If you have a specific goal</h2>
<p>Choose the course that addresses it. Entry-level courses ($97 to $149) each tackle one clear territory, and the practitioner and diploma courses ($199 to $299) suit professional development; the strongest beginner options are compared in <a href=""/help/getting-started/first-course-complete-beginner/"">Which course should I take first as a complete beginner?</a> The full catalogue is on the <a href=""/courses/"">Achology courses</a> page.</p>
<h2>If you are committed to the full curriculum</h2>
<p><a href=""/academy/schools/"">School bundles</a> ($987 to $1,337) collect one school's courses with a year of membership included, and the <a href=""/access-all-areas/"">Access All Areas</a> Pass ($2,995) opens all 28 courses with a year of membership, a 43% saving against buying everything separately. These suit learners who already know they want depth. If the range itself is the problem, start with <a href=""/help/getting-started/overwhelmed-by-achology-options/"">I'm overwhelmed by the options. How do I choose?</a></p>
<p><strong>Related questions</strong></p>
<ul><li><a href=""/help/getting-started/is-achology-suitable-for-beginners/"">Is Achology suitable for beginners with no background in psychology?</a></li><li><a href=""/help/getting-started/first-course-complete-beginner/"">Which course should I take first as a complete beginner?</a></li><li><a href=""/help/getting-started/membership-first-or-course-first/"">Should I get membership first or buy a course first?</a></li><li><a href=""/help/getting-started/overwhelmed-by-achology-options/"">I'm overwhelmed by the options. How do I choose?</a></li></ul>"
398,membership-first-or-course-first,Should I get membership first or buy a course first?,should I get membership first or buy a course first,membership first or course first,Membership First or Course First?,"Membership first or course first? Every course includes 3 months of membership, so a course purchase gives you both together.","<p>So should it be membership first or course first? If you have a learning goal in mind, buy the course. Every course purchase includes three months of complimentary <a href=""/membership/"">membership</a>, so you get the structured content and the community together. Join first only if you want to explore the community before committing to a subject.</p>
<h2>What a course purchase includes</h2>
<p>The content itself, meaning video lessons, <a href=""/help/learning-experience/download-achology-course-materials/"">downloadable written resources</a> and exercises, plus three months of membership: the community platform, <a href=""/help/events-and-mentorship/achology-live-events-types/"">live events</a>, and the discussion spaces where other people are studying the same material.</p>
<p>After the three months, <a href=""/help/membership-and-access/course-included-free-membership-happens-when/"">membership continues at the standard rate unless you cancel</a>. It is a separate subscription from the course, so cancelling it never touches your course access, which <a href=""/help/pricing-and-payments/achology-lifetime-access-explained/"">lasts as long as you want it</a>.</p>
<h2>When membership first makes sense</h2>
<p>If you genuinely do not know what you want to study yet, the introductory first month is the cheapest honest look inside: attend live events, watch how the community actually works, and choose a course from experience rather than from a sales page.</p>
<p><a href=""/help/membership-and-access/there-free-achology-membership-include/"">The free tier</a> is cheaper still and gives real access, so there is a version of this that costs nothing at all.</p>
<p>One thing membership does not do is unlock <a href=""/courses/"">courses</a>. Those are purchased separately whichever order you choose.</p>
<h2>Why the bundling exists at all</h2>
<p>It is worth knowing that the three months is not a promotional sweetener, because that changes how you use them.</p>
<p>Achology's position is that <a href=""/help/outcomes-and-expectations/course-completion-vs-competence/"">watching a course does not make you competent</a>, and that practice with other people is the half that does. Selling the course without the community would be selling the half that does not work on its own, which is <a href=""/help/membership-and-access/why-achology-includes-community-course-prices/"">why the two come together</a>.</p>
<p>So the three months are not a trial to evaluate. They are the window in which the course you just bought is meant to be practised, and members who spend them only watching have used half of what they paid for.</p>
<h2>Either order works</h2>
<p>A course leads with structure and brings the community with it. Membership leads with the community and lets the course choice follow. If you are stuck because the catalogue feels like too much, <a href=""/help/getting-started/overwhelmed-by-achology-options/"">start there instead</a>.</p>
<p><strong>Related questions</strong></p>
<ul><li><a href=""/help/getting-started/where-should-i-start-with-achology/"">Where should I start with Achology?</a></li><li><a href=""/help/getting-started/overwhelmed-by-achology-options/"">I'm overwhelmed by the options. How do I choose?</a></li></ul>
"
399,first-course-complete-beginner,Which course should I take first as a complete beginner?,which course should I take first as a complete beginner,best first course for beginners,The Best First Course for Beginners,"The best first course for beginners runs $97 to $299: the Masterclasses, A Beginner's Guide to NLP, The CBT Toolkit, or Mindset Mastery.","<p>So what is the best first course for beginners? One built as an entry point, and all of them assume zero prior psychology knowledge. For the broadest foundation, the <a href=""/academy/neuro-linguistic-programming/diploma-modern-applied-psychology/"">Diploma Course in Modern Applied Psychology (DiMAP)</a> introduces applied psychology across several traditions, Cognitive Behavioural Therapy (CBT) among them. For a focused start, the single-tradition courses open one field properly. For the smallest step, the Masterclasses tackle one topic each.</p>
<h2>Match the entry point to what you want</h2>
<p><strong>The broad foundation.</strong> DiMAP is designed as a first major course: it builds the framework that makes every later course easier to absorb, appears in <a href=""/help/curriculum-and-subjects/which-courses-included-each-school-bundle/"">all seven schools</a>, and is <a href=""/help/certificates-cpd-accreditation/senior-achologist-two-levels/"">required by Senior Achologist (Level One)</a> if you are heading toward <a href=""/accreditation/"">accreditation</a>. It suits somebody who wants the whole territory mapped before specialising.</p>
<p><strong>A focused introduction.</strong> <a href=""/academy/neuro-linguistic-programming/beginners-guide-nlp/"">A Beginner's Guide to Neuro-Linguistic Programming (NLP)</a>, <a href=""/academy/cognitive-behavioural-psychology/cbt-toolkit/"">The CBT Toolkit: Core Principles and Real-World Applications</a>, and <a href=""/academy/neuro-linguistic-programming/mindset-mastery-self-discovery/"">Mindset Mastery</a> each open one tradition. Choose whichever already interests you: interest carries beginners further than strategy does.</p>
<p><strong>A short, single-topic start.</strong> The Masterclasses tackle one practical challenge each, from communication to self-discipline, and are the lowest-commitment way to test how Achology teaches before a larger course. <a href=""/help/learning-experience/masterclasses-vs-practitioner-courses-differences/"">How they differ from practitioner courses</a> is worth two minutes.</p>
<h2>The mistake worth avoiding</h2>
<p>Choosing by which course sounds most impressive rather than by what you actually want to be able to do.</p>
<p>A beginner who picks the largest course because it seems most serious, with no particular question driving it, usually stalls in the third module. Somebody who picks a smaller course because it answers something they are genuinely stuck on tends to finish it and buy another. <a href=""/help/getting-started/overwhelmed-by-achology-options/"">Choosing when the options feel overwhelming</a> works that through.</p>
<h2>Whichever you choose</h2>
<p>Every purchase includes three months of <a href=""/membership/"">membership</a>, so your first course brings the community, <a href=""/help/events-and-mentorship/achology-live-events-types/"">live events</a> and peer practice with it. Use them: <a href=""/help/membership-and-access/why-achology-includes-community-course-prices/"">they are half of what you paid for</a>.</p>
<p>There is <a href=""/help/getting-started/achology-course-order-sequence/"">no required order</a> after your first course either, and the full catalogue is at <a href=""/courses/"">Achology courses</a>.</p>
<p><strong>Related questions</strong></p>
<ul><li><a href=""/help/getting-started/where-should-i-start-with-achology/"">Where should I start with Achology?</a></li><li><a href=""/help/getting-started/is-achology-suitable-for-beginners/"">Is Achology suitable for beginners with no background in psychology?</a></li><li><a href=""/help/getting-started/achology-course-order-sequence/"">Do I need to complete courses in a specific order?</a></li></ul>
"
400,overwhelmed-by-achology-options,I'm overwhelmed by the options. How do I choose?,i'm overwhelmed by the options. How do I choose,choosing an achology course,Choosing an Achology Course: Where to Start|Achology Help,Choosing an Achology course starts with one question: what challenge or goal matters most right now? Pick that course and ignore the rest.,"<p>Choosing an Achology course starts with one question rather than the full catalogue: what specific challenge or goal matters most to you right now? Choose the single course that addresses that one thing, start it, and ignore everything else until it is finished. Clarity about what you need next comes from doing, not from planning the whole path in advance.</p>
<h2>The one question, made concrete</h2>
<p>Stop reading the full list and answer this instead: what problem am I actually trying to solve, or what skill am I trying to build, today?</p>
<p>Useful answers are specific. ""I struggle in difficult conversations."" ""I keep repeating the same pattern and cannot see why."" ""I want to coach people properly rather than just listen well.""</p>
<p>A specific answer points at one course. A vague one, ""something interesting"", points at all of them, which is the overwhelm talking rather than a decision waiting to be made.</p>
<h2>Why the feeling is not a sign you are missing something</h2>
<p>Twenty eight <a href=""/courses/"">courses</a> across <a href=""/academy/schools/"">seven schools</a> is a lot to face at once, and the instinct is to map the whole thing before committing to any of it.</p>
<p>That instinct works for a syllabus and fails here, because the pathway is not sequential. <a href=""/help/getting-started/achology-course-order-sequence/"">Almost nothing has to be done in a particular order</a>, and <a href=""/help/getting-started/prior-qualifications-needed-achology/"">nothing requires prior qualifications</a>. There is no wrong first step to avoid, which means the planning that feels responsible is mostly delay.</p>
<h2>If no single answer surfaces</h2>
<p>Then do not buy a course yet.</p>
<p><a href=""/membership/"">Membership</a> at its introductory first-month rate lets you join the community, attend live events, and let a genuine interest surface from experience rather than from a list. <a href=""/help/membership-and-access/there-free-achology-membership-include/"">The free tier</a> costs nothing at all and gives the same first taste.</p>
<p>That is often the better route anyway: it is easier to know what you want to learn after watching people practise it.</p>
<h2>Your first choice is not permanent</h2>
<p>Nothing about a first course locks your path, <a href=""/help/pricing-and-payments/achology-lifetime-access-explained/"">access lasts as long as you want it</a>, and you can change direction whenever you like. <a href=""/help/getting-started/where-should-i-start-with-achology/"">Where to start</a> compares the routes, matched to different situations.</p>
<p><strong>Related questions</strong></p>
<ul><li><a href=""/help/getting-started/where-should-i-start-with-achology/"">Where should I start with Achology?</a></li><li><a href=""/help/getting-started/membership-first-or-course-first/"">Should I get membership first or buy a course first?</a></li></ul>
"
401,achology-course-order-sequence,Do I need to complete courses in a specific order?,do I need to complete courses in a specific order,achology course order,Is There a Set Achology Course Order?|Achology Help,"Is there a set Achology course order? No, except two advanced practitioner courses that require their foundation courses first.","<p>So is there a set Achology course order? No, for almost all of the curriculum. The courses are built for self-directed learning, so you take them in whatever order matches your needs. There are two exceptions, both advanced practitioner courses that assume their own foundation course came first.</p>
<h2>The two that do have an order</h2>
<ul>
<li>The <a href=""/academy/neuro-linguistic-programming/nlp-master-practitioner/"">Neuro-Linguistic Programming Master Practitioner Course</a> assumes you have completed <a href=""/academy/neuro-linguistic-programming/nlp-practitioner/"">Neuro-Linguistic Programming (NLP) Practitioner Training</a>.</li>
<li>The <a href=""/academy/life-coaching/skilled-helper-practitioner/"">Skilled Helper Practitioner Course</a> (Advanced to Expert) assumes <a href=""/academy/life-coaching/skilled-helper/"">The Skilled Helper Training Course</a> (with Prof. <a href=""/about/instructors/gerard-egan/"">Gerard Egan</a>) came first.</li>
</ul>
<p>Each extends skills its foundation builds. Starting either without the earlier course means meeting material that assumes understanding you have not built yet, and the ""Advanced to Expert"" in the second one's own name says as much.</p>
<h2>Everywhere else, you choose</h2>
<p>Some natural progressions exist. The <a href=""/academy/neuro-linguistic-programming/diploma-modern-applied-psychology/"">Diploma Course in Modern Applied Psychology (DiMAP)</a> gives a broad foundation that makes later courses easier to absorb, which is why it appears in all seven <a href=""/academy/schools/"">schools</a>, and the beginner course in each school opens its tradition before the practitioner courses deepen it.</p>
<p>These are recommendations rather than a fixed Achology course order. Nothing stops you starting where your interest is strongest, and interest sustains study far better than sequence does.</p>
<h2>Why so little is sequenced</h2>
<p>Because the curriculum is organised by subject rather than by level, and because <a href=""/help/achology-basics-and-identity/achology-teaching-philosophy/"">the teaching assumes capable adults</a> who can judge their own readiness and adjust.</p>
<p>If a course turns out to assume ground you have not covered, the foundational course is there and <a href=""/help/pricing-and-payments/achology-lifetime-access-explained/"">your access to both lasts as long as you want it</a>. Nothing is wasted by starting in what turns out to be the wrong place, which is exactly why an enforced sequence would cost more than it saved.</p>
<p>The one place order genuinely matters is not in the courses at all. <a href=""/help/certificates-cpd-accreditation/six-achology-cpd-statuses/"">The certification pathway</a> is strictly cumulative, because it tracks demonstrated practice rather than study, and practice cannot be taken out of order.</p>
<h2>Choosing your own path</h2>
<p>If you are picking a first course, <a href=""/help/getting-started/first-course-complete-beginner/"">the strongest entry points</a> are compared separately, and <a href=""/help/curriculum-and-subjects/achology-s-three-learning-paths/"">the three learning paths</a> group the catalogue by goal rather than subject. The full list is on the <a href=""/courses/"">courses page</a>.</p>
<p><strong>Related questions</strong></p>
<ul><li><a href=""/help/getting-started/first-course-complete-beginner/"">Which course should I take first as a complete beginner?</a></li><li><a href=""/help/getting-started/prior-qualifications-needed-achology/"">Do I need prior qualifications to study at Achology?</a></li><li><a href=""/help/getting-started/homework-assessment-achology-courses/"">Is there homework or assessment in Achology courses?</a></li></ul>
"
402,prior-qualifications-needed-achology,Do I need prior qualifications to study at Achology?,do I need prior qualifications to study at Achology,qualifications to study at achology,Do You Need Qualifications to Study at Achology?,"There are no qualifications to study at Achology. No psychology background is required, only reflective adults aged 18 and over.","<p>So do you need qualifications to study at Achology? No. There are no academic prerequisites, no psychology credentials required and no entrance requirements. The curriculum is designed for reflective, self-directed adults aged 18 and over, whatever their formal education. The only ordering requirements anywhere in the catalogue are <a href=""/help/getting-started/achology-course-order-sequence/"">two advanced practitioner courses</a> that build on their own foundation <a href=""/courses/"">courses</a>.</p>
<h2>What matters instead of credentials</h2>
<ul>
<li><strong>Reflectiveness</strong>: the willingness to examine your own thinking, behaviour and assumptions honestly rather than defensively.</li>
<li><strong>Maturity</strong>: the capacity to engage with challenging ideas, tolerate discomfort, and take responsibility for how you apply what you learn.</li>
<li><strong>Consistency</strong>: applied psychology is practice, and practice rewards showing up.</li>
</ul>
<p>None of those correlates neatly with degrees, which is exactly why degrees are not required. <a href=""/help/achology-basics-and-identity/who-is-achology-designed-for/"">Who Achology is designed for</a> describes the same character at more length.</p>
<h2>Why it works this way</h2>
<p>Achology's position is that psychological education should not be gatekept by academic institutions. Understanding human behaviour, developing self-knowledge and learning to help others are capacities adults can build directly, and <a href=""/help/comparisons-and-alternatives/how-psychology-became-institutionalised/"">how the subject came to be gatekept</a> sets out the argument in full.</p>
<p>The <a href=""/policies/trust-statement/"">Trust Statement</a> describes the learner the environment assumes: an autonomous adult ready to be challenged. That is a real expectation rather than flattery, and <a href=""/help/achology-basics-and-identity/adult-to-adult-learning-no-hand-holding/"">why nobody holds your hand through it</a> explains what follows from it.</p>
<h2>What no entry requirement does not mean</h2>
<p>It does not mean the standard is low, and it is worth separating the two, because they are routinely confused in this industry.</p>
<p>The gate is at the entrance in most education. Here it sits at the other end: <a href=""/help/certificates-cpd-accreditation/six-achology-cpd-statuses/"">progression past the first level</a> requires demonstrated practice, <a href=""/help/certificates-cpd-accreditation/who-verifies-achology-cpd-claims/"">independently verified</a>, which no amount of prior study shortens. Anyone may begin. Nobody is waved through.</p>
<h2>What your certificate is, regardless of your background</h2>
<p>Educational recognition within Achology's framework. Not a statutory qualification, and nothing about your prior education changes what it is, in either direction. <a href=""/help/certificates-cpd-accreditation/what-achology-certificate-proves/"">What a certificate proves</a> is the honest account.</p>
<p>If you are entirely new to psychology, start with <a href=""/help/getting-started/is-achology-suitable-for-beginners/"">whether this suits a complete beginner</a>.</p>
<p><strong>Related questions</strong></p>
<ul><li><a href=""/help/getting-started/is-achology-suitable-for-beginners/"">Is Achology suitable for beginners with no background in psychology?</a></li><li><a href=""/help/getting-started/achology-course-order-sequence/"">Do I need to complete courses in a specific order?</a></li><li><a href=""/help/curriculum-and-subjects/achology-courses-other-languages/"">Are Achology courses available in other languages?</a></li></ul>
"
403,homework-assessment-achology-courses,Is there homework or assessment in Achology courses?,is there homework or assessment in Achology courses,homework in achology courses,Is There Homework in Achology Courses?|Achology Help,"There is homework in Achology courses in a loose sense: reflective exercises and practice activities, but nothing graded or submitted.","<p>Is there homework in Achology courses, and will you be assessed? Not in the traditional sense. Achology <a href=""/courses/"">courses</a> use reflective exercises, practice activities and self-assessment prompts rather than graded homework, and nothing is submitted for marking. <a href=""/certification/"">Certificates</a> of completion are issued for finished courses, and the emphasis throughout is on practical integration rather than academic testing.</p>
<h2>What the exercises actually look like</h2>
<p>Most courses include guided reflection: identify three situations where you responded defensively and what triggered it; describe a relationship pattern that repeats and the part you play in maintaining it; practise a communication technique in five real conversations and note what happened.</p>
<p>These exist to move the learning into your own life. They serve you rather than a grader, which is also why nobody checks whether you did them, and why <a href=""/help/technical-help/find-achology-course-resources/"">the written materials</a> are the half of a course most often skipped and most worth doing.</p>
<h2>Why nothing is graded</h2>
<p>Because a grade would measure the wrong thing and quietly change what you do.</p>
<p>An assignment written to be marked is written for the marker. It gets tidied, and the parts where you actually struggled get left out, which are precisely the parts the exercise was for. An honest answer to ""describe a pattern you maintain"" is not something anybody performs well for a score.</p>
<p>It also follows from how Achology treats learners. The teaching <a href=""/help/achology-basics-and-identity/achology-teaching-philosophy/"">assumes capable adults</a> who are here because they want the thing itself, and <a href=""/help/achology-basics-and-identity/personal-responsibility-achology-learning/"">personal responsibility for your own learning</a> is the stated expectation rather than a slogan.</p>
<h2>Where you are actually assessed</h2>
<p>There is assessment here, and it is nowhere near the coursework. It happens in the live practice.</p>
<p>When you coach another member while a group observes, or take a coaching role in <a href=""/help/events-and-mentorship/coaching-hot-seat/"">a live session</a>, you receive structured feedback from senior members, and <a href=""/help/certificates-cpd-accreditation/who-verifies-achology-cpd-claims/"">every claim you make is independently verified</a> before it counts. That is a far harder test than an essay, and it is what separates <a href=""/help/outcomes-and-expectations/course-completion-vs-competence/"">completing a course from being competent</a>.</p>
<p>So the honest summary is that the courses are not assessed and the practitioner is. <a href=""/help/certificates-cpd-accreditation/difference-between-certificate-completion-certificate-achievement/"">The two certificates</a> record exactly that difference.</p>
"
404,navigate-achology-community-guide,How do I navigate the Achology community?,how do I navigate the Achology community,navigate the achology community,How to Navigate the Achology Community|Achology Help,"To navigate the Achology community, start with the sidebar of spaces, then use the calendar and member directory to find the rest.","<p>To navigate the Achology community, start with spaces: dedicated areas for discussion, events, course conversations and resources. Every space is listed in the navigation sidebar on the left, grouped by purpose. On <a href=""/help/technical-help/download-achology-community-app/"">the free apps</a> the menu icon opens the same navigation. Click any space to see what is happening in it.</p>
<h2>The sidebar is the map</h2>
<p>Spaces group by what they are for: getting started, general discussion, course-specific conversations, events and live learning, and resources.</p>
<p>The labels do the work, so there is nothing to memorise. Some spaces are open for posting and others are read-only resource areas, and each makes that clear when you enter it. <a href=""/help/events-and-mentorship/achology-discussion-spaces-groups-events/"">How spaces, groups and events differ</a> is the one distinction worth understanding early, because groups are joined rather than simply opened.</p>
<h2>The calendar and the directory</h2>
<p>The calendar lists the upcoming <a href=""/help/events-and-mentorship/achology-live-events-types/"">live events</a>, from training sessions to peer practice and mentorship groups, so it is the quickest answer to what is on this week.</p>
<p>The member directory lets you search for and reach other learners, which matters here more than it would elsewhere: <a href=""/help/events-and-mentorship/pals-earn-them/"">peer coaching has to be arranged between two members</a>, so finding people is part of how the pathway works rather than a social extra. <a href=""/help/community-and-conduct/find-achology-members-similar-interests/"">Finding members with similar interests</a> covers it, and the search bar reaches posts, topics and members across the whole community.</p>
<h2>A sensible first visit</h2>
<p>Start in the introduction and getting-started spaces and say hello. <a href=""/help/technical-help/set-up-achology-community-profile/"">Set up your profile</a> while you are there, since it is what members read before deciding whether to approach you.</p>
<p>Then open the calendar and pick one live event to attend, ideally this week. The culture makes far more sense experienced than read about, and <a href=""/help/community-and-conduct/achology-peer-learning-culture/"">what that culture is like</a> is the article to read afterwards rather than before.</p>
<p>Most people who drift away from a community like this one drift in the first fortnight, and almost always because they read for two weeks without going to anything.</p>
<p><strong>Related questions</strong></p>
<ul><li><a href=""/help/getting-started/homework-assessment-achology-courses/"">Is there homework or assessment in Achology courses?</a></li><li><a href=""/help/community-and-conduct/achology-peer-learning-culture/"">What is Achology's peer-learning culture like?</a></li><li><a href=""/help/community-and-conduct/find-achology-members-similar-interests/"">How do I find Achology members with similar interests?</a></li></ul>
"
405,achology-disagreement-open-discussion,How does Achology approach disagreement and open discussion?,how does Achology approach disagreement and open discussion,achology's approach to open discussion,Achology's Approach to Open Discussion|Achology Help,Achology's approach to open discussion favours exploring perspectives with curiosity over debating to win. Differing views are expected and welcomed.,"<p>Achology's approach to open discussion values reflective conversation over adversarial debate. The aim is to understand a different worldview and come away with a more nuanced one, not to prove a position right and the rest wrong. Differing views are expected and welcomed, and the <a href=""/policies/trust-statement/"">Trust Statement</a> sets the standard: engage critically rather than defensively, reflect before reacting.</p>
<h2>Why the community works this way</h2>
<p>Because of what is being taught. The ideas here are frameworks for understanding people, open to interpretation, and they land differently depending on somebody's experience, values and temperament.</p>
<p>Treating discussion as a contest closes down exactly the perspective-taking that applied psychology trains. Working out why somebody sees a thing differently teaches more than winning an exchange with them, and it is the same skill you will need in the chair opposite a client who does not see their situation the way you do.</p>
<p>It also follows from the curriculum's own shape. Achology <a href=""/help/achology-basics-and-identity/achology-evidence-based-humanistic-psychology/"">teaches several traditions without ranking them</a>, so a community that insisted on one right answer would be contradicting the syllabus.</p>
<h2>What that looks like in practice</h2>
<ul>
<li>Ask what an idea looks like from the other person's position before arguing with it.</li>
<li>Offer your own view as a perspective rather than a verdict.</li>
<li>Let a discussion end with two understood positions rather than one declared winner.</li>
</ul>
<p>Disagreeing is fine and often useful. The culture asks only that it is done to understand rather than to defeat, which is <a href=""/help/community-and-conduct/ask-questions-achology-community/"">why the way you ask a question decides most of what you get back</a>.</p>
<h2>Being challenged is the product, not a fault in it</h2>
<p>Course content may unsettle beliefs you hold, and members will sometimes say things you disagree with strongly. That is part of the education rather than a failure of it, and <a href=""/help/learning-experience/achology-content-offensive-emotionally-challenging/"">what to do when the material challenges you</a> takes it seriously.</p>
<p>The people who get least from this place are usually the ones who came for confirmation, which is the same point made in <a href=""/help/achology-basics-and-identity/who-is-achology-not-for/"">who Achology is not designed for</a>.</p>
<h2>Where the boundaries sit</h2>
<p>Open discussion runs inside the Community Code of Conduct and <a href=""/help/community-and-conduct/achology-community-rules-moderation/"">the moderation standards</a>. Respect is not optional; certainty is. If a discussion stops feeling safe rather than merely uncomfortable, <a href=""/help/community-and-conduct/achology-discussion-boundary-feels-unsafe/"">that has its own route</a>, and the distinction between the two is worth holding.</p>
<p><strong>Related questions</strong></p>
<ul><li><a href=""/help/community-and-conduct/achology-peer-learning-culture/"">What is Achology's peer-learning culture like?</a></li><li><a href=""/help/community-and-conduct/ask-questions-achology-community/"">How do I ask a question in Achology and get useful answers?</a></li></ul>
"
406,achology-peer-learning-culture,What is Achology's peer-learning culture like?,what is Achology's peer-learning culture like,achology peer learning culture,Achology Peer Learning Culture|Achology Help,"The Achology peer learning culture means learning psychology by practising it with others: honest feedback and shared responsibility, no passive audiences.","<p>The Achology peer learning culture runs on a simple idea: you learn psychology by practising it with other people rather than by studying alone. Members practise, discuss and refine skills together through live sessions, peer practice and mentorship groups. The culture expects maturity, honest feedback and shared responsibility, and everybody participates as both learner and contributor.</p>
<h2>What shapes the culture</h2>
<p><a href=""/help/community-and-conduct/achology-code-character-conduct-ccac/"">The Code of Character and Conduct</a> sets the tone: nine virtues <a href=""/help/community-and-conduct/achology-s-character-code-based-aristotle/"">drawn from Aristotle</a>, trained across the community rather than treated as an academic exercise.</p>
<p>Alongside it sits the Community Code of Conduct as the behavioural standard, and the <a href=""/policies/trust-statement/"">Trust Statement</a> describing the relationship the whole environment rests on: autonomous adults, engaging thoughtfully, <a href=""/help/achology-basics-and-identity/personal-responsibility-achology-learning/"">taking responsibility for themselves</a>.</p>
<h2>How the learning actually works</h2>
<p>Skills taught in the <a href=""/courses/"">courses</a> get rehearsed with real people in structured formats: <a href=""/help/events-and-mentorship/achology-live-events-types/"">live training</a>, <a href=""/help/events-and-mentorship/pals-earn-them/"">peer coaching</a>, and <a href=""/help/events-and-mentorship/mentoring-opportunities-achology-membership/"">mentorship groups</a>.</p>
<p>Honest feedback is normal rather than tiptoed around, because feedback is where development happens. Members span every level from newcomers to Master Achologists, which produces natural mentoring: people further along practise their craft by helping people earlier in it, and <a href=""/help/events-and-mentorship/pals-earn-them/"">their progression depends on doing so</a>.</p>
<h2>The thing that surprises new members</h2>
<p>How ordinary it is, and how little performance there is in it.</p>
<p>A community about psychology could easily become a place where people demonstrate insight at each other. This one mostly does not, because the formats keep putting members in positions where they are visibly not yet good: coaching somebody while a group watches, <a href=""/help/community-and-conduct/nine-ccac-virtues/"">examining a virtue they fall short on</a>, asking a question that reveals what they have not understood.</p>
<p>Being seen mid-learning is the normal state here rather than an embarrassment, and that is what makes <a href=""/help/community-and-conduct/ask-questions-achology-community/"">asking a genuinely specific question</a> possible.</p>
<h2>What it asks of you</h2>
<p>Participation rather than attendance. <a href=""/help/technical-help/create-posts-achology-community/"">Posting</a>, replying, turning up to sessions, and eventually offering something back. Members who only read tend to finish courses; members who take part tend to change how they practise.</p>
<p>Where disagreement arises, <a href=""/help/community-and-conduct/achology-disagreement-open-discussion/"">it is engaged rather than avoided</a>, and <a href=""/help/community-and-conduct/achology-discussion-boundary-feels-unsafe/"">there is a route</a> if something stops feeling safe rather than merely uncomfortable.</p>
<p><strong>Related questions</strong></p>
<ul><li><a href=""/help/community-and-conduct/achology-disagreement-open-discussion/"">How does Achology approach disagreement and open discussion?</a></li><li><a href=""/help/community-and-conduct/ask-questions-achology-community/"">How do I ask a question in Achology and get useful answers?</a></li><li><a href=""/help/learning-experience/achology-peer-learning-community-teaches/"">Why does Achology emphasise peer learning alongside expert teaching?</a></li></ul>
"
407,ask-questions-achology-community,How do I ask a question in Achology and get useful answers?,how do I ask a question in Achology and get useful answers,ask a question in achology,How to Ask a Question in Achology|Achology Help,"To ask a question in Achology and get a useful answer, be specific, show your thinking first, and post in the right space.","<p>To ask a question in Achology and get a useful answer back, the quality of what you receive tracks the quality of what you ask. Be specific, show your own thinking first, give enough context for people to place you, and post in the space where the right members will see it. Questions asked that way draw detailed responses. Vague ones draw silence.</p>
<h2>Be specific</h2>
<p>""Can anyone help me with Neuro-Linguistic Programming (NLP)?"" sits unanswered because nobody knows what help you need.</p>
<p>Compare: ""I am working through the rapport-building module in the <a href=""/academy/neuro-linguistic-programming/nlp-practitioner/"">NLP Practitioner course</a> and I am struggling with the difference between matching and mirroring in a professional conversation. How do other members apply the distinction in practice?""</p>
<p>The second tells the community what you are stuck on, where you are in the material, and what kind of answer would help. It is also three times as likely to get a reply from somebody who has hit the same wall.</p>
<h2>Show your thinking first</h2>
<p>A question that includes your current understanding, ""here is how I read it, and here is where it stops making sense"", invites members to engage with your reasoning rather than lecture from scratch.</p>
<p>It also signals you have done your part, which is <a href=""/help/community-and-conduct/achology-s-five-community-principles/"">the shared responsibility the community runs on</a>.</p>
<h2>Why vagueness is usually protection</h2>
<p>Worth naming, because it is rarely laziness.</p>
<p>A general question keeps the discussion on a topic rather than on your work, and nobody discovers what you have not grasped. That instinct is understandable and it costs you the answer, since a question that reveals nothing gives nobody anything to respond to.</p>
<p>Being seen mid-learning is <a href=""/help/community-and-conduct/achology-peer-learning-culture/"">the normal state here</a>, not an embarrassment. The members who get most from this place are the ones asking the questions they were slightly reluctant to type.</p>
<h2>Keep the conversation going</h2>
<p>Post in the relevant space so the right people see it, ask open questions rather than yes-or-no ones, and reply to the replies. A short exchange nearly always produces a better answer than a single response, and <a href=""/help/community-and-conduct/achology-disagreement-open-discussion/"">a disagreement handled well</a> produces the best answers of all.</p>
<p><a href=""/help/getting-started/navigate-achology-community-guide/"">Finding the right space</a> is covered separately, and if you are looking for people rather than a space, start with <a href=""/help/community-and-conduct/find-achology-members-similar-interests/"">finding members working on what you are working on</a>.</p>
<p><strong>Related questions</strong></p>
<ul><li><a href=""/help/community-and-conduct/achology-disagreement-open-discussion/"">How does Achology approach disagreement and open discussion?</a></li><li><a href=""/help/community-and-conduct/find-achology-members-similar-interests/"">How do I find Achology members with similar interests?</a></li></ul>
"
408,find-achology-members-similar-interests,How do I find Achology members with similar interests?,how do I find Achology members with similar interests,achology members with similar interests,Achology Members With Similar Interests|Achology Help,"To find Achology members with similar interests, search member profiles by interest or course, then reach out with a specific reason.","<p>To find Achology members with similar interests, browse and search member profiles, filtered by interest area or course, and use the discussion spaces, groups and live events to notice members whose thinking resonates with yours. <a href=""/help/technical-help/direct-message-achology-members/"">Direct messaging</a> is there for reaching out. What turns a message into a learning relationship is a specific reason for sending it.</p>
<h2>Where connections actually start</h2>
<p>The member directory lets you search for learners studying the same school or working through the same course.</p>
<p>Live events are usually better. You see how somebody thinks before you ever message them, and a conversation starting from a shared session has its context already built in. Somebody who asked a good question in <a href=""/help/events-and-mentorship/achology-case-study-discussion-groups/"">a case-study group</a> has told you more about whether you would work well together than any profile could.</p>
<p>Your own profile works the same way in reverse, which is why <a href=""/help/technical-help/set-up-achology-community-profile/"">completing it properly</a> is worth five minutes. You control what it shows, and profile information is visible to other members as <a href=""/policies/privacy-policy/"">the Privacy Notice</a> describes.</p>
<h2>Reaching out well</h2>
<p>Lead with the specific reason: the post of theirs that landed, the course you share, the practice partnership you are proposing. Generic introductions read as noise; specific ones read as invitations.</p>
<p>If somebody does not respond, or has <a href=""/help/technical-help/cant-send-receive-messages-achology-community/"">messaging switched off</a>, respect it and move on. And if you exchange contact details beyond the platform, <a href=""/help/privacy-and-legal/achology-responsible-community-member-advice/"">you are responsible for how you handle another member's information</a>.</p>
<h2>Why this matters more than it would elsewhere</h2>
<p>Because the pathway runs on it. <a href=""/help/events-and-mentorship/pals-earn-them/"">Peer coaching has to be arranged between two members</a>, and nobody progresses far without asking somebody they have not met for an hour of their time.</p>
<p>So finding people is not a social nicety here, it is infrastructure, and the first message you send to a stranger is the ordinary mechanism of the place working.</p>
<h2>The longer game</h2>
<p>Consistent engagement beats cold outreach. Members who contribute to discussions, attend events and give useful feedback find connections start coming to them instead.</p>
<p><a href=""/help/community-and-conduct/ask-questions-achology-community/"">Asking good questions in the open spaces</a> is the best advertisement for being worth knowing, and it costs nothing.</p>
<p><strong>Related questions</strong></p>
<ul><li><a href=""/help/community-and-conduct/ask-questions-achology-community/"">How do I ask a question in Achology and get useful answers?</a></li><li><a href=""/help/getting-started/navigate-achology-community-guide/"">How do I navigate the Achology community?</a></li></ul>
"
409,achology-community-rules-moderation,What are the Achology moderation rules and standards?,what are the Achology moderation rules and standards,achology community moderation rules,The Achology Community Moderation Rules|Achology Help,"The Achology community moderation rules centre on the Community Code of Conduct, backed by five shared principles and a virtues framework.","<p>The Achology community moderation rules centre on the Community Code of Conduct, named in the <a href=""/policies/terms-and-conditions/"">Terms and Conditions</a> as part of your agreement. The Terms also state that access can be withdrawn for breaching it, immediately where a breach is serious or repeated. Around that standard sit five shared principles and a virtues-based character framework.</p>
<h2>The enforceable standard</h2>
<p>The Community Code of Conduct is delivered as a short video course and sets what every member agrees to in the community's spaces.</p>
<p>Moderation upholds it: community managers act on breaches, and sustained failure puts <a href=""/membership/"">membership</a> at risk, which <a href=""/help/membership-and-access/can-achology-suspend-terminate-access/"">the suspension article</a> sets out in full. That is the hard edge, and it exists so the softer culture can work rather than instead of it.</p>
<h2>The five shared principles</h2>
<p><a href=""/help/community-and-conduct/achology-s-five-community-principles/"">Respect and inclusivity, active engagement, integrity and professionalism, ethical conduct, and shared responsibility.</a></p>
<p>The last matters most in practice. Maintaining the community's standards is treated as every member's job rather than only the moderators', which is why the culture holds at scale. A community policed only from above develops the habit of reporting; one where members address a souring thread themselves develops something better.</p>
<h2>The character framework behind it</h2>
<p><a href=""/help/community-and-conduct/nine-ccac-virtues/"">The Code of Character and Conduct</a> approaches conduct from the other direction: nine virtues, <a href=""/help/community-and-conduct/achology-s-character-code-based-aristotle/"">drawn from Aristotle</a>, taught as a practical framework rather than an academic one.</p>
<p>Rules police behaviour. Virtues develop the person. Achology runs both deliberately, because rules alone produce members who stay just inside them, and that is not the same as a community worth being in.</p>
<h2>What the rules are protecting</h2>
<p>Worth naming, because a conduct standard can read as bureaucratic until you see what depends on it.</p>
<p>Members bring genuine difficulties to <a href=""/help/events-and-mentorship/coaching-hot-seat/"">live coaching sessions</a>, practise badly in front of each other, and <a href=""/help/community-and-conduct/nine-ccac-virtues/"">examine their own character honestly in groups</a>. None of that survives in a space where conduct is unreliable, and the loss would be silent: people simply become careful.</p>
<p><a href=""/help/community-and-conduct/achology-peer-learning-culture/"">What the culture feels like day to day</a> describes the result, <a href=""/help/community-and-conduct/achology-disagreement-open-discussion/"">how disagreement is handled</a> covers the hardest case, and <a href=""/help/community-and-conduct/achology-discussion-boundary-feels-unsafe/"">what to do when something crosses a line</a> is the route.</p>
<p><strong>Related questions</strong></p>
<ul><li><a href=""/help/community-and-conduct/achology-peer-learning-culture/"">What is Achology's peer-learning culture like?</a></li><li><a href=""/help/community-and-conduct/achology-discussion-boundary-feels-unsafe/"">What should I do if an Achology discussion feels unsafe?</a></li></ul>
"
410,achology-discussion-boundary-feels-unsafe,What should I do if an Achology discussion feels unsafe?,what should I do if an Achology discussion feels unsafe,achology discussion feels unsafe,If an Achology Discussion Feels Unsafe|Achology Help,"If an Achology discussion feels unsafe, speak up, step away, or report it to the host or support@achology.com. You are never alone.","<p>If an Achology discussion feels unsafe, take your own judgement seriously and act: in a live event you can speak up, alert the host, or simply leave the session; in a discussion space you can report the post or contact a community manager; and for anything serious, contact Achology directly at support@achology.com or through the <a href=""/enquiries/"">contact form</a>. You are not expected to resolve a harmful situation alone, and sustained failure to uphold community standards puts a member's access at risk under the <a href=""/policies/terms-and-conditions/"">Terms and Conditions</a>.</p>
<h2>Recognising when a line has been crossed</h2>
<p>Applied psychology discussions sometimes touch difficult and personal territory, and most of the time that is where the richest learning happens. A boundary issue is different: unsolicited quasi-therapeutic advice, disclosure that pressures others to match it, disrespectful behaviour, or an atmosphere that has genuinely stopped feeling safe to learn in. If something feels wrong, treat that response as information rather than dismissing it.</p>
<h2>The three responses, matched to the moment</h2>
<p>In the moment, in a live session: name the discomfort if you are able (""I'd like to step back from this""), signal the host privately, or leave; leaving a session needs no justification. Afterwards, or in written spaces: report the post or message a community manager, who moderate against the Community Code of Conduct. For anything serious or unresolved: bring it to Achology at support@achology.com with what happened and where, so it can be handled properly.</p>
<h2>Where responsibility sits</h2>
<p>Achology moderates its spaces to uphold respect and integrity, and it also does not supervise peer interactions or verify members' competence, so your own boundaries and choices remain yours, as the <a href=""/policies/disclaimers/"">Disclaimers</a> set out. The two halves work together: the community holds the standard, and you hold your line. The wider boundary around peer guidance is covered in <a href=""/help/privacy-and-legal/achology-responsible-community-member-advice/"">Is Achology responsible for advice I get from other members?</a></p>
<p><strong>Related questions</strong></p>
<ul><li><a href=""/help/community-and-conduct/achology-community-rules-moderation/"">What are the Achology moderation rules and standards?</a></li><li><a href=""/help/privacy-and-legal/achology-responsible-community-member-advice/"">Is Achology responsible for advice I get from other members?</a></li></ul>"
411,seven-schools-achology-curriculum-explained,What are Achology's seven schools and how do they differ?,what are Achology's seven schools and how do they differ,seven schools at achology,"The Seven Schools at Achology, Explained|Achology Help","The seven schools at Achology are seven psychological traditions: what each teaches, how they differ, and how to choose where to focus.","<p>The seven schools at Achology are how its 28 <a href=""/courses/"">courses</a> are organised, each school collecting the courses of one psychological tradition, from beginner introductions to practitioner training. They differ in what they treat as the lever of change: thought patterns, language, awareness, the person's own growth tendency, goals, wellbeing, or everyday effectiveness. All seven are introduced on the <a href=""/academy/schools/"">Academy schools</a> page.</p>
<h2>The seven, and what each treats as the lever</h2>

<ul><li><strong><a href=""/academy/neuro-linguistic-programming/"">The School of Neuro-Linguistic Programming (NLP)</a></strong>: how language and subjective experience shape behaviour, and how changing the patterns changes the result.</li><li><strong><a href=""/academy/cognitive-behavioural-psychology/"">The School of Cognitive Behavioural Psychology (CBP)</a></strong>: the relationship between thoughts, feelings, and behaviour, and the structured restructuring of unhelpful patterns.</li><li><strong><a href=""/academy/life-coaching/"">The School of Life Coaching and Professional Helping</a></strong>: frameworks for helping others move from where they are to where they want to be, including the structured helping models used in professional practice.</li><li><strong><a href=""/academy/person-centred-counselling/"">The School of Person-Centred Counselling and Psychology</a></strong>: the tradition built on human autonomy and the person's own tendency toward growth, where the helper's stance matters as much as any technique.</li><li><strong><a href=""/academy/mindfulness/"">The School of Mindfulness, Applied Insight and Wisdom (MIW)</a></strong>: present-moment awareness, acceptance, and the applied use of attention.</li><li><strong><a href=""/academy/mental-health/"">The School of Mental Health, Wellness and Emotional Resilience</a></strong>: psychological wellbeing, resilience, and the understanding that supports both.</li><li><strong>The School of Personal Growth and Development (PGD)</strong>: practical effectiveness in living, from communication and confidence to discipline and purpose.</li></ul>
<h2>How the differences help you choose</h2>
<p>The schools are not levels; they are lenses, and none is a prerequisite for another. Choose by the question you most want answered: change how you think (CBP), change how you communicate and perceive (NLP), help others professionally (Life Coaching or Person-Centred), steady the mind (MIW), understand wellbeing (Mental Health), or sharpen everyday living (PGD). Many learners eventually study across several traditions, which is what the integrated curriculum is built for; the basic map of the schools is in <a href=""/help/curriculum-and-subjects/seven-schools-achology-curriculum-explained/"">What are the seven schools of Achology?</a></p>
<p><strong>Related questions</strong></p>
<ul><li><a href=""/help/curriculum-and-subjects/achology-courses-other-languages/"">Are Achology courses available in other languages?</a></li><li><a href=""/help/achology-basics-and-identity/what-is-achology/"">What is Achology?</a></li><li><a href=""/help/membership-and-access/achology-school-bundles-how-they-work/"">What are Achology school bundles and how do they work?</a></li></ul>"
413,does-achology-offer-partnerships-collaborations,Does Achology offer partnerships or collaborations?,does Achology offer partnerships or collaborations,achology partnerships and collaborations,Achology Partnerships and Collaborations|Achology Help,Achology partnerships and collaborations happen where values genuinely align. Bring a specific proposal through the enquiries page.,"<p>Achology partnerships and collaborations are open where there is genuine alignment in values, purpose and professional standards. Proposals should be specific, and should show how the partnership serves Achology's learners rather than only the proposer's commercial interests. Send one through the <a href=""/enquiries/"">contact form</a>, marked clearly as a partnership enquiry. Generic sales pitches and pay-to-play arrangements do not receive a response.</p>
<h2>What Achology looks for</h2>
<ul>
<li><strong>Alignment first</strong>: a partner whose work genuinely serves learning, wellbeing or capability, and whose standards would survive sitting next to Achology's own.</li>
<li><strong>Value to learners second</strong>: a proposal is assessed on what it gives the community, not on the partner's brand size or reach.</li>
<li><strong>Independence throughout</strong>: nothing on the platform is for sale to sponsors, and no arrangement is entered that compromises editorial or educational independence.</li>
</ul>
<h2>Why independence is the hard line</h2>
<p>It is the one that rules out most of what gets proposed, so it is worth explaining rather than stating.</p>
<p>Members bring real difficulties into <a href=""/help/events-and-mentorship/coaching-hot-seat/"">live coaching sessions</a> and personal material into <a href=""/help/community-and-conduct/nine-ccac-virtues/"">character work</a>. A community that had been quietly sold access to them would be a different place, whatever the partner's quality, which is the same reasoning behind <a href=""/help/privacy-and-legal/does-achology-sell-personal-data/"">not selling member data</a> and behind <a href=""/help/privacy-and-legal/guest-speakers-policy/"">not inviting outside speakers to teach</a>.</p>
<p>It also protects the reader of everything else on this site. Recommendations that could have been bought are worth nothing, which is why <a href=""/help/achology-basics-and-identity/no-credential-inflation-achology/"">the positions taken here</a> are ones Achology can afford to hold.</p>
<h2>What a strong proposal looks like</h2>
<p>Come with something shaped: who you are, what exactly you propose, what it asks of Achology, and what it gives Achology's learners.</p>
<p>""Let's collaborate"" with no detail is not a proposal and will not get a reply. A concrete idea with the thinking already done will be read properly and answered honestly, including when the answer is no.</p>
<h2>Related routes</h2>
<p>Teaching and content contribution have <a href=""/help/partnerships-and-press/become-instructor-contribute-content-achology/"">their own path</a>. Earning by recommending <a href=""/courses/"">courses</a> is <a href=""/help/partnerships-and-press/become-an-achology-affiliate/"">the affiliate programme</a>. Press and interviews belong with <a href=""/help/partnerships-and-press/achology-media-press-interview-requests/"">media enquiries</a>.</p>
<p><strong>Related questions</strong></p>
<ul><li><a href=""/help/partnerships-and-press/become-instructor-contribute-content-achology/"">Can I become an instructor or contribute content to Achology?</a></li><li><a href=""/help/partnerships-and-press/achology-media-press-interview-requests/"">How do I request a media opportunity with Achology?</a></li><li><a href=""/help/partnerships-and-press/become-an-achology-affiliate/"">Does Achology have an affiliate or referral programme?</a></li></ul>
"
414,become-instructor-contribute-content-achology,Can I become an instructor or contribute content to Achology?,can I become an instructor or contribute content to Achology,become an achology instructor,How to Become an Achology Instructor|Achology Help,"To become an Achology instructor, members grow into teaching from within the community; external proposals need proven expertise.","<p>To become an Achology instructor or contributor, there are two paths and they are very different. Members grow into teaching from within the community, hosting sessions as they progress and submitting articles at any stage. External professionals proposing to teach need demonstrated expertise, genuine alignment with the educational philosophy, and content that clears editorial review.</p>
<h2>The member path</h2>
<p>Teaching is treated as part of learning rather than as a reward for finishing it.</p>
<p>Members are encouraged to host and co-host events as they develop, and <a href=""/help/events-and-mentorship/earn-cpd-credit-hosting-session-only/"">hosting earns credit</a> within the pathway. <a href=""/help/events-and-mentorship/achology-members-host-workshops-events/"">How members come to host</a> sets out the route: reach Achologist level, complete the host training, and you can run five event types without further approval.</p>
<p>Written contribution starts earlier still. Any member can submit an article for the community blog under the <a href=""/policies/terms-and-conditions/"">Terms and Conditions</a>, which set the originality requirement and give Achology editorial discretion. Submissions must be your own work.</p>
<h2>Why teaching sits inside the pathway rather than above it</h2>
<p>Because preparing to teach something finds the gaps in your own understanding faster than anything else, which is exactly why <a href=""/help/events-and-mentorship/achologist-led-tutorials-alts/"">the tutorial format exists</a>.</p>
<p>So hosting is not a status granted once you have finished learning. It is one of the ways the learning happens, and <a href=""/help/certificates-cpd-accreditation/senior-achologist-two-levels/"">the senior levels require it</a> for that reason rather than as a service to the community.</p>
<h2>The external path</h2>
<p>External proposals carry a higher bar, because Achology validates everything taught under its name: proven expertise, values alignment, and material meeting the editorial standard for accuracy and tone.</p>
<p>Note the boundary this sits inside. <a href=""/help/privacy-and-legal/guest-speakers-policy/"">Outside speakers are not hosted inside the member community</a>, deliberately, so an external proposal is a proposal to build something with Achology properly rather than to drop into its spaces for an evening.</p>
<h2>Where to start</h2>
<p>Members: start hosting and writing. The path is already open and nobody needs to invite you onto it.</p>
<p>External professionals: send a specific proposal through <a href=""/enquiries/"">the enquiries page</a>, marked as a partnership enquiry, saying who you are, what you propose, and what it gives Achology's learners. <a href=""/help/partnerships-and-press/does-achology-offer-partnerships-collaborations/"">What makes a strong proposal</a> applies here too.</p>
<p><strong>Related questions</strong></p>
<ul><li><a href=""/help/partnerships-and-press/does-achology-offer-partnerships-collaborations/"">Does Achology offer partnerships or collaborations?</a></li><li><a href=""/help/privacy-and-legal/guest-speakers-policy/"">Does Achology invite guest speakers?</a></li></ul>
"
415,become-an-achology-affiliate,Does Achology have an affiliate or referral programme?,does Achology have an affiliate or referral programme,join the achology affiliate programme,How to Join the Achology Affiliate Programme|Achology Help,You can join the Achology affiliate programme and earn commission recommending courses through a trackable link. Apply via an enquiry.,"<p>You can join the Achology affiliate programme and earn commission on qualifying sales made through a unique trackable link. Terms are negotiated individually and scale with the volume you generate. To apply, send an enquiry through the <a href=""/enquiries/"">contact form</a> saying who your audience is.</p>
<h2>How it works</h2>
<p>You recommend <a href=""/courses/"">courses</a> to your audience, purchases made through your link are attributed to you, and you earn commission on the qualifying sales. The programme covers the full catalogue: individual courses, <a href=""/academy/schools/"">school bundles</a> and the <a href=""/help/membership-and-access/achology-access-all-areas-pass/"">Access All Areas Pass</a>.</p>
<p>Because the commercial terms are negotiated rather than fixed, the arrangement improves as the value you bring grows.</p>
<h2>Who it suits</h2>
<p>Bloggers, podcasters, coaches, content creators and anyone with an audience that would genuinely benefit from applied psychology training. It suits people who were already recommending this kind of material and would rather be paid for it than not.</p>
<p>It suits you less well if your audience is broad and untargeted, because the products are not impulse purchases and a link in front of the wrong people converts at nothing.</p>
<h2>What promoting Achology will and will not let you say</h2>
<p>This is the part worth reading before applying, because it is where most affiliate arrangements in this industry differ from this one.</p>
<p>Achology does not make income claims, does not present student outcomes as typical, and <a href=""/help/pricing-and-payments/achology-no-transformation-promises/"">does not promise transformation</a>. Those constraints travel with the promotion. An affiliate cannot honestly market what the provider itself refuses to claim, so the countdown timers, the ""change your life"" framing and the earnings screenshots that are standard in this space are all off the table, as are <a href=""/help/achology-basics-and-identity/manipulative-pricing-tactics-achology-avoids/"">the pricing tactics Achology deliberately avoids</a>.</p>
<p>What you are left with is the honest pitch, which is a real curriculum, a community that practises, and <a href=""/help/certificates-cpd-accreditation/is-achology-accredited-somap/"">an independently verified pathway</a>. For the right audience that converts perfectly well, and it is the only pitch that will be supported.</p>
<p><a href=""/help/partnerships-and-press/using-achology-content-branding-materials/"">What you may use of Achology's materials and branding</a> covers the practical limits, and broader business arrangements belong with <a href=""/help/partnerships-and-press/does-achology-offer-partnerships-collaborations/"">partnerships and collaborations</a>.</p>
"
416,achology-media-press-interview-requests,How do I request a media opportunity with Achology?,how do I request a media opportunity with Achology,achology media and press,Achology Media and Press Requests|Achology Help,"Send Achology media and press requests through the enquiries page with your outlet, audience, specific angle, and timeline.","<p>Achology media and press requests go through the <a href=""/enquiries/"">contact form</a>, marked clearly as a media enquiry. That route covers coverage proposals, interview requests with <a href=""/about/instructors/kain-ramsay/"">Kain Ramsay</a> or the Achology team, press releases and public relations collaboration. Come with a defined angle, because vague partnership pitches do not receive a response.</p>
<h2>What to include</h2>
<ul>
<li>Who you are, and the outlet or platform you represent.</li>
<li>Who your audience is, and its size where that is relevant.</li>
<li>The specific request: an interview, a comment, a feature or a collaboration, with the angle stated.</li>
<li>Your deadline. Achology is <a href=""/help/achology-basics-and-identity/where-is-achology-based/"">based in Scotland</a>, so factor UK time into scheduling.</li>
</ul>
<h2>What tends to get covered</h2>
<p>Enquiries arrive from journalists, podcasters, bloggers and documentary makers working on psychology, education, personal development, coaching and online learning. Specific, well-framed requests in those territories are read and answered. Requests that are sales pitches in press clothing are not.</p>
<p>The subjects Achology can speak to with something actually to say are the ones it has taken public positions on: <a href=""/help/comparisons-and-alternatives/how-psychology-became-institutionalised/"">how psychological knowledge became gatekept</a>, <a href=""/help/achology-basics-and-identity/why-achology-criticizes-psychology-teaching/"">why the standard way of teaching psychology leaves a gap</a>, <a href=""/help/achology-basics-and-identity/no-credential-inflation-achology/"">why credentials in this field are routinely inflated</a>, and <a href=""/help/achology-basics-and-identity/manipulative-pricing-tactics-achology-avoids/"">the pricing tactics common to online education</a>.</p>
<p>Those are not press-release topics. They are arguments Achology is willing to defend, which is usually what makes an interview worth running.</p>
<h2>What will not be offered</h2>
<p>No income claims, no student success stories presented as typical, and no promises about outcomes, because <a href=""/help/pricing-and-payments/achology-no-transformation-promises/"">Achology does not make those claims to its own students either</a>. A piece built on that framing will not find a contributor here.</p>
<h2>The neighbouring routes</h2>
<p>Business collaborations belong with <a href=""/help/partnerships-and-press/does-achology-offer-partnerships-collaborations/"">partnerships and collaborations</a> rather than the media route. If your coverage would reproduce Achology's materials or branding, <a href=""/help/partnerships-and-press/using-achology-content-branding-materials/"">what you may use in your own materials</a> is worth reading first.</p>
<p><strong>Related questions</strong></p>
<ul><li><a href=""/help/partnerships-and-press/does-achology-offer-partnerships-collaborations/"">Does Achology offer partnerships or collaborations?</a></li><li><a href=""/help/partnerships-and-press/using-achology-content-branding-materials/"">Can I use Achology content or branding in my own materials?</a></li></ul>
"
417,using-achology-content-branding-materials,Can I use Achology content or branding in my own materials?,can I use Achology content or branding in my own materials,achology content or branding,Using Achology Content or Branding|Achology Help,"Using Achology content or branding: share what you learned freely, but reproducing materials or using the logo needs written permission.","<p>Using Achology content or branding in your own materials: share what you have learned in your own words as freely as you like; the knowledge is yours once you have learned it. The materials and the brand are different: all Achology content is copyrighted, and under the <a href=""/policies/terms-and-conditions/"">Terms and Conditions</a> course materials may not be reproduced or distributed without prior written permission, while using Achology's logo, branding, or trademarks in your own materials also requires written permission first. When in doubt, ask before using anything, through the <a href=""/enquiries/"">contact form</a>.</p>
<h2>What you can do freely</h2>
<p>Teach the concepts in your own words, reference the frameworks in your coaching or professional practice, credit Achology as where you trained, and write about what you learned in your own voice. Members building practices do all of this every day, and it is exactly what the education is for.</p>
<h2>What needs permission first</h2>
<p>Reproducing course materials in your own products or client resources; using extracts of videos, handbooks, or worksheets in anything you distribute; and placing Achology's logo or branding on your website, materials, or marketing. The Terms' content clause covers the materials, commercial or not, and the branding position protects both sides: your clients should never mistake your independent practice for Achology itself, a boundary the <a href=""/policies/disclaimers/"">Disclaimers</a> also draw around services provided by people who trained here.</p>
<h2>The practical route</h2>
<p>If you have a genuine case, whether a workshop pack, a client handout, or a co-branded piece, email the specifics to support@achology.com or use the contact form; written permission is the lawful route the Terms provide, and specific requests get real answers. Affiliates and blog contributors already operate under their own usage agreements, and the full sharing rules sit in <a href=""/help/privacy-and-legal/achology-copyright-sharing-course-content/"">Can I share or redistribute Achology course content?</a></p>
<p><strong>Related questions</strong></p>
<ul><li><a href=""/help/partnerships-and-press/become-an-achology-affiliate/"">Does Achology have an affiliate or referral programme?</a></li><li><a href=""/help/partnerships-and-press/achology-media-press-interview-requests/"">How do I request a media opportunity with Achology?</a></li><li><a href=""/help/privacy-and-legal/achology-copyright-sharing-course-content/"">Can I share or redistribute Achology course content?</a></li></ul>"
10009,six-achology-cpd-statuses,What are the six Achology CPD member levels?,what are the six Achology CPD member levels,achology cpd member levels,"The Six Achology CPD Member Levels, In Order|Achology Help",The six Achology CPD member levels run from Achology Member to Master Achologist. Here is the full ladder and how you move up.,"<p>The six Achology CPD member levels are, in order: Achology Member, Achologist, Achologist Adept, Senior Achologist (Level One), Senior Achologist (Level Two), and Master Achologist. CPD means continuing professional development, the record of practice and learning you build over time. Six levels means five steps up, and every one of them is earned through practice that somebody else has checked, not through time served, fees paid, or a course finished and filed away.</p>
<h2>What each level means</h2>
<ul><li><strong>Achology Member</strong>: the starting point, where learning stops being something you watch and becomes something you take part in.</li><li><strong>Achologist</strong>: foundational competence in practice, ethics, and self-awareness. This is the first verified level.</li><li><strong>Achologist Adept</strong>: the turning point. You begin coaching others and hosting sessions, rather than only receiving them.</li><li><strong>Senior Achologist (Levels One and Two)</strong>: theory, practice, and leadership brought together, and the stage at which you start coaching people from outside the community.</li><li><strong>Master Achologist</strong>: the highest level, reached through mastery, mentorship, and contribution to other members' development.</li></ul>
<h2>What the first year actually looks like</h2>
<p>The pathway can read as a wall of requirements, so it helps to see the first step on its own. To move from Member to <a href=""/help/certificates-cpd-accreditation/progress-member-achologist/"">Achologist</a>, you complete one Practitioner <a href=""/certification/"">Certification</a> course, attend six <a href=""/help/events-and-mentorship/valts-achology/"">Virtual Achologist Led Training Sessions (VALTS) </a>, the community's live group training, across at least two different types, and receive six <a href=""/help/events-and-mentorship/pals-earn-them/"">Peer-to-Peer Applied Learning Sessions (PALS) </a>, one-to-one coaching delivered to you by another member. Notice that nothing on that first list asks you to coach anyone. That is deliberate: before you sit opposite someone who has brought you a real problem, the design wants you to have been that person six times over.</p>
<p>From <a href=""/help/certificates-cpd-accreditation/achologist-adept/"">Achologist Adept</a> onward the direction reverses and you start delivering: coaching other members, co-hosting, then hosting your own sessions. At <a href=""/help/certificates-cpd-accreditation/senior-achologist-two-levels/"">Senior Achologist (Level One)</a>, a third kind of activity begins, <a href=""/help/events-and-mentorship/cips-when-need-them/"">Competency Improvement Practice Sessions (CIPS) </a>, complimentary coaching offered to people outside Achology, which is the closest the pathway comes to real professional practice.</p>
<h2>How you move between levels</h2>
<p>Each level has a cumulative checklist, meaning everything earned at earlier levels carries forward. It draws on Practitioner Certification <a href=""/courses/"">courses</a>, VALTS attended, PALS delivered and received, and, from Senior Achologist (Level One), CIPS, alongside annual <a href=""/about/code-of-ethics/"">Code of Ethics</a> training and Code of Character and Conduct compliance. Every claim is <a href=""/help/certificates-cpd-accreditation/who-verifies-achology-cpd-claims/"">checked by the Society of Modern Applied Psychology (SoMAP)</a>, an independent body, before it counts.</p>
<h2>Why the levels matter, and one to know early</h2>
<p>A verified level is not a badge for its own sake. It is what lets someone outside Achology, a prospective client, an employer, another member choosing a mentor, rely on your standing without having to take your word for it. That is the whole reason the checks exist. It is also why Master Achologist is <a href=""/help/certificates-cpd-accreditation/have-each-year-keep-master-achologist/"">the one level that is not permanent</a>: it has to be renewed each year, so that the highest standing in the community always describes someone still doing the work, not someone who once did.</p>
<p>If the full pathway looks daunting from where you are standing, nobody meets all six Achology CPD member levels at once. Most members are working on one level at a time, and the first step asks considerably less than the whole list suggests.</p>"
10010,achologist-adept,What does it mean to be an Achologist Adept?,what does it mean to be an Achologist Adept,become an achologist adept,What It Takes to Become an Achologist Adept|Achology Help,"To become an Achologist Adept is the third member level on Achology's CPD pathway, where you start coaching and hosting.","<p>To become an Achologist Adept means reaching <a href=""/help/certificates-cpd-accreditation/six-achology-cpd-statuses/"">the third member level</a>, one step above Achologist, and it is where the direction of everything reverses. Until now you have been receiving: coached by others, taught by others, sitting in sessions someone else runs. At Adept, you start delivering.</p>
<h2>What you need to reach it</h2>
<p>These totals are cumulative, including everything already earned:</p>
<ul><li>2 Practitioner <a href=""/certification/"">Certification</a> <a href=""/courses/"">courses</a> in total.</li><li>12 <a href=""/help/events-and-mentorship/valts-achology/"">Virtual Achologist Led Training Sessions (VALTS) </a> in total: attend 8, and co-host or host 4, across at least 2 session types.</li><li>12 <a href=""/help/events-and-mentorship/pals-earn-them/"">Peer-to-Peer Applied Learning Sessions (PALS) </a> received as a client.</li><li>6 PALS delivered as a coach.</li><li>The live <a href=""/help/certificates-cpd-accreditation/have-retake-code-ethics-training-every/"">Code of Ethics training</a> completed within the past 12 months. This annual requirement starts here.</li><li>All 10 <a href=""/help/community-and-conduct/achology-code-character-conduct-ccac/"">Code of Character and Conduct</a> sessions completed, then 8 of the 10 kept current.</li></ul>
<h2>What actually changes</h2>
<p>Three things begin at Adept that were not asked of you before.</p>
<p>You coach another member for the first time, as the practitioner rather than the client. You move from co-hosting into hosting your own sessions. And the annual ethics training becomes a permanent fixture at every level above this one.</p>
<p>That yearly return to <a href=""/about/code-of-ethics/"">the Code of Ethics</a> is not box-ticking. It is what lets you tell a client, honestly, that you have thought about ethical practice recently, rather than once, years ago, before you had ever sat with a real person.</p>
<h2>On the first coaching session</h2>
<p>Most people find the first one the hard part, and that is entirely normal.</p>
<p>Worth remembering: by the time you reach Adept you will have received twelve coaching sessions yourself. You have seen it done twelve times, from the seat of the person it was done for.</p>
<p>That is the design, not a coincidence. It is also why the character strand matters more from here: holding <a href=""/help/community-and-conduct/many-ccac-sessions-need-complete-often/"">8 of your 10 Code of Character and Conduct sessions current</a> is what keeps your standing, so <a href=""/help/certificates-cpd-accreditation/progress-member-achologist/"">the step up from Achologist</a> is as much about staying engaged as ticking activities off.</p>"
10011,senior-achologist-two-levels,"What is a Senior Achologist, and what are the two levels?","what is a Senior Achologist, and what are the two levels",the two senior achologist levels,"The Two Senior Achologist Levels, Explained|Achology Help","The two Senior Achologist levels are the advanced stage of Achology's CPD pathway: Senior Achologist I and II, and what each requires.","<p>The two Senior Achologist levels sit in the advanced stage of Achology's pathway, past <a href=""/help/certificates-cpd-accreditation/achologist-adept/"">Achologist Adept</a>. The difference between them is roughly the difference between practising well and being able to develop other people.</p>
<h2>Senior Achologist (Level One)</h2>
<p>This is where coaching people outside Achology begins. These totals are cumulative, including everything already earned:</p>
<ul>
<li>3 Practitioner <a href=""/certification/"">Certification</a> <a href=""/courses/"">courses</a> (total), including <a href=""/academy/neuro-linguistic-programming/diploma-modern-applied-psychology/"">Diploma Course in Modern Applied Psychology</a> (DiMAP).</li>
<li>1 course from <a href=""/academy/personal-growth/"">the School of Personal Growth and Development</a>.</li>
<li>24 <a href=""/help/events-and-mentorship/valts-achology/"">Virtual Achologist Led Training Sessions (VALTS)</a>, with all 6 session types covered.</li>
<li>18 <a href=""/help/events-and-mentorship/pals-earn-them/"">Peer-to-Peer Applied Learning Sessions (PALS)</a> received as a client.</li>
<li>12 PALS delivered as a coach, at least one of them a Live Coaching Practice session, in front of observers who give feedback.</li>
<li>10 <a href=""/help/events-and-mentorship/cips-when-need-them/"">Competency Improvement Practice Sessions (CIPS)</a>.</li>
<li><a href=""/about/code-of-ethics/"">Code of Ethics</a> training and Code of Character and Conduct compliance current.</li>
</ul>
<p>The real change here is the CIPS: complimentary coaching offered to people outside the community. Coaching a fellow member is one thing; they understand the learning context and forgive the rough edges.</p>
<p>Coaching someone from outside, who simply wants help, is another thing entirely. It is the step from practising in a safe room to doing the actual work, which is why it waits until this level.</p>
<p>The Live Coaching Practice requirement is the quieter marker of the same shift. Public practice starts at Senior Achologist (Level One), and becomes the theme of Senior Achologist (Level Two).</p>
<h2>Senior Achologist (Level Two)</h2>
<p>This level is about advanced facilitation and coaching in public. The numbers grow, but the meaningful shift is in the kind of coaching required:</p>
<ul>
<li>36 VALTS in total.</li>
<li>24 PALS received as a client.</li>
<li>24 PALS delivered as a coach, 8 of them from the harder formats.</li>
<li>24 CIPS.</li>
</ul>
<p>Those harder formats are coaching while a group observes, coaching in a live <a href=""/help/events-and-mentorship/coaching-hot-seat/"">HOT Seat</a>, or hosting a tutorial. They are the formats that put your practice in front of feedback, which is how it sharpens.</p>
<p>Both levels are cumulative, so nothing resets. Above Senior Achologist (Level Two) sits <a href=""/help/certificates-cpd-accreditation/have-each-year-keep-master-achologist/"">Master Achologist</a>, and every claim along the way is <a href=""/help/certificates-cpd-accreditation/who-verifies-achology-cpd-claims/"">verified by the Society of Modern Applied Psychology (SoMAP)</a> before it counts.</p>
"
10012,progress-member-achologist,How can I advance from Achology Member to Achologist?,how can I advance from Achology Member to Achologist,achology member to achologist,How to Advance From Achology Member to Achologist,"Advancing from Achology Member to Achologist means one Practitioner Certification course plus set amounts of practice, verified by SoMAP.","<p>Advancing from Achology Member to Achologist takes three things: complete one Practitioner <a href=""/certification/"">Certification</a> course, attend six live group training sessions, and receive six one-to-one coaching sessions as a client. Once <a href=""/help/certificates-cpd-accreditation/who-verifies-achology-cpd-claims/"">the Society of Modern Applied Psychology (SoMAP)</a> has checked each one, you are an Achologist, <a href=""/help/certificates-cpd-accreditation/six-achology-cpd-statuses/"">the second of the six member levels</a>.</p>
<h2>The first step in full</h2>
<ul><li>1 Practitioner Certification course completed.</li><li>6 <a href=""/help/events-and-mentorship/valts-achology/"">Virtual Achologist Led Training Sessions (VALTS) </a> attended, across at least 2 session types.</li><li>6 <a href=""/help/events-and-mentorship/pals-earn-them/"">Peer-to-Peer Applied Learning Sessions (PALS) </a> received as a client: one-to-one coaching delivered to you by another member.</li></ul>
<h2>How long it tends to take</h2>
<p>There is no fixed clock on this. The <a href=""/courses/"">courses</a> are self-paced, and the six sessions and six coaching slots happen at the rhythm of the live calendar, so most people measure this step in months rather than weeks, fitted around the rest of life.</p>
<p>A realistic first month is less about racing the checklist and more about finding your feet: working through a course, sitting in on a few sessions, and receiving your first coaching as a client.</p>
<p>The annual <a href=""/about/code-of-ethics/"">Code of Ethics</a> training is not required for this step; it <a href=""/help/certificates-cpd-accreditation/achologist-adept/"">begins at Achologist Adept</a>. You will need all ten <a href=""/help/community-and-conduct/achology-code-character-conduct-ccac/"">Code of Character and Conduct</a> sessions before progressing past Achologist, so many members quietly work through those during this stage rather than facing them all later.</p>
<h2>Why you receive before you deliver</h2>
<p>Notice that nothing on this list asks you to coach anyone. That is deliberate, and it may be the most considered decision in the whole pathway.</p>
<p>Before you sit opposite someone who has brought you a real problem, the design wants you to have been that person six times over: to know what it feels like when a coach rushes you, or fills a silence you needed. You learn that from the other chair, not from a module.</p>
<p>If you are not yet a member, the <a href=""/help/membership-and-access/there-free-achology-membership-include/"">free membership tier</a> lets you apply for coaching and attend <a href=""/free-events/"">free events</a>, which is where most people start.</p>"
10013,have-each-year-keep-master-achologist,What are my requirements to maintain Master Achologist status?,what are my requirements to maintain Master Achologist status,maintain master achologist status,How to Maintain Master Achologist Status|Achology Help,"To maintain Master Achologist status, you renew it yearly: hosting, coaching, CIPS, and compliance requirements set out here.","<p>To maintain Master Achologist status each year, you complete a set of annual requirements; the title is not kept by having earned it once. Every calendar year, from 1 January of your first full year after qualifying, you complete a set of annual requirements. Miss them and the status lapses until you restore it.</p>
<h2>What each year asks</h2>
<ul><li>10 <a href=""/help/events-and-mentorship/valts-achology/"">Virtual Achologist Led Training Sessions (VALTS)</a> hosted: two each of the five host-eligible types.</li><li>8 <a href=""/help/events-and-mentorship/pals-earn-them/"">Peer-to-Peer Applied Learning Sessions (PALS)</a> delivered as a coach, spread across the coaching and tutorial formats.</li><li>6 PALS received as a client.</li><li>At least 8 <a href=""/help/events-and-mentorship/cips-when-need-them/"">Competency Improvement Practice Sessions (CIPS)</a>: complimentary coaching offered to people outside Achology.</li><li><a href=""/help/certificates-cpd-accreditation/have-retake-code-ethics-training-every/"">Code of Ethics annual training</a> completed, and the Code of Character and Conduct sessions kept at 8 of 10 current.</li></ul>
<h2>What a maintenance year actually looks like</h2>
<p>Read that list again and notice what it describes: someone hosting regularly, coaching others, still being coached themselves, and working with people outside the community.</p>
<p>In other words, it is not a set of hoops. It is a picture of a practitioner still fully in the practice, which is exactly what the title is meant to signify.</p>
<h2>Why it has to be renewed</h2>
<p>Because the alternative makes the title dishonest. If Master Achologist were permanent, it would eventually describe people who reached a standard once, years ago, and have not practised since.</p>
<p>Anyone relying on that standing, a client, an employer, another member choosing a mentor, would be relying on history rather than anything current. The annual requirements keep the meaning attached to the person.</p>
<p>They are also lighter than the full pathway that got you here, because they are a yearly rhythm rather than a climb: host a little, coach a little, keep your compliance current, and the status holds.</p>
<h2>If you fall short</h2>
<p>The status lapses and is restored once the requirements are met again. Nothing you achieved is erased. Every activity is <a href=""/help/certificates-cpd-accreditation/who-verifies-achology-cpd-claims/"">verified by the Society of Modern Applied Psychology (SoMAP)</a> before it counts, the same as at <a href=""/help/certificates-cpd-accreditation/six-achology-cpd-statuses/"">every other level</a>.</p>"
10014,valts-achology,What are VALTS learning sessions within Achology?,what are VALTS learning sessions within Achology,VALTS learning sessions,VALTS Learning Sessions at Achology,VALTS learning sessions are Achology's 90-minute live group sessions where members practise skills and earn credit toward the next level.,"<p>So what are VALTS learning sessions at Achology? Virtual Achologist Led Training Sessions (VALTS) are Achology's live group training sessions: 90-minute events, led by senior members of the community, where you practise applied psychology rather than only watch it explained. They are the backbone of community learning, and attending them is how you earn VALTS credit toward <a href=""/help/certificates-cpd-accreditation/six-achology-cpd-statuses/"">your next member level</a>.</p>
<h2>What a session is actually like</h2>
<p>A VALTS session is built to be taken part in, not sat through. You join a small group live, work through a skill or an idea with other members, and get observation and feedback in real time. The point is that a technique from a course only becomes yours once you have tried it on a real person and heard honestly how it landed. That is something no recorded lecture can give you, and it is why the sessions are capped in length and kept practical.</p>
<h2>The six types</h2>
<p>There are six VALT types, each developing a different muscle:</p>
<ul><li>Skill Development Workshop: practise a specific skill from a course with a partner or small group, with feedback from the host.</li><li><a href=""/help/events-and-mentorship/principle-based-reflective-discussion/"">Principle-Based Reflective Discussion</a>: work a single principle through a set of questions and apply it to your own life.</li><li>Case Study-Based Discussion Group: analyse real or hypothetical coaching scenarios as a group.</li><li>The Coaching HOT Seat: one member takes a live challenge while up to three Achologists coach them and others observe.</li><li>Live Coaching Practice, Observation and Feedback: an Achologist coaches a member, then receives structured feedback from senior members.</li><li>Achologist-Led Tutorial: a member teaches a topic from a course to the group, then receives feedback on their delivery.</li></ul>
<h2>Why live, and not just video</h2>
<p>Achology's whole learning model rests on a simple conviction: information is easy to gather, but competence is only built through practice, in company, with feedback. A practitioner who knows the theory but cannot apply it in a live conversation is informed, not yet skilled. VALTS learning sessions are where that gap is closed, which is why the pathway requires them rather than treating them as optional extras.</p>
<h2>How they fit the wider pathway</h2>
<p>Attending a VALTS session earns you 1 VALTS credit. Once you reach the right level and complete the host training, hosting one earns you a <a href=""/help/events-and-mentorship/pals-earn-them/"">Peer-to-Peer Applied Learning Session (PALS) credit</a> instead, because you have moved from receiving to delivering. Early on, the requirement is modest: six VALTS across at least two types to reach <a href=""/help/certificates-cpd-accreditation/progress-member-achologist/"">Achologist</a>. Every session you attend is <a href=""/help/certificates-cpd-accreditation/who-verifies-achology-cpd-claims/"">verified by the Society of Modern Applied Psychology (SoMAP)</a> before it counts, and once you are ready, you can <a href=""/help/events-and-mentorship/host-own-achology-event/"">host your own</a>.</p>"
10015,pals-earn-them,"What are PALS in Achology, and how can I earn them?","what are PALS in Achology, and how can I earn them",PALS credit,How to Earn a PALS Credit at Achology,"A PALS credit is earned by coaching or hosting, not by attending. Here is how members earn Peer-to-Peer Applied Learning Session credit.","<p>So how do you start earning credit for coaching you deliver, rather than receive? Peer-to-Peer Applied Learning Sessions (PALS) are the point where you stop receiving and start contributing. You earn a PALS credit by taking the coaching or facilitation role in a session, never by attending one: the credit goes to the practitioner delivering the work, not the participant. This is what separates PALS from <a href=""/help/events-and-mentorship/valts-achology/"">Virtual Achologist Led Training Sessions (VALTS) </a>, which you earn by turning up and taking part.</p>
<h2>The four ways to earn them</h2>
<p>There are four PALS types, and most members earn the bulk of their credits through the first:</p>
<ul><li>One-to-one Focused Coaching Practice: a coaching session you deliver to another member, arranged through the Coaching Board in the community. This is the main route.</li><li>The Coaching HOT Seat, as coach: taking a coaching role during a live HOT Seat event, in front of others, in real time.</li><li>Live Coaching Practice, Observation and Feedback, as coach: coaching a member while a group observes and then gives feedback on the work.</li><li>Achologist-Led Tutorial, as host: teaching a topic from a course to a group of peers.</li></ul>
<p>The last three are more demanding than the first, which is deliberate. From Senior Achologist (Level Two) onward, eight of your delivered PALS must come from those alternative types, because each one builds a different edge: coaching under observation, coaching in public, and teaching. Hosting any <a href=""/help/events-and-mentorship/valts-achology/"">VALTS session</a> also earns you a PALS credit, once you are qualified to host.</p>
<h2>Why you receive before you deliver</h2>
<p>There is a reason the pathway has you receive coaching as a client before it asks you to deliver any. By the time you coach another member, you will have sat in the other chair yourself and felt what good and clumsy coaching are like from the inside. That is not something a module can teach you. It is why <a href=""/help/certificates-cpd-accreditation/progress-member-achologist/"">the first member level</a> asks for PALS received, and coaching delivered only begins at <a href=""/help/certificates-cpd-accreditation/achologist-adept/"">Achologist Adept</a>.</p>
<h2>How they add up</h2>
<p>Every PALS credit, delivered or received, is <a href=""/help/certificates-cpd-accreditation/who-verifies-achology-cpd-claims/"">verified by the Society of Modern Applied Psychology (SoMAP)</a> before it counts toward your next level. The numbers grow as you climb, but they are cumulative and made up of the ordinary work of community life: coaching, being coached, and eventually teaching. Nobody sits down to complete them all at once; they accumulate as you take part.</p>"
10016,cips-when-need-them,"What are CIPS in Achology, and when should I obtain them?","what are CIPS in Achology, and when should I obtain them",CIPS credit,"What Is a CIPS Credit, and When Is It Needed?",A CIPS credit is earned by offering free coaching to someone outside Achology. It is first required at Senior Achologist (Level One).,"<p>So when do you start coaching people outside Achology, and what counts? Competency Improvement Practice Sessions (CIPS) are the closest the pathway comes to genuine professional practice. A CIPS credit is earned by offering a complimentary one-to-one coaching session to someone outside the Achology community: a real person, with a real challenge or goal, who simply wants help. You do not need any until <a href=""/help/certificates-cpd-accreditation/senior-achologist-two-levels/"">Senior Achologist (Level One)</a>, and there is a good reason for that timing.</p>
<h2>What makes CIPS different</h2>
<p>Coaching another member is valuable, but a fellow member understands the learning context, forgives the rough edges, and knows what you are trying to practise. Someone outside the community does none of that. They are not there to help you learn; they are there because they want support. That difference is the whole point. It is the step from practising in a safe room to doing the actual work, and it is the single most formative activity in the pathway precisely because it is the most demanding.</p>
<h2>How you arrange them</h2>
<p>CIPS are not scheduled calendar events like <a href=""/help/events-and-mentorship/valts-achology/"">Virtual Achologist Led Training Sessions (VALTS)</a>. They are arranged through the Get <a href=""/free-coaching/"">Free Coaching</a> board, where people outside Achology browse and apply for sessions that members have offered. You deliver the session, and you earn one CIPS credit for it. To keep the practice broad rather than letting one relationship dominate, <a href=""/help/events-and-mentorship/many-times-coach-same-person-cips/"">no more than six sessions with the same individual</a> count toward your total.</p>
<h2>Why they start at Senior Achologist (Level One)</h2>
<p>By the time CIPS become required, you have already completed several <a href=""/courses/"">courses</a>, attended and hosted live sessions, and both received and delivered a good deal of <a href=""/help/events-and-mentorship/pals-earn-them/"">peer coaching</a>. In other words, you are ready. Asking a member to coach a stranger before that point would be asking them to run before they can walk. Placing CIPS at Senior Achologist (Level One) means that when you first coach someone from outside, you bring real course knowledge, real practice, and real feedback with you. Each session is <a href=""/help/certificates-cpd-accreditation/who-verifies-achology-cpd-claims/"">verified by the Society of Modern Applied Psychology (SoMAP)</a> before it counts.</p>"
10017,earn-cpd-credit-hosting-session-only,"Do I get a CPD credit for hosting a session, or just for attending?","do I get a CPD credit for hosting a session, or just for attending",credit for hosting a session,Do You Earn Credit for Hosting a Session?,"Yes. There is credit for hosting a session, a PALS credit, separate from the VALTS credit earned by attending. Both count toward your level.","<p>So do you earn credit for hosting a session, or only for attending one? Both, but the credit is a different one. Attending a <a href=""/help/events-and-mentorship/valts-achology/"">Virtual Achologist Led Training Session (VALTS)</a> earns you one VALTS credit. Hosting one, once you are qualified to, earns a <a href=""/help/events-and-mentorship/pals-earn-them/"">Peer-to-Peer Applied Learning Session (PALS)</a> credit instead, because hosting is delivery rather than attendance.</p>
<h2>The rule underneath it</h2>
<p>Attending earns VALTS. Delivering earns PALS. Every case below is that one sentence applied.</p>
<p>In the group learning formats, a skill workshop, a reflective discussion, a case study group, everyone taking part earns a VALTS credit and the qualified host earns a PALS credit for running it.</p>
<h2>How the coaching formats split by role</h2>
<p>In the coaching formats the same rule divides further, because several people are doing different jobs in the same ninety minutes. Take a <a href=""/help/events-and-mentorship/coaching-hot-seat/"">Coaching HOT Seat</a>:</p>
<ul>
<li>The coaches earn a PALS credit, for coaching.</li>
<li>The member in the seat earns a PALS received, for being coached.</li>
<li>The observers earn a VALTS credit, for attending.</li>
<li>The host earns a PALS credit, for hosting.</li>
</ul>
<p>A <a href=""/help/events-and-mentorship/achology-coaching-competency-review-sessions/"">Live Coaching Practice session</a> works the same way: the coach earns PALS, the member coached earns a PALS received, and those watching earn VALTS.</p>
<h2>Why the two are counted separately</h2>
<p>Because they are different achievements, and the pathway needs to be able to tell them apart.</p>
<p>The whole design has you receive before you deliver. <a href=""/help/certificates-cpd-accreditation/progress-member-achologist/"">The first step</a> asks for sessions attended and coaching received, and nothing at all delivered, so that before you sit opposite somebody with a real problem you have been that person several times over. Delivery only begins at <a href=""/help/certificates-cpd-accreditation/achologist-adept/"">Achologist Adept</a>.</p>
<p>That sequence only works if the record can distinguish the two. One number counts what you have taken part in; the other counts what you have carried. A single combined credit would let somebody reach a senior level having never once been responsible for the room.</p>
<h2>Whichever role you took</h2>
<p>The claim works the same way: you <a href=""/help/events-and-mentorship/submit-cpd-credit-claim-hosting-attending/"">submit it afterwards</a> naming your role, and it is verified before it reaches your record. When you are ready to move from attending to delivering, <a href=""/help/events-and-mentorship/host-own-achology-event/"">hosting your own event</a> sets out the steps, and <a href=""/help/events-and-mentorship/which-achology-events-earn-accreditation-credit/"">which events earn credit</a> covers what qualifies.</p>
"
10018,long-achology-valts-session,What is the duration of an Achology VALTS session?,what is the duration of an Achology VALTS session,VALTS session length,VALTS Session Length at Achology,"The VALTS session length is 90 minutes for every one of the six session types, and attending one earns 1 VALTS credit toward your level.","<p>So what is the VALTS session length at Achology? Ninety minutes, every time.</p>
<p>Every Virtual Achologist Led Training Session (VALTS) runs to the same ninety minutes, whichever of the <a href=""/help/events-and-mentorship/valts-achology/"">six session types</a> you join, so you can plan around one without checking the calendar entry first. They are led by senior members of the community and run through the week alongside the rest of <a href=""/help/events-and-mentorship/achology-live-events-types/"">Achology's live events</a>.</p>
<h2>Why ninety minutes</h2>
<p>The VALTS session length is a deliberate choice rather than a scheduling accident. A technique from a course only becomes yours once you have tried it on a real person and heard honestly how it landed, and that cycle of practising, being observed, receiving feedback and going again does not fit into twenty minutes.</p>
<p>Ninety minutes is long enough to run that cycle properly. It is also short enough to sit inside a working day or an evening without swallowing it, which matters when most members are fitting study around work and family.</p>
<h2>What the ninety minutes is spent on</h2>
<p>Expect to be doing something for most of it rather than listening. Depending on the session type that means practising a skill with a partner, working a single principle through a set of reflective questions, analysing a coaching case as a group, or coaching and being coached in front of people who will tell you plainly how it went.</p>
<p>Every session is live and none is a recording played back, which is the whole point of the format: feedback in the moment is the one thing a video cannot give you.</p>
<h2>The six types, all the same length</h2>
<ul>
<li><a href=""/help/events-and-mentorship/achology-skill-development-workshops/"">Skill Development Workshop</a>: practise a specific skill from a course with a partner or small group, with feedback from the host.</li>
<li>Principle-Based Reflective Discussion: work a single principle through a set of questions and apply it to your own life.</li>
<li><a href=""/help/events-and-mentorship/achology-case-study-discussion-groups/"">Case Study-Based Discussion Group</a>: analyse real or hypothetical coaching scenarios as a group.</li>
<li><a href=""/help/events-and-mentorship/coaching-hot-seat/"">The Coaching HOT Seat</a>: one member takes a live challenge while up to three Achologists coach them and the rest of the group observes.</li>
<li><a href=""/help/events-and-mentorship/achology-coaching-competency-review-sessions/"">Live Coaching Practice, Observation and Feedback</a>: an Achologist coaches a member, then receives structured feedback from senior members.</li>
<li><a href=""/help/events-and-mentorship/achologist-led-tutorials-alts/"">Achologist-Led Tutorial</a>: a member teaches a topic from a course to the group, then receives feedback on their delivery.</li>
</ul>
<h2>What attending one earns you</h2>
<p>Attending earns 1 VALTS credit. Hosting one, once you have completed the host training, earns a Peer-to-Peer Applied Learning Session (PALS) credit instead, because hosting is delivery rather than attendance; <a href=""/help/events-and-mentorship/earn-cpd-credit-hosting-session-only/"">how the credit splits by role</a> covers the coaching formats, where the coach, the person coached and the observers each earn something different.</p>
<p>Six sessions across at least two different types is what the first step on the pathway, from Achology Member to <a href=""/help/certificates-cpd-accreditation/six-achology-cpd-statuses/"">Achologist</a>, asks of you. Every one is <a href=""/help/certificates-cpd-accreditation/who-verifies-achology-cpd-claims/"">verified by the Society of Modern Applied Psychology (SoMAP)</a> before it counts toward a level.</p>
<h2>Before you book one</h2>
<p>If you are new and unsure which session to start with, <a href=""/help/events-and-mentorship/choose-right-achology-event-level/"">choosing the right event for your level</a> is the practical guide, and the observation-friendly formats are the gentler way in. <a href=""/help/events-and-mentorship/rsvp-join-achology-live-events/"">How to RSVP and join</a> covers the mechanics on the day.</p>
<p>When you are ready to run one yourself rather than attend, <a href=""/help/events-and-mentorship/host-own-achology-event/"">hosting your own event</a> sets out the steps, and <a href=""/help/events-and-mentorship/achology-recommended-practice-pathway/"">the recommended practice pathway</a> shows where the sessions sit in the wider progression.</p>
"
10019,many-times-coach-same-person-cips,How many times can I coach the same person for CIPS credit?,how many times can I coach the same person for CIPS credit,coach the same person for CIPS,Can You Coach the Same Person for CIPS?,You can coach the same person for CIPS credit up to six times. Only the first six sessions with one individual count toward your total.,"<p>So how many times can you coach the same person for CIPS credit? A maximum of six sessions with the same individual count toward your <a href=""/help/events-and-mentorship/cips-when-need-them/"">Competency Improvement Practice Sessions (CIPS)</a> total. You are welcome to keep coaching someone beyond six if it genuinely helps them, and nobody will stop you. Only the first six add credit.</p>
<h2>What CIPS are, and where they sit</h2>
<p>A CIPS credit is earned by offering a complimentary one-to-one session to someone outside the Achology community, arranged through the Get <a href=""/free-coaching/"">Free Coaching</a> board. They are the last of the three activity types to appear on the pathway, required from <a href=""/help/certificates-cpd-accreditation/senior-achologist-two-levels/"">Senior Achologist (Level One)</a> onward, and they are the closest the training comes to real professional practice.</p>
<p>That placement is deliberate. Coaching a fellow member is one thing, since they understand the learning context and forgive the rough edges. Coaching someone who simply wants help, and who is not there to assist your development at all, is another.</p>
<h2>Why the limit exists</h2>
<p>The cap keeps CIPS doing the job they were designed for. They are meant to build competence across a range of different people with different goals, which is what practice actually looks like once you are working professionally.</p>
<p>Coach one person twenty times and you will become very good at coaching that person. You learn their patterns, their vocabulary, what lands with them and what does not. What you do not learn is the thing CIPS exist to teach: how to be useful to somebody you have never met, whose situation you do not yet understand, in the first twenty minutes.</p>
<p>At the senior levels, where the requirement rises to 24 sessions, that breadth is precisely what is being measured. Twenty four sessions spread across at least four people is a different achievement from twenty four with one.</p>
<h2>The other reason, which is not about you</h2>
<p>The cap also spreads the available coaching across more of the people applying through <a href=""/help/events-and-mentorship/offer-free-coaching-someone-outside-achology/"">the free coaching board</a>. Those are members of the public receiving genuine help at no cost, and there are more of them than there are sessions on offer.</p>
<p>This is the same commitment to <a href=""/help/achology-basics-and-identity/achology-s-ten-value-commitments/"">equitable and affordable access</a> that keeps <a href=""/help/achology-basics-and-identity/achology-knowledge-hub-free-read/"">the Knowledge Hub free to read</a> and <a href=""/help/membership-and-access/there-free-achology-membership-include/"">the free membership tier open</a>. A member's development and a stranger's access to help are served by the same rule.</p>
<h2>How the credit is recorded</h2>
<p>Each qualifying session is claimed like any other activity and <a href=""/help/certificates-cpd-accreditation/who-verifies-achology-cpd-claims/"">verified by the Society of Modern Applied Psychology (SoMAP)</a> before it counts, through <a href=""/help/events-and-mentorship/submit-cpd-credit-claim-hosting-attending/"">the usual claim process</a>.</p>
"
10020,offer-free-coaching-someone-outside-achology,How do I offer free coaching to someone outside Achology?,how do I offer free coaching to someone outside Achology,offer free coaching,How to Offer Free Coaching at Achology,You offer free coaching to people outside Achology through the Get Free Coaching board. Each session earns one CIPS credit toward your level.,"<p>So how do you actually offer <a href=""/free-coaching/"">free coaching</a> to someone outside Achology? Through the Get Free Coaching board, where people outside the community browse and apply for complimentary one-to-one sessions that members have made available. Each session you deliver counts as one <a href=""/help/events-and-mentorship/cips-when-need-them/"">Competency Improvement Practice Session (CIPS)</a> credit, and these become part of your requirements from <a href=""/help/certificates-cpd-accreditation/senior-achologist-two-levels/"">Senior Achologist (Level One)</a> onward.</p>
<h2>How the board works</h2>
<p>Unlike <a href=""/help/events-and-mentorship/valts-achology/"">Virtual Achologist Led Training Sessions (VALTS)</a>, these are not scheduled calendar events you sign up to. You make sessions available on the board, and somebody outside the community, facing a real difficulty or working toward something they actually want, applies for one. You agree a time between you and deliver it.</p>
<p>Each session earns one credit, <a href=""/help/events-and-mentorship/many-times-coach-same-person-cips/"">up to six with the same individual</a>, and claims are <a href=""/help/certificates-cpd-accreditation/who-verifies-achology-cpd-claims/"">verified by the Society of Modern Applied Psychology (SoMAP)</a> before they reach your record, through <a href=""/help/events-and-mentorship/submit-cpd-credit-claim-hosting-attending/"">the usual claim process</a>.</p>
<h2>Why this is different from coaching a member</h2>
<p>That difference is the entire point of the activity. Coaching a fellow member is valuable, but they understand the learning context, they forgive the rough edges, and at some level they are helping you practise. To offer free coaching to a stranger is a different exercise altogether.</p>
<p>Somebody from outside does none of that. They are not there to assist your development. They have a problem and an hour of your attention, with no shared vocabulary and no allowance made. It is the step from practising in a safe room to doing the actual work, which is why most members find their first session nerve-racking and their fifth genuinely enjoyable.</p>
<h2>Why it waits until Senior Achologist (Level One)</h2>
<p>By the time this becomes a requirement you have completed several <a href=""/courses/"">courses</a>, attended and hosted live sessions, and both received and delivered a good deal of <a href=""/help/events-and-mentorship/pals-earn-them/"">peer coaching</a>. You have also been the client repeatedly, which is where you learn what clumsy coaching feels like from the other chair.</p>
<p>Asking a member to coach a stranger before that point would be asking them to run before walking, and the person on the other side of the session would carry the cost of it. The placement protects them as much as it develops you.</p>
<h2>What it gives the people who apply</h2>
<p>This is the half that is easy to forget while counting credits. The people using that board are receiving genuine one-to-one help at no cost, from someone trained and accountable to <a href=""/help/achology-basics-and-identity/achology-code-ethics/"">a published code of ethics</a>.</p>
<p>That is the same commitment to <a href=""/help/achology-basics-and-identity/achology-s-ten-value-commitments/"">equitable and affordable access</a> that keeps <a href=""/help/achology-basics-and-identity/achology-knowledge-hub-free-read/"">the Knowledge Hub free to read</a> and <a href=""/help/membership-and-access/there-free-achology-membership-include/"">the free membership tier open</a>. If you are on the receiving side and wondering whether the offer is genuine, it is, and it is at free coaching.</p>
"
10021,who-verifies-achology-cpd-claims,Who is responsible for verifying my Achology CPD claims?,who is responsible for verifying my Achology CPD claims,who verifies Achology CPD claims,Who Verifies Achology CPD Claims?,"Who verifies Achology CPD claims? SoMAP does, an independent body of Master Achologists, before anything reaches your official record.","<p>So who verifies Achology CPD claims? Every continuing professional development (CPD) claim you make is verified by <a href=""/accreditation/"">the Society of Modern Applied Psychology</a> (SoMAP), an independent accreditation body that operates separately from Achology's commercial side by design. Nothing you self-report reaches your official record without passing through it. That independence is the entire point: it is what lets your record mean something to anyone outside Achology.</p>
<h2>How the verification actually works</h2>
<p>The pipeline is straightforward, and deliberately not instant. You complete an activity, whether attending a <a href=""/help/events-and-mentorship/valts-achology/"">Virtual Achologist Led Training Session (VALTS)</a>, delivering coaching, or offering a session to someone outside the community, and you <a href=""/help/events-and-mentorship/submit-cpd-credit-claim-hosting-attending/"">submit a claim</a>. SoMAP committee members, all of them Master Achologists, then review each submission independently. Only once a claim is verified is it committed to your official record, which is held in the Achology Member Data Centre and tracks your activity across <a href=""/help/certificates-cpd-accreditation/six-achology-cpd-statuses/"">every member level</a>. Your personal progress checklist is a planning tool; the verified record is the one that counts.</p>
<h2>Why the independence matters</h2>
<p>A professional development record is only worth as much as the process behind it. If Achology simply accepted whatever members reported about themselves, the record would be a list of claims, possibly accurate, with no way for anyone outside to know. A client choosing a coach, an employer reviewing a candidate, an organisation deciding whether a qualification means anything: none of them can audit your honesty directly. What they can rely on is that somebody qualified and independent already did. That is why the check exists, and why the short delay between submitting a claim and seeing it appear is the process doing its job, not a system running slowly.</p>
<h2>What sits alongside it</h2>
<p>Verification is one of two things that make Achology's training checkable from outside. The other is <a href=""/help/certificates-cpd-accreditation/achology-uk-register-learning-providers/"">UK Register of Learning Providers registration</a>, which lists Achology as a registered provider of learning. Together they mean an Achology standing rests on a registered provider plus independent verification behind every level, both of which you can check without taking anyone's word for it.</p>
<h2>What verification produces</h2>
<p>Two kinds of <a href=""/certification/"">certificate</a> come out of this. Completing a course earns a certificate of completion. Reaching a <a href=""/help/certificates-cpd-accreditation/difference-between-certificate-completion-certificate-achievement/"">verified member level</a> on the pathway earns a certificate of achievement, which is the one that carries weight with a client or employer, precisely because an independent body stood behind it. If someone needs to confirm your standing, <a href=""/help/certificates-cpd-accreditation/verify-achology-certificate/"">how an Achology certificate is verified</a> explains the check from their side.</p>"
10022,personal-progress-checklist-count-official-cpd,Is my personal progress checklist considered part of my CPD record?,is my personal progress checklist considered part of my CPD record,personal progress checklist,Does Your Personal Progress Checklist Count?,"Your personal progress checklist is a planning tool, not your official record. Only SoMAP-verified claims count as official CPD.","<p>So does your personal progress checklist count as your official CPD record? No. The checklist is a planning tool. Your continuing professional development (CPD) record is the official one, and it holds only what <a href=""/help/certificates-cpd-accreditation/who-verifies-achology-cpd-claims/"">the Society of Modern Applied Psychology (SoMAP) has independently verified</a>.</p>
<h2>The difference between the two</h2>
<p>Your personal progress checklist is yours to keep. It shows what you have done and what is still outstanding for <a href=""/help/certificates-cpd-accreditation/six-achology-cpd-statuses/"">the next member level</a>, and it is genuinely useful for keeping track of where you are. What it carries is no standing at all. Ticking a box on it moves you nowhere.</p>
<p>The official record is held in the Achology Member Data Centre and contains only verified activity. Something reaches it after it has been <a href=""/help/events-and-mentorship/submit-cpd-credit-claim-hosting-attending/"">submitted as a claim</a> and confirmed by somebody other than you.</p>
<h2>Where this catches people out</h2>
<p>The gap between the two is where members occasionally get an unwelcome surprise: the work genuinely done, the checklist looking healthy, and then a level not arriving, because the underlying claims were never submitted.</p>
<p>The habit that prevents it is simple. Treat the checklist as your plan and the verified record as your score, and submit claims as you go rather than saving up a term's worth. Doing the activity is most of the effort; submitting it is what turns it into progress.</p>
<h2>Why the official record works this way</h2>
<p>This is the part worth understanding, because the delay between doing something and seeing it appear can feel like a system running slowly when it is actually the system working.</p>
<p>A professional development record is only worth as much as the process behind it. If Achology simply accepted whatever members reported about themselves, the record would be a list of claims, possibly accurate, with no way for anyone outside to know. A client choosing a coach, an employer reviewing a candidate, another member choosing a mentor: none of them can audit your honesty directly. What they can rely on is that somebody qualified and independent already did.</p>
<p>That is why <a href=""/help/certificates-cpd-accreditation/is-achology-accredited-somap/"">the accreditation body sits outside Achology's commercial side</a>, and why a self-reported checklist could never be the record, however diligently you kept it.</p>
<h2>When you need to show it to somebody</h2>
<p>The verified record is what you draw on. <a href=""/help/certificates-cpd-accreditation/evidence-cpd-learning-progression-achology/"">How to evidence your progression</a> covers presenting it, <a href=""/help/certificates-cpd-accreditation/verify-achology-certificate/"">how an employer or client verifies a certificate</a> covers the check from their side, and <a href=""/help/certificates-cpd-accreditation/what-achology-certificate-proves/"">what a certificate actually proves</a> sets out the claim it makes.</p>
"
10023,have-retake-code-ethics-training-every,Is it necessary to redo the Code of Ethics training annually?,is it necessary to redo the Code of Ethics training annually,redo the Code of Ethics training,Do You Redo the Code of Ethics Training Yearly?,"Yes, from Achologist Adept onward you redo the Code of Ethics training every 12 months. It runs quarterly, so there are four chances a year.","<p>So do you really have to redo <a href=""/about/code-of-ethics/"">the Code of Ethics</a> training every year? Yes, from <a href=""/help/certificates-cpd-accreditation/achologist-adept/"">Achologist Adept</a> onward. You attend the live training once within every 12 months, at every level from Adept up to and including <a href=""/help/certificates-cpd-accreditation/have-each-year-keep-master-achologist/"">Master Achologist maintenance</a>. It is not required for <a href=""/help/certificates-cpd-accreditation/progress-member-achologist/"">the first step from Achology Member to Achologist</a>.</p>
<h2>How often it runs, and what it costs you</h2>
<p>The training runs quarterly, so there are four opportunities a year to meet a requirement you need to meet once. Attendance is <a href=""/help/certificates-cpd-accreditation/who-verifies-achology-cpd-claims/"">verified by the Society of Modern Applied Psychology (SoMAP)</a> and updated on your record like any other activity.</p>
<p>It is also open to everyone, including the <a href=""/help/membership-and-access/there-free-achology-membership-include/"">free membership tier</a>, so it is one of the few pathway requirements that costs nothing to meet.</p>
<h2>Why annually rather than once</h2>
<p>Because ethics is not a topic you complete.</p>
<p>The <a href=""/help/achology-basics-and-identity/achology-code-ethics/"">Code of Ethics</a> sets the standards of professional conduct expected of every practising Achologist, and it is treated as something you return to and practise rather than a document read once and filed. The people who come to you for help deserve a practitioner who has actively thought about what ethical practice means recently, not somebody who considered it once, years ago, before they had ever sat with a real client.</p>
<p>There is a second reason, which members tend to discover rather than be told. Ethical questions get harder with experience, not easier. The dilemmas troubling a practitioner in their fifth year, about competence limits, about a client they have become fond of, about what to do with something disclosed in confidence, are not the ones covered in their first. Returning annually is what keeps the training useful rather than ceremonial.</p>
<h2>Why it starts at Adept and not before</h2>
<p>The requirement appears exactly where the direction of the pathway reverses. Until Achologist Adept you are receiving: coached by others, taught by others. From Adept you begin delivering, coaching another member for the first time.</p>
<p>Annual ethics training starts at the moment you first sit opposite somebody as the practitioner rather than the client, which is when the code stops being theory.</p>
<h2>How it fits with everything else</h2>
<p>This is one of two ongoing compliance requirements. The other is <a href=""/help/community-and-conduct/many-ccac-sessions-need-complete-often/"">holding eight of your ten Code of Character and Conduct sessions current</a>, which keeps <a href=""/help/community-and-conduct/ccac-green-red-status-mean/"">your status green</a>. One strand keeps your professional practice current; the other keeps your character development live.</p>
<p>The Code of Ethics is also one of <a href=""/help/community-and-conduct/difference-between-code-ethics-ccac-community/"">three separate codes</a>, which are easy to confuse, and its practical expression is <a href=""/help/community-and-conduct/commit-practising-achologist/"">the five commitments every practising Achologist makes</a> to clients.</p>
"
10024,difference-between-certificate-completion-certificate-achievement,How do a certificate of completion and a certificate of achievement differ?,how do a certificate of completion and a certificate of achievement differ,certificate of completion,Certificate of Completion vs Achievement,A certificate of completion confirms you finished a course. A certificate of achievement confirms a verified level on the CPD pathway.,"<p>So what is the difference between the two <a href=""/certification/"">certificates</a> you can be awarded, and why does it matter which one you hold? They record two different kinds of thing. A certificate of completion says you finished a course. A certificate of achievement says you reached a <a href=""/help/certificates-cpd-accreditation/six-achology-cpd-statuses/"">verified member level</a> on the continuing professional development (CPD) pathway.</p>
<h2>The certificate of completion</h2>
<p>You receive one when you finish a course. It confirms you worked through the material and completed it, and it is issued on that basis alone. That is a real milestone and worth having.</p>
<p>What it does not claim is that you can now do the thing the course described. Nobody watched you try.</p>
<h2>The certificate of achievement</h2>
<p>This one is not tied to a single course. As you meet the cumulative requirements for a member level, sessions attended, coaching delivered and received, compliance kept current, and <a href=""/help/certificates-cpd-accreditation/who-verifies-achology-cpd-claims/"">the Society of Modern Applied Psychology (SoMAP) verifies each claim</a>, your progression is recognised with a certificate of achievement.</p>
<p>Behind it sits activity that other people saw: sessions you took part in, coaching you delivered to a real person, feedback given to you by senior members, all of it claimed and independently checked.</p>
<h2>What each one says to an employer</h2>
<p>Picture the two on the same CV. A completion certificate tells an employer you studied a subject and finished the course, which is genuinely worth stating and easy for them to interpret.</p>
<p>An achievement certificate tells them something a candidate cannot easily overstate: that you reached a standard of practice an independent body checked and stood behind. One describes study. The other describes verified competence.</p>
<p>That difference is why <a href=""/help/certificates-cpd-accreditation/verify-achology-certificate/"">an employer or client can verify a certificate</a> directly, and why <a href=""/help/certificates-cpd-accreditation/what-achology-certificate-proves/"">what a certificate actually proves</a> is worth reading before you describe it to anyone.</p>
<h2>Which one matters to whom</h2>
<p>If you are learning for your own sake, completion certificates may be all you ever need, and there is nothing lesser about that.</p>
<p>If you intend to practise, the achievement certificate is the one that carries weight, precisely because somebody other than you confirmed it. It is also the practical form of the distinction between <a href=""/help/outcomes-and-expectations/course-completion-vs-competence/"">completing a course and being competent</a>, which is the honest question behind most people's certificate anxiety.</p>
<p>Neither is a licence or a statutory qualification, and <a href=""/help/certificates-cpd-accreditation/what-does-achology-certification-qualify/"">what an Achology certification qualifies you to do</a> sets out that boundary plainly.</p>
"
10025,achology-uk-register-learning-providers,Is Achology listed on the UK Register of Learning Providers?,is Achology listed on the UK Register of Learning Providers,UK Register of Learning Providers,Achology on the UK Register of Learning Providers,"Achology is listed on the UK Register of Learning Providers (UKRLP), PRN 10099815, with its CPD independently verified through SoMAP.","<p>So is Achology actually on the UK Register of Learning Providers? Yes. Achology holds registration on it, known as the UKRLP, with the Provider Reference Number (PRN) 10099815. The UKRLP is the official record of learning providers in the United Kingdom, and the Provider Reference Number is Achology's unique identifier on it. You can check it yourself rather than taking this page's word for it.</p>
<h2>How to check it</h2>
<p>The UKRLP maintains a public provider lookup. Searching the register for the Provider Reference Number 10099815, or for the Achology name, returns the registered provider entry.</p>
<p>That is the entire point of a public register. Anyone assessing Achology, whether a prospective student, an employer or a training budget holder, can confirm the registration directly at source rather than relying on a claim made on a website.</p>
<h2>What the registration does, and does not, mean</h2>
<p>This is worth being precise about, because it is an area where training providers are often vague and Achology would rather be plain.</p>
<p>Being on the register means Achology is a recognised provider of learning, identifiable by its Provider Reference Number. It does not mean any individual course is a regulated or statutory qualification, and it does not make an Achology certificate an academic award. If the question behind your question is how the two compare, <a href=""/help/comparisons-and-alternatives/achology-certificates-vs-university-degrees/"">how Achology certificates compare to university psychology degrees</a> answers it directly.</p>
<p>Saying so plainly costs nothing and prevents the thing that actually damages people: describing training to an employer or a client in terms it cannot support.</p>
<h2>What sits alongside it</h2>
<p>The registration is one of three things about Achology that can be confirmed from outside without anyone's cooperation.</p>
<p>The second is <a href=""/help/certificates-cpd-accreditation/who-verifies-achology-cpd-claims/"">the Society of Modern Applied Psychology (SoMAP)</a>, the independent body that reviews and confirms every professional development claim before it reaches a member's record, found at thesomap.org. The third is company registration: both trading companies are registered in Scotland with <a href=""/help/privacy-and-legal/achology-s-registered-company-details/"">published company numbers</a>.</p>
<p>What gives an Achology standing its credibility is the combination rather than any one of them: a registered provider, independent verification behind every level, and a named legal entity. <a href=""/help/certificates-cpd-accreditation/is-achology-accredited-somap/"">Achology's accreditation position</a> sets it out in full, and <a href=""/help/certificates-cpd-accreditation/what-achology-certificate-proves/"">what a certificate actually proves</a> covers the claim you can honestly make with it.</p>
"
10026,achology-code-character-conduct-ccac,What is the Achology Code of Character and Conduct (CCaC)?,what is the Achology Code of Character and Conduct (CCaC),Achology's CCaC,What Is Achology's CCaC?,"Achology's CCaC, the Code of Character and Conduct, is a nine-virtue character programme trained through live sessions on the CPD pathway.","<p>So what is Achology's CCaC, the Code of Character and Conduct, and why does a psychology academy have one? The Code of Character and Conduct (CCaC) is Achology's character-development code. It sets out nine virtues, each worked through in its own live session, and its purpose is plainly stated in the handbook itself: not a set of rules, but a shared commitment to the community's growth. It is the character strand of the continuing professional development (CPD) pathway, trained and tracked alongside the ethics strand.</p>
<h2>How it is built</h2>
<p>The CCaC runs as ten live sessions: an introduction, then one session for each of <a href=""/help/community-and-conduct/nine-ccac-virtues/"">the nine virtues</a>, which are Courage, Temperance, Justice, Wisdom, Magnificence, Magnanimity, Friendliness, Truthfulness, and Wittiness. It rests on <a href=""/help/community-and-conduct/achology-s-character-code-based-aristotle/"">Aristotle's virtue ethics</a>: the idea that character is not something you are born with, but something developed through deliberate practice, and that each virtue is a balanced middle point between two extremes, one of excess and one of deficiency.</p>
<h2>What a virtue session is actually like</h2>
<p>A CCaC session is not a lecture on being good. Each virtue is worked through with a set of reflection questions, so the session is really an honest examination of where you sit on that virtue's spectrum. Courage, for example, is the point between recklessness and cowardice, and the session asks you to look at which way you tend to lean, in the company of other members doing the same. That shared honesty is the method: character, in this view, is built by examining it openly, over time, with people who will be straight with you.</p>
<h2>Where it sits on the pathway, and why</h2>
<p>You complete all ten sessions before you move from Achologist to <a href=""/help/certificates-cpd-accreditation/achologist-adept/"">Achologist Adept</a>, then keep <a href=""/help/community-and-conduct/many-ccac-sessions-need-complete-often/"">eight of the ten current</a> within any rolling 12-month period. Achology's CCaC is one of <a href=""/help/community-and-conduct/difference-between-code-ethics-ccac-community/"">three separate codes</a>: distinct from the <a href=""/help/achology-basics-and-identity/achology-code-ethics/"">Code of Ethics</a>, which governs professional practice, and the Community Code of Conduct, which governs behaviour on the community platform. It exists because most training develops only what you can do. The CCaC is how Achology also attends to who you are becoming while you learn, on the plain view that a capable practitioner with poor character helps no one.</p>
"
10027,nine-ccac-virtues,What are Achology's 9 Code of Character and Conduct virtues?,what are Achology's 9 Code of Character and Conduct virtues,nine virtues,The Nine Virtues of Achology's CCaC,"The nine virtues are Courage, Temperance, Justice, Wisdom, Magnificence, Magnanimity, Friendliness, Truthfulness, and Wittiness.","<p>So what are the nine virtues you work through? The nine virtues of the <a href=""/help/community-and-conduct/achology-code-character-conduct-ccac/"">Code of Character and Conduct</a> are Courage, Temperance, Justice, Wisdom, Magnificence, Magnanimity, Friendliness, Truthfulness and Wittiness. Each has its own live session, and together with an introductory session they make up the ten Code of Character and Conduct sessions on the continuing professional development (CPD) pathway.</p>
<h2>The nine, and the extremes each one sits between</h2>
<p>The virtues come from <a href=""/help/community-and-conduct/achology-s-character-code-based-aristotle/"">Aristotle's virtue ethics</a>, where a virtue is not the opposite of a vice but the balanced middle point between two of them, one of excess and one of deficiency. Read that way the list stops being abstract:</p>
<ul>
<li>Courage sits between recklessness and cowardice.</li>
<li>Temperance sits between indulgence and joylessness.</li>
<li>Magnificence and Magnanimity sit between extravagance and meanness, in what you give and in how you carry yourself.</li>
<li>Friendliness sits between flattery and coldness.</li>
<li>Truthfulness sits between boastfulness and false modesty.</li>
<li>Wittiness sits between clowning and humourlessness.</li>
</ul>
<p>Justice and Wisdom are treated differently in that tradition, as the qualities that govern the rest rather than as points on a spectrum of their own, which is why they are not described here as a middle between two extremes.</p>
<h2>What actually happens in a virtue session</h2>
<p>A session is not a lecture on being good. Each virtue is worked through with a set of reflection questions, so the ninety minutes is really an honest examination of where you sit on that virtue's spectrum, in the company of other members doing the same thing.</p>
<p>The middle-point idea is what makes that examination possible. Asked whether you are courageous, most people have no useful answer. Asked which way you tend to lean, toward acting too fast or not acting at all, most people know immediately.</p>
<h2>Why character is trained rather than assumed</h2>
<p>The nine virtues are treated as qualities developed through practice, not traits you either have or lack. That is the whole reason they are taught in recurring live sessions rather than written into a document members are asked to agree to.</p>
<p>It is also why the requirement never completes. Holding <a href=""/help/community-and-conduct/many-ccac-sessions-need-complete-often/"">8 of the 10 sessions current</a> is what keeps <a href=""/help/community-and-conduct/ccac-green-red-status-mean/"">your status green</a>, and green is a condition of progressing from <a href=""/help/certificates-cpd-accreditation/achologist-adept/"">Achologist Adept</a> upward.</p>
<h2>Where this sits in the wider framework</h2>
<p>The Code of Character and Conduct is the character strand of the pathway, running alongside the professional strand kept current through <a href=""/help/certificates-cpd-accreditation/have-retake-code-ethics-training-every/"">annual Code of Ethics training</a>. It is one of <a href=""/help/community-and-conduct/difference-between-code-ethics-ccac-community/"">three separate codes</a>, and distinct again from <a href=""/help/achology-basics-and-identity/character-traits-define-achologist/"">the 22 character traits</a>, which are aspired to rather than tracked.</p>
"
10028,difference-between-code-ethics-ccac-community,"How do the Code of Ethics, CCaC, and Community Code of Conduct differ?","how do the Code of Ethics, CCaC, and Community Code of Conduct differ",three conduct codes,Achology's Three Conduct Codes Explained,"Achology's three conduct codes are the Code of Ethics for practice, the CCaC for character, and the Community Code of Conduct for the platform.","<p>So how do Achology's three conduct codes differ? Achology has three conduct codes, and they are easy to confuse. The <a href=""/help/achology-basics-and-identity/achology-code-ethics/"">Code of Ethics</a> governs professional practice, the <a href=""/help/community-and-conduct/achology-code-character-conduct-ccac/"">Code of Character and Conduct</a> develops character, and the Community Code of Conduct sets the rules for behaviour on the community platform.</p>
<h2>What each one is</h2>
<ul>
<li>The <strong><a href=""/about/code-of-ethics/"">Code of Ethics</a></strong>, formally the Ethical Framework for Practitioners of Applied Psychology, sets the standards of professional conduct expected of every practising Achologist. <a href=""/help/certificates-cpd-accreditation/have-retake-code-ethics-training-every/"">Annual training in it</a> is a continuing professional development (CPD) requirement from Achologist Adept onward.</li>
<li>The <strong>Code of Character and Conduct</strong> is the character-development code: nine virtues trained through <a href=""/help/community-and-conduct/many-ccac-sessions-need-complete-often/"">ten live sessions</a>, forming the character strand of the pathway.</li>
<li>The <strong>Community Code of Conduct</strong> is the rulebook for the <a href=""/help/technical-help/what-is-circle-achology-community/"">Circle community platform</a>, governing how members behave in that shared space.</li>
</ul>
<h2>One situation, three codes</h2>
<p>It helps to see them at work on a single moment. Imagine you are coaching another member in a live session and something sensitive comes up.</p>
<p>The Code of Ethics governs how you handle it professionally: confidentiality, your competence, the client's interests. The Code of Character and Conduct is the character behind that handling, the honesty and humility you bring to the room, which no rule can supply. The Community Code of Conduct covers how you conduct yourself in the group afterwards, in the shared space where other members can see you.</p>
<h2>Why three rather than one</h2>
<p>Because they answer three different questions, and a single document would answer all of them badly.</p>
<p>Rules work for professional obligations, where the standard has to be the same for everybody and enforceable. They do not work for character, which cannot be complied with, only developed, which is why the Code of Character and Conduct is a training programme with <a href=""/help/community-and-conduct/ccac-green-red-status-mean/"">a status that can lapse</a> rather than a document you agree to. And neither of those governs ordinary conduct in a busy online space, which needs plain house rules and <a href=""/help/community-and-conduct/achology-community-rules-moderation/"">moderation to hold them</a>.</p>
<h2>A simple way to hold the difference</h2>
<p>The Code of Ethics is about how you practise with clients. The Code of Character and Conduct is about who you are becoming. The Community Code of Conduct is about how you treat other members day to day.</p>
<p>Two of the three, the Code of Ethics and the Code of Character and Conduct, are trained and tracked on the pathway and together form the two ongoing compliance requirements from <a href=""/help/certificates-cpd-accreditation/achologist-adept/"">Achologist Adept</a> upward. The third simply governs conduct in the community space. Their practical expressions are <a href=""/help/community-and-conduct/commit-practising-achologist/"">the five commitments to clients</a> and <a href=""/help/community-and-conduct/achology-s-five-community-principles/"">the five community principles</a>.</p>
"
10029,many-ccac-sessions-need-complete-often,"How many CCaC sessions do I need to complete, and how often?","how many CCaC sessions do I need to complete, and how often",CCaC sessions,How Many CCaC Sessions Are Required?,"There are ten CCaC sessions in total. All ten are completed before Achologist Adept, then eight of the ten kept current every 12 months.","<p>So how many CCaC sessions do you need to complete, and how often? There are ten <a href=""/help/community-and-conduct/achology-code-character-conduct-ccac/"">Code of Character and Conduct</a> (CCaC) sessions in total: an introduction, plus one for each of <a href=""/help/community-and-conduct/nine-ccac-virtues/"">the nine virtues</a>. All ten are completed before you progress from Achologist to <a href=""/help/certificates-cpd-accreditation/achologist-adept/"">Achologist Adept</a>. After that you keep 8 of the 10 current within any rolling 12-month period.</p>
<h2>What one of these sessions is</h2>
<p>A CCaC session is not a lecture on being good. Each virtue is worked through with a set of reflection questions, so the session is really an honest examination of where you actually sit on that virtue, in the company of other members doing the same. Courage, for instance, is treated as the point between recklessness and cowardice, and the session asks which way you tend to lean.</p>
<p>The sessions run regularly through the year, and they are one of the many kinds of live event that are open every week to every member of Achology, alongside the training and coaching formats that <a href=""/help/events-and-mentorship/achology-live-events-types/"">the live events article</a> sets out in full.</p>
<h2>What ""keeping them current"" means</h2>
<p>Keeping 8 of your 10 CCaC sessions current is an ongoing requirement rather than a hurdle you clear once. Because compliance is measured across a rolling twelve months, sessions gradually drop out of the window as time passes, so staying compliant takes steady engagement rather than a single burst of attendance. Leaving too long a gap is where members find themselves falling short without having decided to.</p>
<p>Holding 8 of your 10 CCaC sessions current is what keeps <a href=""/help/community-and-conduct/ccac-green-red-status-mean/"">your status at green</a>. Falling below eight turns it red, which pauses progression until it is restored, though nothing already earned is lost.</p>
<h2>Why character is trained at all</h2>
<p>This is the part that explains the rest. Most professional training develops only what you can do. The CCaC exists because Achology also attends to who you are becoming while you learn, on the plain view that a capable practitioner with poor character helps nobody.</p>
<p>That is also why it repeats rather than completing. Character, in this account, is not knowledge you acquire once. It is built by examining yourself honestly, over time, with people who will be straight with you, which is exactly what a rolling requirement protects and a one-off course could not.</p>
<h2>Where it sits alongside everything else</h2>
<p>The CCaC is the character strand of the pathway. Its counterpart is the professional strand, kept current through <a href=""/help/certificates-cpd-accreditation/have-retake-code-ethics-training-every/"">annual Code of Ethics training</a>, and the two together are the ongoing compliance requirements at every level from Achologist Adept upward.</p>
<p>It is also one of <a href=""/help/community-and-conduct/difference-between-code-ethics-ccac-community/"">three separate codes</a>, which are easy to confuse: <a href=""/about/code-of-ethics/"">the Code of Ethics</a> governs professional practice, the CCaC develops character, and the Community Code of Conduct governs behaviour on the community platform.</p>
"
10030,ccac-green-red-status-mean,What do the green and red CCaC statuses indicate?,what do the green and red CCaC statuses indicate,green or red CCaC status,What Does a Green or Red CCaC Status Mean?,"A green or red CCaC status shows compliance. Green means 8 of 10 sessions are current within 12 months; red means fewer, and progress pauses.","<p>So what does a green or red CCaC status mean? They are the two states of your <a href=""/help/community-and-conduct/achology-code-character-conduct-ccac/"">Code of Character and Conduct</a> (CCaC) compliance. Green means at least 8 of your 10 Code of Character and Conduct sessions are current within a rolling 12-month period. Red means fewer than 8 are, and while you are red your progression on the pathway is paused until you restore it.</p>
<h2>How you move between the two</h2>
<p>Compliance is measured across a rolling twelve months rather than a fixed year, so <a href=""/help/community-and-conduct/many-ccac-sessions-need-complete-often/"">sessions drop out of the window</a> as time passes. Attend nothing for long enough and your count falls below eight on its own, without any decision having been made.</p>
<p>Coming back is the same mechanism in reverse. Attend enough sessions to bring the current count to eight or more and the status returns to green. There is no penalty period and no reapplication.</p>
<h2>What red actually stops, and what it does not</h2>
<p>Red pauses progression. It does not remove anything you have already earned, and it does not affect your access to <a href=""/courses/"">courses</a>, events or the community. Every credit and every level already verified stays exactly where it is.</p>
<p>What it means in practice is that further progress waits. Green status is a condition of advancing at every level from <a href=""/help/certificates-cpd-accreditation/achologist-adept/"">Achologist Adept</a> upward, sitting alongside <a href=""/help/certificates-cpd-accreditation/have-retake-code-ethics-training-every/"">annual Code of Ethics training</a> as the two ongoing compliance requirements.</p>
<h2>Why the status exists at all</h2>
<p>A status that can lapse is doing something a one-off <a href=""/certification/"">certificate</a> cannot. The Code of Character and Conduct treats character as built by examining yourself honestly, in good company, over time, so a member who worked through all ten virtue sessions three years ago and has not returned since is not in the same position as one who is still doing that work.</p>
<p>The colour is simply the visible form of that distinction. It keeps the character strand of the pathway a live commitment rather than something completed once and filed, which is the same reasoning behind the ethics training repeating annually and behind <a href=""/help/certificates-cpd-accreditation/have-each-year-keep-master-achologist/"">Master Achologist status having to be renewed each year</a>.</p>
<h2>Keeping it green without thinking about it</h2>
<p>The sessions run regularly through the year and are one of the many kinds of live event open every week to every member of Achology. Members who attend as a matter of routine rather than tracking a count rarely see red at all, and <a href=""/help/events-and-mentorship/choose-right-achology-event-level/"">choosing the right event for your level</a> helps if you are deciding where to spend your time.</p>
"
10031,achology-s-character-code-based-aristotle,Why does Achology's character code draw from Aristotle?,why does Achology's character code draw from Aristotle,character code based on Aristotle,Achology's Character Code Based on Aristotle,"Achology's character code based on Aristotle treats character as something built through deliberate practice, not something fixed at birth.","<p>So why is Achology's character code based on Aristotle? Because that tradition treats character as something you develop rather than something you are simply born with or without. For a learning community whose whole premise is that people are <a href=""/help/outcomes-and-expectations/achology-character-development/"">capable of growth</a>, a framework built on deliberate practice is the natural fit, and it is what the <a href=""/help/community-and-conduct/achology-code-character-conduct-ccac/"">Code of Character and Conduct</a> rests on.</p>
<h2>What virtue ethics actually says</h2>
<p>If the phrase is new to you, the idea behind it is plainer than it sounds. Most ethical systems ask what the rules are and whether you followed them. Virtue ethics asks a different question: what kind of person are you becoming.</p>
<p>Its answer is that good character is grown, through practice and honest effort, the same way any skill is. You are not born courageous or patient. You become so by acting that way, repeatedly, until it holds when it is inconvenient.</p>
<h2>The idea of the middle point</h2>
<p>Aristotle's particular contribution is that a virtue is not the opposite of a vice but the balanced point between two of them, one of excess and one of deficiency. Courage sits between recklessness and cowardice; generosity between wastefulness and meanness.</p>
<p>That structure is what makes the <a href=""/help/community-and-conduct/nine-ccac-virtues/"">nine virtues</a> usable in a session. Asked whether you are courageous, most people have no honest answer available. Asked which way you tend to lean, toward acting too fast or not acting at all, most people know immediately, and can say so in front of others without either boasting or confessing.</p>
<h2>Why a rules-based code would not have worked</h2>
<p>This is the part that explains the choice rather than merely describing it. Achology already has a rules-based instrument: the <a href=""/help/achology-basics-and-identity/achology-code-ethics/"">Code of Ethics</a> governs professional conduct, and rules are exactly right for that job.</p>
<p>What rules cannot do is prepare somebody for the situations a helping practitioner actually meets, which are rarely covered by a clause. A rule tells you not to breach confidentiality. It does not tell you what to do when a client's difficulty exceeds your competence and they are asking you not to send them elsewhere. What settles that is the character of the person in the chair.</p>
<h2>How it runs in practice</h2>
<p>Each of the nine virtues is worked through in <a href=""/help/community-and-conduct/many-ccac-sessions-need-complete-often/"">its own live session</a>, with reflection questions rather than instruction, in the company of other members doing the same. Holding eight of the ten sessions current is what keeps <a href=""/help/community-and-conduct/ccac-green-red-status-mean/"">your status green</a>.</p>
<p>The recurring requirement is the philosophy applied to the timetable. If character is built by practice over time, a code you read once could never deliver it, which is why the Code of Character and Conduct repeats and why it is one of <a href=""/help/community-and-conduct/difference-between-code-ethics-ccac-community/"">three separate codes</a> rather than a section inside the ethics one.</p>
"
10032,achology-s-five-community-principles,What are the five principles of Achology's community?,what are the five principles of Achology's community,five principles,The Five Principles of Achology's Community,"The five principles are Respect and Inclusivity, Active Engagement, Integrity and Professionalism, Ethical Conduct, and Shared Responsibility.","<p>So what are the five principles you agree to as a member of Achology? Respect and Inclusivity, Active Engagement, Integrity and Professionalism, Ethical Conduct, and Shared Responsibility. They come from the <a href=""/help/community-and-conduct/achology-code-character-conduct-ccac/"">Code of Character and Conduct</a> and set the behavioural benchmark for how members treat one another and the space they share.</p>
<h2>What each one means</h2>
<ul>
<li><strong>Respect and Inclusivity</strong>: diversity enriches the community, every perspective is valued, and respect is treated as the basis of growth.</li>
<li><strong>Active Engagement</strong>: learning is a shared effort, so members take part, listen with intention, ask thoughtful questions and give constructive feedback.</li>
<li><strong>Integrity and Professionalism</strong>: trust is built through consistent honesty, accountability and professionalism, including upholding confidentiality.</li>
<li><strong>Ethical Conduct</strong>: members respect others' rights, follow applicable laws, and contribute in ways aligned with the community's standards.</li>
<li><strong>Shared Responsibility</strong>: the community is a collective effort, so issues are addressed collaboratively rather than left to sour.</li>
</ul>
<h2>What they look like on an ordinary day</h2>
<p>These stop being abstractions the moment you are inside the community. Active Engagement is the member who reads a coaching post properly and gives a considered reply rather than a one-line reaction. Shared Responsibility is a group addressing a difficult thread openly and kindly instead of letting it fester. Integrity is somebody holding a confidence they were trusted with, months after the conversation.</p>
<p>None of that is dramatic. The principles describe the ordinary conduct that keeps a large learning community worth being part of, and <a href=""/help/community-and-conduct/achology-peer-learning-culture/"">the peer-learning culture</a> is what they produce when they hold.</p>
<h2>Why a learning community needs them stated</h2>
<p>Because of what members are asked to do here. People practise coaching on each other, bring real difficulties to <a href=""/help/events-and-mentorship/coaching-hot-seat/"">live sessions in front of a group</a>, and receive honest feedback on work they are not yet good at.</p>
<p>None of that is possible without a floor under it. A member will not put a genuine problem into a room that might mock it, and will not take feedback from people who have not shown good faith. The five principles are the conditions the practice depends on, which is why they are written down rather than assumed, and why <a href=""/help/community-and-conduct/achology-community-rules-moderation/"">moderation exists</a> to hold them.</p>
<p>They also govern disagreement rather than preventing it: <a href=""/help/community-and-conduct/achology-disagreement-open-discussion/"">how Achology approaches open disagreement</a> covers that, and <a href=""/help/community-and-conduct/achology-discussion-boundary-feels-unsafe/"">what to do if a discussion feels unsafe</a> covers the case where the floor gives way.</p>
<h2>How they sit alongside everything else</h2>
<p>The five principles are part of the Code of Character and Conduct and work with <a href=""/help/community-and-conduct/nine-ccac-virtues/"">the nine virtues</a> it trains: the virtues describe the character to develop, the principles describe how to conduct yourself with others while you develop it.</p>
<p>They are the community-facing expression of <a href=""/help/achology-basics-and-identity/achology-s-ten-value-commitments/"">the ten value commitments</a> and <a href=""/help/achology-basics-and-identity/achology-s-nine-value-based-principles/"">the nine value-based principles</a>, and they are distinct from the Community Code of Conduct, which is the platform's rulebook rather than a development framework.</p>
"
10033,character-traits-define-achologist,What are the suggested character traits of an Achologist?,what are the suggested character traits of an Achologist,character traits,What Character Traits Define an Achologist?,"The Achology Code of Ethics names 22 character traits that define an Achologist, grounded in honesty, integrity, kindness, and empathy.","<p>So what kind of person is an Achologist expected to be? The <a href=""/help/achology-basics-and-identity/achology-code-ethics/"">Achology Code of Ethics</a> names 22 character traits as the essential personal and moral qualities of an Achologist. They rest on a smaller set of moral foundations, which are honesty, integrity, kindness, fairness, respect, responsibility and empathy, with trust treated as the basis of every professional relationship.</p>
<h2>The 22 traits in full</h2>
<ul>
<li>Alertness, Attentiveness, Availability, Cautiousness.</li>
<li>Compassion, Cooperation, Courage, Diligence.</li>
<li>Discipline, Empathy, Enthusiasm, Flexibility.</li>
<li>Generosity, Honesty, Humility, Initiative.</li>
<li>Integrity, Orderliness, Patience, Positivity.</li>
<li>Resilience, Wisdom.</li>
</ul>
<h2>How the list is meant to be used</h2>
<p>These 22 character traits are an aspirational inventory rather than a test. They are qualities to grow toward and to examine honestly in yourself, and nobody is expected to hold all 22 in equal measure. Read as a checklist they would only produce discouragement, which is the opposite of what they exist for.</p>
<p>The useful way to read them is one at a time. Availability, for instance, is a real question for anyone helping others while holding down a job, and Cautiousness is a genuine tension for a practitioner who wants to be useful quickly.</p>
<h2>How these differ from the nine virtues</h2>
<p>The traits overlap with <a href=""/help/community-and-conduct/nine-ccac-virtues/"">the nine virtues</a> of the <a href=""/help/community-and-conduct/achology-code-character-conduct-ccac/"">Code of Character and Conduct</a>, and the two are easy to confuse, but they are separate instruments doing separate jobs.</p>
<p>The nine virtues are trained and tracked: each has <a href=""/help/community-and-conduct/many-ccac-sessions-need-complete-often/"">its own live session</a>, and holding eight of the ten current is a condition of progressing. These 22 traits are not tracked at all. They are held up as a description of the person the framework hopes you are becoming, and examined privately rather than assessed.</p>
<h2>Why character is named at all</h2>
<p>Most professional training describes only what a practitioner can do. Achology also describes who they are, because in helping work the two cannot be separated: a skilled practitioner who is careless with confidences, or impatient with people who are slow to change, does harm that technique cannot offset.</p>
<p>That reasoning is set out in full in <a href=""/help/outcomes-and-expectations/achology-character-development/"">why Achology emphasises character development</a>. Alongside these traits sit <a href=""/help/community-and-conduct/commit-practising-achologist/"">the commitments every practising Achologist makes</a> to clients, and <a href=""/help/community-and-conduct/standards-apply-trainee-achologists/"">the added standards that apply while you are still training</a>. Between them they describe the practitioner the whole pathway is trying to produce.</p>
"
10034,achology-code-ethics,What is the Achology Code of Ethics (Ethical Conduct)?,what is the Achology Code of Ethics (Ethical Conduct),Achology Code of Ethics,What Is the Achology Code of Ethics?,"The Achology Code of Ethics is the framework of professional conduct for every practising Achologist, grounded in virtue ethics.","<p>So what is <a href=""/about/code-of-ethics/"">the Code of Ethics</a>, and what does it ask of you in practice? The Achology Code of Ethics is the framework of professional conduct that every practising Achologist works within. Its formal name is the Ethical Framework for Practitioners of Applied Psychology. It is the primary reference members use when making decisions about their own conduct, whether professional, relational, financial, or social, and adhering to it is a condition of standing as a member.</p>
<h2>What it is grounded in</h2>
<p>The framework is built on virtue ethics, the tradition running from Socrates and the Stoics through <a href=""/help/community-and-conduct/achology-s-character-code-based-aristotle/"">Aristotle</a>, which emphasises cultivating good character over simply following rules. The handbook presents the code as an integrity health check rather than a box-ticking exercise, with the aim of helping members aspire to be better, not merely to do the right thing in the moment. Integrity is named its cornerstone virtue.</p>
<h2>The three ways it is used</h2>
<p>The code is not a document you read once and shelve. The handbook names three live uses for it: guiding everyday professional practice, including being open about it with a client at the outset; supporting ethical decision-making, giving you a structured way to weigh a real dilemma when two principles pull against each other; and supporting reflection, explicitly including the coaching and practice sessions on the pathway. In other words, it is meant to be used in the room, not admired on a shelf.</p>
<h2>How it is trained and kept current</h2>
<p>The code comes with a six-part video training course, working through moral and ethical excellence, the role of an ethically minded Achologist, the integrity health check, ongoing character development, the qualities that positively influence people, and a closing commitment to keep the practice alive. Attending the live Code of Ethics training once a year is a <a href=""/help/certificates-cpd-accreditation/have-retake-code-ethics-training-every/"">continuing professional development (CPD) compliance requirement from Achologist Adept onward</a>. It is one of <a href=""/help/community-and-conduct/difference-between-code-ethics-ccac-community/"">Achology's three conduct codes</a>, distinct from the <a href=""/help/community-and-conduct/achology-code-character-conduct-ccac/"">Code of Character and Conduct</a> and the Community Code of Conduct. Its values are expressed in more usable form as <a href=""/help/achology-basics-and-identity/achology-s-ten-value-commitments/"">the ten value commitments</a> and <a href=""/help/achology-basics-and-identity/achology-s-nine-value-based-principles/"">the nine value-based principles</a>.</p>"
10035,achology-s-ten-value-commitments,What are the ten core value commitments of Achology?,what are the ten core value commitments of Achology,ten value commitments,Achology's Ten Value Commitments,"Achology's ten value commitments come from its Code of Ethics, from upholding human dignity to ensuring affordable access to training.","<p>So what does Achology actually commit itself to? Ten value commitments, set out in its <a href=""/help/achology-basics-and-identity/achology-code-ethics/"">Code of Ethics</a>, which bind the organisation and its members alike. They shape the goals Achology sets and the decisions it makes.</p>
<h2>The ten commitments</h2>
<ul>
<li>Upholding human rights, individuality and dignity for all.</li>
<li>Actively supporting people in relieving personal suffering and distress.</li>
<li>Promoting the wellbeing, personal growth and capabilities of individuals.</li>
<li>Enhancing the quality of relationships between people, built on trust and understanding.</li>
<li>Strengthening personal resilience and effectiveness.</li>
<li>Encouraging people to embody virtuous and ethical characteristics in their interactions.</li>
<li>Maintaining the confidentiality of people's private information, prioritising their safety and wellbeing.</li>
<li>Upholding the integrity of the practitioner and client relationship in applied psychology.</li>
<li>Enhancing the usefulness of abstract psychological knowledge in practical, everyday applications.</li>
<li>Ensuring equitable and affordable access to training in applied psychology.</li>
</ul>
<h2>Where you can actually see them</h2>
<p>A list of values is worth only as much as the things it visibly produces, so it is fair to ask where each one shows up.</p>
<p>The confidentiality commitment is the root of <a href=""/help/privacy-and-legal/what-personal-data-achology-collects/"">the privacy positions</a> across <a href=""/policies/"">the policies</a>, and of the confidentiality standard <a href=""/help/community-and-conduct/commit-practising-achologist/"">every practising Achologist commits to</a> with clients.</p>
<p>The applied-knowledge commitment, the ninth, is why the platform is built around practice rather than study alone, and why <a href=""/help/certificates-cpd-accreditation/six-achology-cpd-statuses/"">progression past the first level</a> requires demonstrated practice rather than more completed <a href=""/courses/"">courses</a>.</p>
<p>The access commitment, the tenth, is the most visible of all. It is why <a href=""/help/achology-basics-and-identity/achology-knowledge-hub-free-read/"">the Knowledge Hub is free to read</a>, why <a href=""/help/membership-and-access/there-free-achology-membership-include/"">the free membership tier</a> gives real access rather than a preview, and why members deliver <a href=""/help/events-and-mentorship/offer-free-coaching-someone-outside-achology/"">complimentary coaching to people outside the community</a>.</p>
<h2>Why publish them at all</h2>
<p>Published commitments are checkable in a way private values never are. Anyone can read the tenth commitment and then look at what Achology charges for and what it gives away, and judge whether the two match. Values kept internal cannot be tested that way, which is most of the reason for putting them in a public document.</p>
<h2>How they fit the wider framework</h2>
<p>The ten value commitments sit alongside <a href=""/help/achology-basics-and-identity/achology-s-nine-value-based-principles/"">the nine value-based principles</a>, which turn these beliefs into a method for weighing a real decision, and <a href=""/help/community-and-conduct/achology-s-five-community-principles/"">the five community principles</a>, which express them in daily conduct between members.</p>
<p>Read together they say one thing in three registers: what Achology believes, how it decides, and how members behave.</p>
"
10037,seven-marks-maturity-achology-teaches,What are the seven signs of maturity that Achology teaches?,what are the seven signs of maturity that Achology teaches,marks of maturity,The Seven Marks of Maturity Achology Teaches,"Achology's seven marks of maturity describe a mature person: keeping commitments, indifference to flattery, humility, and character-led decisions.","<p>So what does Achology mean when it calls someone mature? The seven marks of maturity come from the <a href=""/help/achology-basics-and-identity/achology-code-ethics/"">Code of Ethics</a>, in a section on the essence of maturity, and they describe a mature person as someone whose decisions are rooted in values rather than in passing emotions or opinions. They give members a picture of the character the whole framework is trying to help them grow toward.</p>
<h2>The seven marks</h2>
<ul>
<li>Keeps long-term commitments, delaying gratification and honouring commitments even when they are uninspiring.</li>
<li>Is indifferent to flattery or criticism, holding a secure identity that is not shaken by external opinion.</li>
<li>Possesses a spirit of humility, honouring others and acknowledging their contributions.</li>
<li>Makes decisions based on character, acting proactively rather than looking for excuses.</li>
<li>Can prioritise self last, contributing to others' wellbeing in a balanced, discerning way.</li>
<li>Seeks wisdom before acting, keeping a teachable spirit and valuing counsel from the wise.</li>
<li>Consistently expresses gratitude.</li>
</ul>
<h2>What they are describing</h2>
<p>Notice what is absent from that list. There is nothing about age, qualifications, confidence or success. Every one of the seven is about where a person's decisions come from when circumstances are not helping.</p>
<p>The second is the one members most often stop at. Indifference to flattery or criticism does not mean not caring what anyone thinks. It means holding an identity steady enough that praise does not inflate it and criticism does not collapse it, which for anyone who intends to sit with other people's difficulties is not a luxury but a working requirement.</p>
<h2>Why maturity is written into an ethical framework at all</h2>
<p>Because in helping work, technique is not the thing that fails first. A practitioner who needs the client's approval, who cannot delay their own gratification, or who is unteachable, will make poor decisions with perfectly good methods.</p>
<p>That is the reasoning behind Achology treating character as trainable rather than assumed, set out in <a href=""/help/outcomes-and-expectations/achology-character-development/"">why Achology emphasises character development</a>, and it is why the marks of maturity are offered as a description to grow into rather than a test to pass. Nobody meets all seven consistently.</p>
<h2>How they connect to everything else</h2>
<p>The marks are one of four related pictures of the same person. They line up with <a href=""/help/achology-basics-and-identity/achology-s-nine-value-based-principles/"">the nine value-based principles</a>, where Maturity in Character is itself named as one of the nine, and with <a href=""/help/achology-basics-and-identity/character-traits-define-achologist/"">the 22 character traits</a> <a href=""/about/code-of-ethics/"">the Code of Ethics</a> sets out.</p>
<p>Where those are aspirational, <a href=""/help/community-and-conduct/nine-ccac-virtues/"">the nine virtues</a> of the Code of Character and Conduct are the strand that is actually trained and tracked, through <a href=""/help/community-and-conduct/many-ccac-sessions-need-complete-often/"">live sessions on a rolling requirement</a>. Read together they say the same thing in four registers: what to aspire to, what to decide by, what to become, and what gets practised.</p>
"
10038,commit-practising-achologist,What are my commitments as a practising Achologist?,what are my commitments as a practising Achologist,commitments of a practising achologist,The Commitments of a Practising Achologist,"The commitments of a practising Achologist are five ethical standards: client needs first, competence, honouring relationships, and confidentiality.","<p>So what exactly are you committing to when you start working with clients? The commitments of a practising Achologist are five ethical standards taken on when serving the public, which come from the <a href=""/help/achology-basics-and-identity/achology-code-ethics/"">Achology Code of Ethics</a>. Meeting them is a condition of standing as a member.</p>
<h2>The five commitments</h2>
<ul>
<li>Always put the client's needs first, ahead of your own interests.</li>
<li>Work to a high standard, keeping your professional development current so your practice stays sharp.</li>
<li>Work within your competencies, and be honest about them in relation to a client's situation.</li>
<li>Maintain healthy, honouring relationships, held with unconditional positive regard, authenticity and empathy.</li>
<li>Maintain confidentiality, <a href=""/policies/privacy-policy/"">privacy</a> and trust, never disclosing a client's information without consent or genuine necessity.</li>
</ul>
<h2>The third one is the difficult one</h2>
<p>Four of the five read as things any decent practitioner would agree to without argument. Working within your competencies is the one that costs something, because it means saying no.</p>
<p>Somebody arrives with a difficulty that is outside what you are trained for, or beyond what coaching can reach. They are in front of you, they want help, and you could try. The commitment says be honest about your competence in relation to their situation, which in practice means telling them this is not the right place and, where you can, saying where might be.</p>
<p>That is also why the second commitment exists alongside it. Keeping your development current is what widens the range of situations you can genuinely take on, rather than widening what you are willing to attempt.</p>
<h2>What sits alongside the five</h2>
<p>The code adds several practical duties. When you offer services to the public you make sure <a href=""/help/outcomes-and-expectations/achology-professional-indemnity-insurance/"">appropriate insurance</a> is in place, and you hold the same standards whether you work online or in person. You are also expected to be accountable, meaning ready to explain how you have met your obligations if asked.</p>
<p>All of it exists for one purpose: protecting the client's interests and their capacity to decide for themselves. That last part matters. The commitments are not written to make you cautious. They are written so the person in front of you stays the one making decisions about their own life.</p>
<h2>How these connect to the rest of the framework</h2>
<p>The five commitments are <a href=""/about/code-of-ethics/"">the Code of Ethics</a> in its most usable form, expressing the same values as <a href=""/help/achology-basics-and-identity/achology-s-ten-value-commitments/"">the ten value commitments</a> and <a href=""/help/achology-basics-and-identity/achology-s-nine-value-based-principles/"">the nine value-based principles</a>, which are what you reach for when two obligations pull against each other.</p>
<p>They assume <a href=""/help/achology-basics-and-identity/character-traits-define-achologist/"">the character traits</a> expected of an Achologist, they are kept current through <a href=""/help/certificates-cpd-accreditation/have-retake-code-ethics-training-every/"">annual ethics training</a>, and they apply with added care while you are still training, which <a href=""/help/community-and-conduct/standards-apply-trainee-achologists/"">the standards for a trainee Achologist</a> sets out.</p>
"
10039,standards-apply-trainee-achologists,Which professional standards apply to a trainee Achologist?,which professional standards apply to a trainee Achologist,standards for a trainee achologist,The Standards for a Trainee Achologist,"The standards for a trainee Achologist include telling clients of trainee status, anonymising client work, and meeting the same ethical standards.","<p>So what is expected of you while you are still training? The standards for a trainee Achologist apply to members still working through a practitioner qualification course, who hold to the same <a href=""/help/achology-basics-and-identity/achology-code-ethics/"">ethical framework</a> as qualified members, with a few added responsibilities that reflect where they are. The central one is honesty about status: a trainee tells clients, or makes sure they know, that they are training.</p>
<h2>What trainees commit to</h2>
<ul>
<li>Tell clients you are a trainee. After qualifying, whether to disclose past trainee status becomes a matter of professional judgement.</li>
<li>Get permission before using any client work for educational purposes, with identities thoroughly anonymised, and treat consent as mandatory wherever anonymity cannot be guaranteed.</li>
<li>Provide services that meet the framework's professional, moral and ethical standards.</li>
<li>Work with reasonable care and skill, collaborating with senior practitioners and professional advisors.</li>
<li>Stay mindful of any conflict between obligations, such as to other clients or to a training provider, and seek guidance.</li>
<li>Talk honestly with trusted members of the community about your training, your client work and your ethical practice.</li>
</ul>
<h2>Why disclosure comes first</h2>
<p>Of the six, telling clients you are training is the one everything else rests on, and it is the one trainees find hardest. Saying it out loud can feel like an admission of not being good enough yet.</p>
<p>It is the opposite. A person deciding whether to work with you is entitled to know what they are agreeing to, and a trainee who says so is demonstrating exactly the honesty the framework asks for. Most people, told plainly, are entirely willing. What they object to is finding out later.</p>
<h2>How the pathway protects the people you practise on</h2>
<p>The standards are not the only safeguard, which is worth knowing if practising while still learning sounds uncomfortable. The structure itself is built so that you practise on the people best able to absorb it first.</p>
<p>You receive coaching as a client before delivering any. Peer coaching comes next, with fellow members who understand the learning context. Only at <a href=""/help/certificates-cpd-accreditation/senior-achologist-two-levels/"">Senior Achologist (Level One)</a> does <a href=""/help/events-and-mentorship/cips-when-need-them/"">coaching people outside the community</a> begin, by which point you have completed <a href=""/courses/"">courses</a>, been coached repeatedly and received structured feedback on your own practice.</p>
<h2>Where these standards sit</h2>
<p>They are additions to, not replacements for, <a href=""/help/community-and-conduct/commit-practising-achologist/"">the commitments every practising Achologist makes</a> to clients, and they assume <a href=""/help/achology-basics-and-identity/character-traits-define-achologist/"">the character traits</a> the community expects throughout.</p>
<p>Two of the six, seeking guidance and talking honestly with other members, are not restrictions at all. They describe the ordinary use of a learning community, and <a href=""/help/events-and-mentorship/mentoring-opportunities-achology-membership/"">the mentoring available with membership</a> is where most trainees find them.</p>
"
10040,there-free-achology-membership-include,"Is there a free Achology membership tier, and what does it include?","is there a free Achology membership tier, and what does it include",free achology membership,Is There a Free Achology Membership Tier?,"Yes. Free Achology membership gives access to free weekday events, the coaching board, the discussion forum, and quarterly ethics training.","<p>So can you join Achology without paying anything, and what do you actually get? Yes, there is a free Achology <a href=""/membership/"">membership</a> tier and it needs no payment to join. It is a real membership with genuine access rather than a preview screen: <a href=""/free-events/"">free events</a> through the week, the coaching board, the discussion forum, and the quarterly live <a href=""/about/code-of-ethics/"">Code of Ethics</a> training.</p>
<h2>What free Achology membership includes</h2>
<ul>
<li>The events calendar, with free events running Monday to Friday, excluding holidays.</li>
<li>The coaching board, where you can apply for one-to-one coaching sessions offered by subscribing members.</li>
<li>The discussion forum, where you can ask questions of <a href=""/accreditation/"">Society of Modern Applied Psychology</a> (SoMAP) members and the Achology Eldership.</li>
<li>The quarterly live <a href=""/help/certificates-cpd-accreditation/have-retake-code-ethics-training-every/"">Code of Ethics training</a>.</li>
</ul>
<h2>What your first week can look like</h2>
<p>Join a free event, post to the coaching board and apply for a session, then start reading and asking in the forum. None of that costs anything.</p>
<p>It is also enough to answer the question most people actually have at this stage, which is not what the features are but whether these are their kind of people and whether it is worth their time. The free tier exists so you can find that out honestly rather than from a sales page.</p>
<h2>What it does not include, and why</h2>
<p>The free tier does not include the <a href=""/courses/"">courses</a>, the unlimited live sessions, or <a href=""/help/events-and-mentorship/mentoring-opportunities-achology-membership/"">the structured mentorship</a>. Those sit with paid <a href=""/help/pricing-and-payments/difference-between-monthly-annual-achology-membership/"">Achology Membership</a>, at $7 for the first 30 days and then $34.50 a month.</p>
<p>The line is not drawn where you might expect. What is given away is the community, and what is charged for is the structured training inside it. That is the opposite of the usual arrangement, where free access means a locked room with a window in it.</p>
<h2>Why it exists at all</h2>
<p>Two reasons, and the second is the one worth knowing.</p>
<p>The first is <a href=""/help/achology-basics-and-identity/achology-s-ten-value-commitments/"">the commitment to equitable and affordable access</a>, the same one behind <a href=""/help/achology-basics-and-identity/achology-knowledge-hub-free-read/"">the free Knowledge Hub</a> and <a href=""/help/events-and-mentorship/offer-free-coaching-someone-outside-achology/"">complimentary coaching for people outside the community</a>.</p>
<p>The second is that the free tier is load-bearing for the pathway itself. Subscribing members working toward a level need people to coach and to teach, and free members are part of who they practise with. So the arrangement is not charity in one direction: a free member receives real coaching, and a paying member receives the practice that <a href=""/help/certificates-cpd-accreditation/six-achology-cpd-statuses/"">their progression depends on</a>.</p>
<p>If you are weighing up going further, <a href=""/help/getting-started/membership-first-or-course-first/"">membership first or a course first</a> is the practical next question and <a href=""/help/pricing-and-payments/how-much-does-achology-cost/"">the fuller cost picture</a> sets out every option.</p>
"
10041,difference-between-monthly-annual-achology-membership,How do monthly and annual Achology memberships differ?,how do monthly and annual Achology memberships differ,monthly vs annual membership,Achology Membership: Monthly vs Annual Membership,"Monthly vs annual membership: monthly is $7 for 30 days then $34.50 a month. Annual is $345 a year, saving about two months.","<p>So should you pay monthly or annually, and what is the real difference? Monthly vs annual membership comes down to how you pay and how much you save with <a href=""/membership/"">Achology Membership</a>. Monthly is $7 for your first 30 days, then $34.50 a month, billed each month until you cancel. Annual is $345 for a full year, paid once. Both give you exactly the same access to the community; the only thing that changes is the commitment and the cost.</p>
<h2>What each one costs</h2>
<ul><li>Monthly: $7 for the first 30 days, then $34.50 per month, <a href=""/help/refunds-and-billing/cancel-achology-membership-anytime/"">cancellable at any time</a> to stop future payments.</li><li>Annual: $345 per year, which works out at roughly two months free compared with paying monthly for a year, and renews annually unless you cancel before the renewal date.</li></ul>
<h2>What that access actually contains</h2>
<p>Whichever plan you choose, membership is where the practising side of Achology happens: access to <a href=""/courses/"">courses</a>, unlimited live sessions, <a href=""/help/events-and-mentorship/mentoring-opportunities-achology-membership/"">structured mentorship</a>, the coaching board, daily discussion groups, and the networking that runs through it all. It is the difference between owning a course and taking part in a community, which is worth being clear about before you choose a plan: <a href=""/help/membership-and-access/difference-membership-courses-achology/"">membership and courses</a> are not the same purchase.</p>
<h2>Which one to choose</h2>
<p>The monthly plan, with its <a href=""/help/pricing-and-payments/achology-free-trial-introductory-offer/"">$7 first month</a>, is the low-commitment way in: sensible if you want to try the community or are not yet sure how long you will stay. The annual plan is the better value if you already know you want to be part of Achology for the year, since it saves you about two months' worth of payments. One honest point either way: membership is non-refundable once your access starts, because that access begins immediately, though you can cancel at any time to stop future payments. So if you are unsure, the monthly trial is the gentler place to begin, and the <a href=""/help/membership-and-access/there-free-achology-membership-include/"">free tier</a> is gentler still.</p>"
10042,course-included-free-membership-happens-when,My course included free membership. What happens when it ends?,my course included free membership. What happens when it ends,free course membership,What Happens When Your Free Course Membership Ends?,"When your free course membership ends, it continues automatically at the standard monthly rate of $34.50 until you cancel it inside Circle.","<p>So what happens when your free course <a href=""/membership/"">membership</a> runs out? It does not simply stop. A course purchase comes with three months of complimentary Achology Membership, and when those three months end the membership continues automatically at the standard rate of $34.50 a month until you cancel it. You can <a href=""/help/refunds-and-billing/cancel-achology-membership-anytime/"">cancel at any time</a> inside the community platform, <a href=""/help/technical-help/what-is-circle-achology-community/"">Circle</a>, which stops all future payments.</p>
<h2>What you need to do, either way</h2>
<ul>
<li>To keep your community access: nothing. It carries on and you are billed monthly once the complimentary period ends.</li>
<li>To stop it: cancel before the three months are up, and no payment is taken.</li>
<li>Either way, the course you bought is unaffected. Cancelling stops future payments; it does not remove <a href=""/help/pricing-and-payments/achology-lifetime-access-explained/"">the lifetime access to the course itself</a>.</li>
</ul>
<h2>Why the membership continues rather than lapsing</h2>
<p>This is the part worth understanding rather than being caught by. The three months are not a trial of a product you might later buy. They are the community half of what you already bought, and it runs on from the first day.</p>
<p>Course study and community membership are <a href=""/help/membership-and-access/difference-membership-courses-achology/"">two different things</a>. The course gives you the material. The community is where the practice happens: the live events, the coaching board, the peer sessions and the mentorship that <a href=""/help/membership-and-access/what-does-achology-membership-include/"">membership includes</a>. Including three months with every course is how <a href=""/help/membership-and-access/why-achology-includes-community-course-prices/"">Achology puts the two together</a> rather than selling study on its own, since study without practice does not produce a practitioner.</p>
<p>Whether that continues is genuinely your call, and it is a single click either way. Free course membership is not withdrawn without notice: it simply moves onto the standard monthly rate once the complimentary period ends.</p>
<h2>Two things that catch people out</h2>
<p>The complimentary period is longer with some purchases. The <a href=""/help/membership-and-access/achology-access-all-areas-pass/"">Access All Areas Pass</a> includes twelve months rather than three, as do the <a href=""/help/membership-and-access/achology-school-bundles-how-they-work/"">school bundles</a>, so the date you are watching for is not always three months out.</p>
<p>And membership is <a href=""/help/refunds-and-billing/achology-membership-refund/"">non-refundable once access has started</a>, because that access begins immediately. If you decide it is not for you, cancelling to stop future payments is the route, rather than asking for a month already under way to be returned. If you are refunding the course as well, <a href=""/help/refunds-and-billing/refund-course-complimentary-membership-cancel-too/"">the two are handled separately</a> and both need doing.</p>
<h2>If you are deciding whether to keep it</h2>
<p><a href=""/help/pricing-and-payments/difference-between-monthly-annual-achology-membership/"">Monthly against annual</a> sets out the cost either way, and <a href=""/help/events-and-mentorship/mentoring-opportunities-achology-membership/"">the mentoring that comes with membership</a> is the part course buyers most often underestimate.</p>
"
10043,refund-course-complimentary-membership-cancel-too,"If I request a refund on a course, will I lose my free membership?","if I request a refund on a course, will I lose my free membership",cancel membership after a refund,Do You Need to Cancel Membership After a Refund?,"No, you do not need to cancel membership after a refund automatically: refunding a course does not cancel the membership that came with it.","<p>So is it necessary to cancel membership after a refund? No, it is not automatic. Refunding a course does not, by itself, cancel the complimentary Achology <a href=""/membership/"">Membership</a> that came with it. The two are handled separately, so if you refund a course within the <a href=""/help/refunds-and-billing/does-achology-offer-a-money-back-guarantee/"">14-day money-back guarantee</a> and you do not want the membership to continue either, you need to cancel the membership yourself.</p>
<h2>What to do, in order</h2>
<ul>
<li>Request the course refund through <a href=""/help/refunds-and-billing/how-to-request-achology-refund/"">the usual refund process</a>, within 14 days of purchase.</li>
<li><a href=""/help/refunds-and-billing/cancel-achology-membership-anytime/"">Cancel the membership</a> inside the community platform, <a href=""/help/technical-help/what-is-circle-achology-community/"">Circle</a>, which stops all future payments.</li>
<li>Do both at the same time, so nothing is left running quietly in the background.</li>
</ul>
<h2>Why this catches people out</h2>
<p>A course bought from Achology comes with three months of complimentary membership. Cancel nothing and, when those three months end, <a href=""/help/membership-and-access/course-included-free-membership-happens-when/"">the membership continues automatically</a> at $34.50 a month.</p>
<p>So somebody who <a href=""/policies/refund-policy/"">refunds</a> a course, assumes everything attached to it has gone, and hears nothing for three months can be surprised by a charge they were not expecting. Cancelling at the same time as the refund removes that entirely.</p>
<h2>Why the two are separate in the first place</h2>
<p>They are separate because they are different kinds of thing. A course is a one-off purchase of material you keep, which is why it carries a 14-day guarantee: you can look at it, decide it is not for you, and hand it back.</p>
<p>Membership is not a thing you own but access you are using from the moment it starts, to <a href=""/help/membership-and-access/what-does-achology-membership-include/"">live events, the coaching board and the community</a>. That is why <a href=""/help/refunds-and-billing/achology-membership-refund/"">membership is non-refundable once access has begun</a> while remaining cancellable at any time. You are not tied in; you simply are not refunded for access you have already had.</p>
<h2>If you are stepping away entirely</h2>
<p>Request the course refund and cancel the membership, and nothing further will be charged. Anything you have already earned toward a member level is unaffected by either action, and <a href=""/help/certificates-cpd-accreditation/cpd-journey-after-leaving-achology/"">what happens to your progress if you leave</a> covers where that record stands.</p>
<p>If the reason for the refund is something that might be fixable, <a href=""/help/refunds-and-billing/achology-refund-technical-issues/"">a technical problem</a> and <a href=""/help/refunds-and-billing/achology-refund-disagree-course-content/"">disagreeing with course content</a> are each treated on their own terms, and <a href=""/help/refunds-and-billing/achology-refund-policy-explained/"">the refund policy</a> sets out the whole position.</p>
"
10044,many-courses-achology-offer-total,What is the total number of courses offered by Achology?,what is the total number of courses offered by Achology,how many achology courses,How Many Achology Courses Are There in Total?,"How many Achology courses are there? Achology offers 28 individual courses in total, grouped into seven schools of applied psychology.","<p>So how many Achology <a href=""/courses/"">courses</a> are there in total? Achology offers 28 individual courses in total, grouped into <a href=""/help/curriculum-and-subjects/seven-schools-achology-curriculum-explained/"">seven schools of applied psychology</a>, each school gathering the courses that belong to one field. They range from short, focused masterclasses of ten to sixteen hours up to full practitioner diploma courses, so the catalogue holds both a first taste of a subject and a complete professional training in it.</p>
<h2>How the 28 are organised</h2>
<p><a href=""/academy/schools/"">The seven schools</a> are <a href=""/academy/neuro-linguistic-programming/"">the School of Neuro-Linguistic Programming (NLP)</a>, <a href=""/academy/cognitive-behavioural-psychology/"">the School of Cognitive Behavioural Psychology (CBP)</a>, <a href=""/academy/life-coaching/"">the School of Life Coaching and Professional Helping</a>, <a href=""/academy/person-centred-counselling/"">the School of Person-Centred Counselling and Psychology</a>, <a href=""/academy/mindfulness/"">the School of Mindfulness, Applied Insight and Wisdom (MIW)</a>, <a href=""/academy/mental-health/"">the School of Mental Health, Wellness and Emotional Resilience</a>, and the School of Personal Growth and Development (PGD). Because some subjects genuinely belong to more than one field, <a href=""/help/curriculum-and-subjects/any-achology-courses-appear-more-than/"">a single course can sit in more than one school</a>, so the schools' totals add up to more than 28.</p>
<p>The clearest example is the Diploma Course in Modern Applied Psychology (DiMAP), the foundational course that appears in all seven.</p>
<h2>Where to start among 28</h2>
<p>Twenty-eight is a lot to face at once, so most people do not choose a course so much as choose a direction. If you are new, the <a href=""/help/curriculum-and-subjects/achology-s-three-learning-paths/"">three learning paths</a> are the simplest way in, grouping the catalogue by goal rather than by subject.</p>
<p>If you already know the field you want, <a href=""/help/curriculum-and-subjects/which-courses-included-each-school-bundle/"">each school bundle</a> collects its courses in one place. And the foundational diploma, DiMAP, is where a great many members begin, because it underpins the rest.</p>
<h2>Ways to buy them</h2>
<p>You can take a course on its own, buy a whole school as a bundle, or take the <a href=""/help/membership-and-access/achology-access-all-areas-pass/"">Access All Areas Pass</a>, which includes all 28 courses. Whichever route you choose, the courses themselves are identical; the difference is only how many you gain access to at once, and the <a href=""/help/pricing-and-payments/how-much-does-achology-cost/"">fuller cost picture</a> sets out what each option costs.</p>"
10045,which-courses-included-each-school-bundle,What courses are part of each Achology school bundle?,what courses are part of each Achology school bundle,courses in each school bundle,The Courses in Each School Bundle,"Courses in each school bundle range from five to twelve, one bundle per school, spanning all seven of Achology's schools.","<p>So what courses in each school bundle can you expect? Each of Achology's seven <a href=""/academy/schools/"">schools</a> is a bundle of <a href=""/courses/"">courses</a> in one field. Six of the schools hold five or six courses; <a href=""/academy/personal-growth/"">the School of Personal Growth and Development</a> holds twelve. The <a href=""/academy/neuro-linguistic-programming/diploma-modern-applied-psychology/"">Diploma Course in Modern Applied Psychology</a> (DiMAP) is shared across all seven, because it is the foundational course the whole catalogue builds on.</p>
<p>A note on the figures below: because <a href=""/help/curriculum-and-subjects/any-achology-courses-appear-more-than/"">some courses appear in more than one school</a>, the student totals count those shared courses under each school, so they overlap rather than sum.</p>
<h2>The seven schools and their courses</h2>
<ul><li>School of Neuro-Linguistic Programming (NLP), 5 courses, 162+ hours: DiMAP, <a href=""/academy/neuro-linguistic-programming/beginners-guide-nlp/"">A Beginner's Guide to Neuro-Linguistic Programming</a> (NLP), <a href=""/academy/neuro-linguistic-programming/nlp-practitioner/"">Neuro-Linguistic Programming (NLP) Practitioner Training</a>, <a href=""/academy/neuro-linguistic-programming/nlp-master-practitioner/"">Neuro-Linguistic Programming Master Practitioner Course</a>, and <a href=""/academy/neuro-linguistic-programming/mindset-mastery-self-discovery/"">Mindset Mastery</a>.</li><li>School of Cognitive Behavioural Psychology (CBP), 5 courses, 121+ hours: DiMAP, Cognitive Behavioural Therapy (CBT) Practitioner Course, The CBT Toolkit, Cognitive Behavioural Therapy for Mental Health and Wellness, and The Strategic Goal Setting and Action Planning Masterclass.</li><li>School of Life Coaching and Professional Helping, 6 courses, 150+ hours: DiMAP, Life Coaching Certificate Course (Beginner to Advanced), Life Coaching Blueprint, The Skilled Helper Training Course (with Prof. Gerard Egan), Skilled Helper Practitioner Course (Advanced to Expert), and The Clarity, Purpose and Personal Effectiveness Masterclass.</li><li>School of Person-Centred Counselling and Psychology, 5 courses, 145+ hours: DiMAP, Hypnotherapy Practitioner Course, Counselling Skills Practitioner Course, The Skilled Helper Training Course (with Prof. Gerard Egan), and The Communication Skills and Social Intelligence Masterclass.</li><li>School of Mindfulness, Applied Insight and Wisdom (MIW), 5 courses, 121+ hours: DiMAP, Mindfulness Practitioner Diploma Course, Mindfulness for Mental Health, Personal Growth and Inner Peace, Mindfulness for Highly Efficient Management and Leadership, and The Clarity, Purpose and Personal Effectiveness Masterclass.</li><li>School of Mental Health, Wellness and Emotional Resilience, 5 courses, 131+ hours: DiMAP, Mental Health and Wellbeing Practitioner Diploma Course, Cognitive Behavioural Therapy for Mental Health and Wellness, Mindfulness for Mental Health, Personal Growth and Inner Peace, and Mindset Mastery.</li><li>School of Personal Growth and Development (PGD), 12 courses, 183+ hours: DiMAP plus eleven personal-development courses spanning self-belief, confidence, emotional intelligence, clarity and purpose, goal setting, communication, productivity, mental toughness, relationships, leadership-focused mindfulness, and entrepreneurship.</li></ul>
<h2>Buying a school</h2>
<p>Each <a href=""/help/membership-and-access/achology-school-bundles-how-they-work/"">school bundle</a> includes its courses plus twelve months of Achology Membership, and works out cheaper than buying the same courses separately.</p>
<p>If you want everything, the <a href=""/help/membership-and-access/achology-access-all-areas-pass/"">Access All Areas Pass</a> includes <a href=""/help/curriculum-and-subjects/many-courses-achology-offer-total/"">all 28 courses</a> across all seven schools.</p>"
10046,any-achology-courses-appear-more-than,Are there Achology courses that are included in multiple bundles?,are there Achology courses that are included in multiple bundles,achology courses in multiple bundles,Are There Achology Courses in Multiple Bundles?,"Yes, Achology courses in multiple bundles do exist: the Diploma Course in Modern Applied Psychology (DiMAP) appears in all seven schools.","<p>So are there Achology courses in multiple bundles? Yes. Several <a href=""/courses/"">courses</a> are shared across more than one school bundle, because some subjects genuinely belong to more than one field, Neuro-Linguistic Programming (NLP) and Cognitive Behavioural Therapy (CBT) among them. The clearest example is the <a href=""/academy/neuro-linguistic-programming/diploma-modern-applied-psychology/"">Diploma Course in Modern Applied Psychology</a> (DiMAP), which appears in <a href=""/help/curriculum-and-subjects/which-courses-included-each-school-bundle/"">all seven schools</a> as the foundational course the rest build on.</p>
<h2>The shared courses</h2>
<ul>
<li>Diploma Course in Modern Applied Psychology (DiMAP): in all seven <a href=""/academy/schools/"">schools</a>.</li>
<li><a href=""/academy/neuro-linguistic-programming/mindset-mastery-self-discovery/"">Mindset Mastery</a>: The Ultimate NLP-Based Guide to Self-Discovery: in the NLP school and the Mental Health school.</li>
<li><a href=""/academy/cognitive-behavioural-psychology/cbt-mental-health/"">Cognitive Behavioural Therapy for Mental Health and Wellness</a>: in the Cognitive Behavioural Psychology (CBP) school and the Mental Health school.</li>
<li><a href=""/academy/life-coaching/skilled-helper/"">The Skilled Helper Training Course</a> (with Prof. <a href=""/about/instructors/gerard-egan/"">Gerard Egan</a>): in the Life Coaching school and the Person-Centred school.</li>
<li><a href=""/academy/mindfulness/mindfulness-mental-health/"">Mindfulness for Mental Health, Personal Growth and Inner Peace</a>: in the Mindfulness school and the Mental Health school.</li>
<li>Mindfulness for Highly Efficient Management and Leadership: in the Mindfulness school and the Personal Growth school.</li>
<li>The Clarity, Purpose and Personal Effectiveness Masterclass: in the Life Coaching, Mindfulness and Personal Growth schools.</li>
<li>The Strategic Goal Setting and Action Planning Masterclass: in the CBP school and the Personal Growth school.</li>
<li>The Communication Skills and Social Intelligence Masterclass: in the Person-Centred school and the Personal Growth school.</li>
</ul>
<h2>Why the overlap exists</h2>
<p>It would be tidier to file every course under exactly one heading, and it would also be false. Cognitive behavioural work genuinely belongs both to its own tradition and to mental health practice. Mindfulness belongs both to contemplative practice and to leadership. Forcing a single home on each course would make the catalogue look neater and describe the subject less accurately.</p>
<p>DiMAP sits in all seven for a stronger reason still: it is the foundation the rest assume. That is also why <a href=""/help/certificates-cpd-accreditation/senior-achologist-two-levels/"">the pathway requires it by Senior Achologist (Level One)</a>, whichever field you are heading into.</p>
<h2>What this means when you buy</h2>
<p>If you buy more than one school, a shared course may appear in both, and you lose nothing by it: you keep <a href=""/help/pricing-and-payments/achology-lifetime-access-explained/"">lifetime access</a> to the course either way, and you are not charged twice for the same material within a bundle's price.</p>
<p>What it does mean is that two bundles are not always twice the content. If you are choosing between school bundles, it is worth looking at the overlap before assuming the second one doubles what you have.</p>
<h2>If you would rather not track any of this</h2>
<p>The <a href=""/help/membership-and-access/achology-access-all-areas-pass/"">Access All Areas Pass</a> includes <a href=""/help/curriculum-and-subjects/many-courses-achology-offer-total/"">all 28 courses</a> once, with no overlaps to work out, and twelve months of membership. <a href=""/help/membership-and-access/achology-school-bundles-how-they-work/"">How the school bundles work</a> covers buying by field instead, and <a href=""/help/curriculum-and-subjects/achology-s-three-learning-paths/"">the three learning paths</a> are the simpler way in if you are still deciding on a direction rather than a subject.</p>
"
10047,achology-s-three-learning-paths,What are the three learning paths offered by Achology?,what are the three learning paths offered by Achology,achology's three learning paths,What Are Achology's Three Learning Paths?,"Achology's three learning paths are Mental Health and Wellbeing, Personal Growth and Development, and Applied Psychology Certification.","<p>So where do you start if you do not yet know which course you want? Achology's three learning paths group its <a href=""/courses/"">courses</a> by goal, a simpler way to find your direction than working through <a href=""/help/curriculum-and-subjects/many-courses-achology-offer-total/"">all 28 courses</a> one by one. They are Mental Health and Wellbeing, Personal Growth and Development, and Applied Psychology <a href=""/certification/"">Certification</a>. Some courses sit in more than one path, because the same learning can serve more than one goal.</p>
<h2>What each path is for</h2>
<ul><li>Mental Health and Wellbeing: courses focused on understanding and supporting mental health, resilience, and emotional wellbeing, both for yourself and for the people you help.</li><li>Personal Growth and Development: courses focused on confidence, communication, clarity, productivity, and personal effectiveness, for people who want to grow in their own lives and work.</li><li>Applied Psychology Certification: the Practitioner Certification courses that are required for continuing professional development (CPD)  progression toward <a href=""/help/certificates-cpd-accreditation/six-achology-cpd-statuses/"">Achologist status and beyond</a>.</li></ul>
<h2>How to choose between them</h2>
<p>The honest way to use the paths is to start from why you are here, not from the course list. If your aim is professional practice and <a href=""/accreditation/"">accreditation</a>, the Applied Psychology Certification path holds the courses the pathway actually counts, so that is where to look first.</p>
<p>If you want to support your own or others' mental health, the Mental Health and Wellbeing path points you at the courses built for that. If your aim is personal growth in your work and relationships, the Personal Growth path is the one.</p>
<p>Someone training to coach professionally and someone wanting to steady their own life will pick different starting points, and the paths exist to make that first choice obvious.</p>
<h2>How paths relate to schools</h2>
<p>The paths and <a href=""/help/curriculum-and-subjects/seven-schools-achology-curriculum-explained/"">the seven schools</a> are two views of the same catalogue. A path groups courses by the goal you are pursuing; a school groups them by subject.</p>
<p>They are a way of choosing where to start, not fixed tracks you are locked into, and you are free to take courses from more than one path. If you would rather not choose at all, <a href=""/help/curriculum-and-subjects/which-courses-included-each-school-bundle/"">the school bundles</a> and the <a href=""/access-all-areas/"">Access All Areas</a> option give you whole groups at once.</p>"
10048,dimap-course-upgrade,What does the DiMAP course upgrade include?,what does the DiMAP course upgrade include,dimap course upgrade,What Does the DiMAP Course Upgrade Include?,The DiMAP course upgrade bundles the Diploma Course in Modern Applied Psychology (DiMAP) with twelve months of Achology Membership for $399.,"<p>So what does the DiMAP course upgrade include? The <a href=""/academy/neuro-linguistic-programming/diploma-modern-applied-psychology/"">Diploma Course in Modern Applied Psychology</a> (DiMAP) has an upgrade bundle of its own, aimed at anyone who already knows they want to be part of the community for the full year ahead. The DiMAP course upgrade pairs the diploma with twelve months of <a href=""/membership/"">Achology Membership</a>, for $399, rather than the three months of membership that come with the standard course on its own.</p>
<p>It is an upgrade on buying the diploma by itself, which is $299 and comes with <a href=""/help/membership-and-access/course-included-free-membership-happens-when/"">three months of complimentary membership</a>. So the real question the upgrade answers is not which course to take, but how long the learner wants to remain part of the Achology community while studying it, and how much of that time is worth paying for upfront.</p>
<h2>What DiMAP itself is</h2>
<p>DiMAP is Achology's flagship course and the foundation the rest of the catalogue builds on: it appears in <a href=""/help/curriculum-and-subjects/which-courses-included-each-school-bundle/"">all seven schools</a> and runs to more than fifty hours of material. It is also the course the <a href=""/help/certificates-cpd-accreditation/six-achology-cpd-statuses/"">continuing professional development (CPD) pathway</a> requires by Senior Achologist (Level One), so for anyone heading toward <a href=""/accreditation/"">accreditation</a>, it is not optional. That is why it is the course most often bought first, and the one the upgrade is built around.</p>
<h2>What you get for the difference</h2>
<p>For $100 more than the course alone, the upgrade extends your community membership from three months to a full twelve. That is the whole of the difference, and it is worth seeing plainly: membership on its own is $34.50 a month, so nine extra months bought this way is straightforward value if you are going to use them.</p>
<p>Membership is where the practising side of the pathway happens, the live events, the coaching board, <a href=""/help/events-and-mentorship/mentoring-opportunities-achology-membership/"">the mentorship groups</a>, and the community the CPD pathway runs through.</p>
<h2>Who it suits, and who it does not</h2>
<p>The upgrade suits someone who already knows they want to stay engaged with the community for the year and work toward accreditation: for them, the twelve included months are better value than paying <a href=""/help/pricing-and-payments/difference-between-monthly-annual-achology-membership/"">month to month</a> once the complimentary period ends.</p>
<p>It suits you less well if you mainly want the diploma itself and are not yet sure about the community. In that case the standard course, with its three complimentary months, lets you try the community before committing to a year, and you keep <a href=""/help/pricing-and-payments/achology-lifetime-access-explained/"">lifetime access</a> to the course either way.</p>"
10049,which-achology-events-earn-accreditation-credit,Which Achology events qualify for accreditation credit?,which Achology events qualify for accreditation credit,achology events earn accreditation credit,Which Achology Events Earn Accreditation Credit?,"Which Achology events earn accreditation credit? Nine of the 22 event types do: six earn VALTS or PALS credit, others count toward compliance.","<p>So which Achology events earn accreditation credit? Nine of Achology's 22 event types earn <a href=""/accreditation/"">accreditation</a> credit. They are the events governed by the Society of Modern Applied Psychology (SoMAP), <a href=""/help/certificates-cpd-accreditation/who-verifies-achology-cpd-claims/"">the independent body that verifies members' professional development</a>. The other 13, the general community events and mentorship groups, carry no credit in any role.</p>
<h2>The six that earn a session credit</h2>
<ul>
<li><a href=""/help/events-and-mentorship/achology-skill-development-workshops/"">Skill Development Workshop</a></li>
<li>Principle-Based Reflective Discussion</li>
<li><a href=""/help/events-and-mentorship/achology-case-study-discussion-groups/"">Case Study-Based Discussion Group</a></li>
<li><a href=""/help/events-and-mentorship/coaching-hot-seat/"">The Coaching HOT Seat</a></li>
<li><a href=""/help/events-and-mentorship/achologist-led-tutorials-alts/"">Achologist-Led Tutorial</a></li>
<li><a href=""/help/events-and-mentorship/achology-coaching-competency-review-sessions/"">Live Coaching Practice, Observation and Feedback Session</a></li>
</ul>
<p>Attending one earns a <a href=""/help/events-and-mentorship/valts-achology/"">Virtual Achologist Led Training Session (VALTS)</a> credit. <a href=""/help/events-and-mentorship/earn-cpd-credit-hosting-session-only/"">Hosting or taking a coaching role</a> earns a <a href=""/help/events-and-mentorship/pals-earn-them/"">Peer-to-Peer Applied Learning Session (PALS)</a> credit instead, because that is delivery rather than attendance.</p>
<h2>The three that count differently</h2>
<ul>
<li><a href=""/help/certificates-cpd-accreditation/have-retake-code-ethics-training-every/"">The Code of Ethics Training</a> and the Code of Character and Conduct Training earn no session credit. Attending keeps your two compliance strands current, which is required for progression at all.</li>
<li>The Group Facilitation and VALTS Host Training is the gateway event: completing it qualifies you to host, and so to start earning credit for delivery.</li>
</ul>
<h2>What the other 13 are for</h2>
<p>It would be a mistake to read the split as valuable against not valuable. The community events and mentorship groups carry no credit because they are not assessed activities, not because they matter less. They are where members find people working on the same things, and <a href=""/help/events-and-mentorship/mentoring-opportunities-achology-membership/"">the mentorship groups</a> in particular are where readiness to host is usually recognised.</p>
<p>What the distinction is actually for is honesty about the record. A credit says an independent body confirmed you did something specific, in a specific role. Attending a discussion because you enjoyed it is real, and it is not the same claim.</p>
<h2>How to plan around it</h2>
<p>Knowing the nine matters when you are working toward a level with a fixed requirement, since <a href=""/help/certificates-cpd-accreditation/six-achology-cpd-statuses/"">each level asks for a certain number of sessions across a certain spread of types</a>. A year spent entirely in community events would leave your record where it started.</p>
<p>If you are unsure what suits where you are now, <a href=""/help/events-and-mentorship/choose-right-achology-event-level/"">choosing the right event for your level</a> is the practical guide, <a href=""/help/events-and-mentorship/achology-live-events-types/"">the full list of live events</a> covers all 22, and every credit is claimed and <a href=""/help/events-and-mentorship/submit-cpd-credit-claim-hosting-attending/"">verified afterwards</a> rather than awarded automatically.</p>
"
10050,host-own-achology-event,What steps should I follow to organise my own Achology event?,what steps should I follow to organise my own Achology event,host an achology event,How Do You Host an Achology Event?,"To host an Achology event, reach Achologist level and complete the host training, then publish through the Eldership team using a template.","<p>So how do you host an Achology event of your own? Once you reach Achologist level and complete the host training for <a href=""/help/events-and-mentorship/valts-achology/"">Virtual Achologist Led Training Sessions (VALTS)</a>, formally the Group Facilitation and VALTS Host Training, you can host five credit-earning event types with no further approval: the Skill Development Workshop, the <a href=""/help/events-and-mentorship/principle-based-reflective-discussion/"">Principle-Based Reflective Discussion</a>, the Case Study-Based Discussion Group, the <a href=""/help/events-and-mentorship/coaching-hot-seat/"">Coaching HOT Seat</a>, and the Live Coaching Practice, Observation and Feedback session.</p>
<p>Hosting an Achologist-Led Tutorial requires <a href=""/help/certificates-cpd-accreditation/achologist-adept/"">Achologist Adept</a>, and a few events are hosted only by the Eldership team.</p>
<h2>The six steps to publish one</h2>
<p>Every event uses a locked template, so each one reads consistently regardless of who is hosting. The only part you write yourself is a short <em>Theme of This Specific Event</em> paragraph naming what your session covers.</p>
<p>1. Open the <strong>Host a Live Event</strong> space on Circle and find your event in the Event Descriptions Library.</p>
<p>2. Copy the full template.</p>
<p>3. Start a direct message to a member of the Eldership team.</p>
<p>4. Paste the template into the message.</p>
<p>5. Write your <em>Theme of This Specific Event</em> paragraph at the top.</p>
<p>6. Send it. The Eldership member approves it, publishes it, and adds the event image.</p>
<p>That is genuinely the whole process. The template exists so that hosting your first event is a matter of describing your theme rather than designing a session from nothing.</p>
<h2>Hosting community events</h2>
<p>The community events, the ones carrying no credit, sit in a second tier reached by informal invitation from the Eldership team rather than application. Readiness is recognised through sustained participation in the facilitation mentorship group and the host training. Once invited, you publish them the same way.</p>
<p>Remember that <a href=""/help/events-and-mentorship/earn-cpd-credit-hosting-session-only/"">hosting earns you a Peer-to-Peer Applied Learning Session (PALS) credit</a>, and that you still <a href=""/help/events-and-mentorship/submit-cpd-credit-claim-hosting-attending/"">submit the claim afterwards</a> like any other activity. <a href=""/help/events-and-mentorship/achology-members-host-workshops-events/"">Whether members can host their own workshops</a> is covered separately for anyone still deciding.</p>"
10051,submit-cpd-credit-claim-hosting-attending,What is the process for submitting a CPD claim after participating?,what is the process for submitting a CPD claim after participating,cpd credit claim,How Do You Submit a CPD Credit Claim?,You submit a CPD credit claim through the member self-report form after hosting or attending. SoMAP then verifies it before recording the credit.,"<p>So how do you submit a CPD credit claim after the session? You submit a CPD credit claim through the member self-report form. You are also invited to record a short takeaway from the session while still on the group call. <a href=""/help/certificates-cpd-accreditation/who-verifies-achology-cpd-claims/"">The Society of Modern Applied Psychology (SoMAP)</a> then reviews the claim and records the credit against your account.</p>
<h2>The steps, in order</h2>
<ul>
<li>Attend or host the event.</li>
<li>Record your short takeaway while still on the call, if the host invites one.</li>
<li>Submit the claim through the member self-report form, naming the event and the role you took.</li>
<li>Wait for verification. The credit appears on your record once it is confirmed, not before.</li>
</ul>
<p>The role matters, because it decides which credit you receive: attending earns one kind, delivering or hosting another, and <a href=""/help/events-and-mentorship/earn-cpd-credit-hosting-session-only/"">how the credit splits by role</a> sets out the difference.</p>
<h2>Why the credit is not instant</h2>
<p>Hosts will not tell you a credit has been recorded, because at that moment it has not been. Verification is a separate step, done by somebody other than you, and it takes as long as it takes.</p>
<p>That delay is the process working rather than the system running slowly. No self-reported activity enters the official record until an independent body has checked it, and a record that updated the instant a member claimed something would be a record nobody had checked. What makes an Achology standing <a href=""/help/certificates-cpd-accreditation/verify-achology-certificate/"">worth anything to an employer or a client</a> is precisely that they do not have to take your word for it.</p>
<h2>The habit that prevents trouble</h2>
<p>Submit as you go. Unsubmitted work is invisible to the system no matter how much of it you have done, and the most common disappointment on the pathway is a member who has genuinely done the activity, whose <a href=""/help/certificates-cpd-accreditation/personal-progress-checklist-count-official-cpd/"">own checklist looks healthy</a>, and whose level does not arrive because the claims were never made.</p>
<p>Treat the checklist as your plan and the verified record as your score. Doing the activity is most of the effort; claiming it is what turns effort into progress.</p>
<h2>Where the verified credit lives</h2>
<p>Confirmed credit is added to your official record in the Achology Member Data Centre, which tracks activity across <a href=""/help/certificates-cpd-accreditation/six-achology-cpd-statuses/"">every member level</a>. That record is what you draw on when you need to <a href=""/help/certificates-cpd-accreditation/evidence-cpd-learning-progression-achology/"">evidence your progression</a> to somebody outside Achology, and it is what stands behind <a href=""/help/certificates-cpd-accreditation/difference-between-certificate-completion-certificate-achievement/"">a certificate of achievement</a> as distinct from a certificate of completion.</p>
"
10052,coaching-hot-seat,What does the Coaching HOT Seat entail?,what does the Coaching HOT Seat entail,coaching hot seat,What Does the Coaching HOT Seat Entail?,The Coaching HOT Seat is a live Achology event: one member takes the seat and is coached by up to three Achologists while others observe.,"<p>So what does the Coaching HOT Seat entail, and what is it like to sit in one? The Coaching HOT Seat is one of the six <a href=""/help/events-and-mentorship/valts-achology/"">Virtual Achologist Led Training Sessions (VALTS) </a> types, and it is a live coaching demonstration. One member takes the seat with a real challenge or goal, up to three Achologists coach them in turn, and the rest of the group observes.</p>
<h2>What actually happens in it</h2>
<p>The person in the seat brings something genuine they are working through, not a tidy example invented for practice. The coaching then happens in real time, in front of everyone.</p>
<p>That is what makes it valuable and slightly daunting in equal measure. For the observers, watching skilled coaching up close, and seeing how a good coach handles a real person, is one of the fastest ways to improve their own practice. It also shows the difference between coaching heard about in a workshop and coaching watched happening in real time, with all the pauses, wrong turns and corrections a tidy example would edit out.</p>
<p>Up to three Achologists coach in turn, so you also see different styles brought to the same problem, and how each reads the person in front of them slightly differently.</p>
<h2>What it is like to sit in the seat</h2>
<p>Taking the seat yourself is the part members are often nervous about and glad they did. You bring a real issue and receive focused coaching from several practitioners, with the group's attention on the work rather than on you.</p>
<p>Most people find it far more supportive than exposing, and leave with something they can actually use. Knowing that up to three Achologists are working on the same issue in turn, rather than one voice alone, is usually what settles any early nerves about taking the seat.</p>
<h2>How credit works</h2>
<p>The roles earn different credit. The coaches earn a <a href=""/help/events-and-mentorship/pals-earn-them/"">Peer-to-Peer Applied Learning Session (PALS) </a> credit for coaching, the person in the seat earns a PALS received, and the observers earn a VALTS credit for attending.</p>
<h2>Why members rate it</h2>
<p>Coaching in public asks a different quality of performance than a private session: you cannot hide a hesitation, and you see how others handle the same moment. That is why the HOT Seat is one of the alternative PALS formats required at the senior levels, and why many members point to it as where their coaching genuinely sharpened. Once qualified, you can <a href=""/help/events-and-mentorship/host-own-achology-event/"">host your own</a>, and it counts among <a href=""/help/events-and-mentorship/which-achology-events-earn-accreditation-credit/"">the events that earn accreditation credit</a>.</p>"
10053,which-achology-company-am-actually-contracting,With which Achology company am I formally contracting?,with which Achology company am I formally contracting,which achology company,Which Achology Company Are You Contracting With?,"Which Achology company you are contracting with depends what you bought: courses are with one company, older subscriptions with another.","<p>So which Achology company are you actually contracting with when you buy? It depends on what you bought and when. <a href=""/courses/"">Courses</a> and course bundles, and community subscriptions taken on or after 1 June 2023, are with Achology Transactions Ltd. Community subscriptions bought before 1 June 2023 are with the Academy of Modern Applied Psychology Ltd. Achology is the trading name both companies operate under, and for almost everything you do day to day, knowing the exact legal entity behind a contract does not change anything about your access, courses or progress record.</p>
<h2>Which Achology company applies to you</h2>
<ul>
<li>Courses and course bundles: Achology Transactions Ltd (ATL).</li>
<li>Community subscriptions from 1 June 2023 onward: Achology Transactions Ltd.</li>
<li>Community subscriptions bought before 1 June 2023: the Academy of Modern Applied Psychology Ltd (AMAP).</li>
</ul>
<h2>Why there are two companies at all</h2>
<p>The split is a matter of history rather than anything to read into. The Academy of Modern Applied Psychology was the original company, founded in 2017, and it still holds the community subscriptions taken out under it. Achology Transactions Ltd was established later to handle course sales and, from June 2023, new community subscriptions. Both are registered in Scotland and share one registered office in Glasgow. <a href=""/help/achology-basics-and-identity/key-milestones-achology-s-history/"">Achology's history</a> sets out how the organisation grew into that shape.</p>
<h2>What it changes for you, which is very little</h2>
<p>This is the part worth being plain about, because two company names on a receipt can look like something to worry about. Nothing about what you are entitled to changes between them.</p>
<p>The <a href=""/help/refunds-and-billing/achology-refund-policy-explained/"">14-day money-back guarantee on courses</a> applies the same way, <a href=""/help/refunds-and-billing/how-to-request-achology-refund/"">refunds are requested</a> through the same process, <a href=""/help/privacy-and-legal/what-law-governs-achology-terms/"">the same law governs the terms</a>, and <a href=""/help/privacy-and-legal/achology-customer-legal-rights-uk-consumer-law/"">your rights as a customer</a> are identical. Your access, your courses and your progress record are unaffected.</p>
<h2>When the answer actually matters</h2>
<p>It matters when a document has to name the right legal entity: an invoice for an employer or a training budget, a formal records or data request, or correspondence about a contract. In those cases you need the registered name and company number, and <a href=""/help/privacy-and-legal/achology-s-registered-company-details/"">the registered company details</a> lists both companies, their Scottish company numbers and the shared registered office.</p>
<p>If the question behind your question is really about a purchase you are reconsidering, <a href=""/help/refunds-and-billing/achology-refund-policy-explained/"">the refund policy</a> is the more useful page, and <a href=""/help/privacy-and-legal/achology-trust-legal-policies-work-together/"">how the trust and legal policies work together</a> shows how the documents fit around each other.</p>
"
10054,achology-s-registered-company-details,What are the registered company details of Achology?,what are the registered company details of Achology,achology's registered company details,What Are Achology's Registered Company Details?,"Achology's registered company details: Achology Transactions Ltd (SC697126) and the Academy of Modern Applied Psychology Ltd (SC612822), Glasgow.","<p>So what are Achology's registered company details, if you need them for an invoice or a formal request? Achology trades through two companies registered in Scotland: Achology Transactions Ltd, Scottish company number SC697126, and the Academy of Modern Applied Psychology Ltd, Scottish company number SC612822. Achology is the trading name both operate under.</p>
<h2>The registered details in full</h2>
<ul>
<li>Achology Transactions Ltd (ATL): Scottish company number SC697126.</li>
<li>The Academy of Modern Applied Psychology Ltd (AMAP): Scottish company number SC612822.</li>
<li>Registered office for both companies: Clyde Offices, 2nd Floor, 48 West George Street, Glasgow, Scotland, G2 1BP.</li>
</ul>
<h2>Which of the two applies to you</h2>
<p>It depends on <a href=""/help/privacy-and-legal/which-achology-company-am-actually-contracting/"">what you bought and when</a>. <a href=""/courses/"">Courses</a> and bundles, and community subscriptions taken from 1 June 2023 onward, are with Achology Transactions Ltd. Community subscriptions bought before that date are with the Academy of Modern Applied Psychology Ltd.</p>
<p>Nothing about your rights changes between the two. The <a href=""/help/refunds-and-billing/achology-refund-policy-explained/"">refund policy</a>, the <a href=""/help/privacy-and-legal/what-law-governs-achology-terms/"">law that governs the terms</a> and <a href=""/help/privacy-and-legal/achology-customer-legal-rights-uk-consumer-law/"">your rights as a customer</a> apply the same way whichever company holds your contract.</p>
<h2>When you would actually need these</h2>
<p>Most people never do. They matter when something needs to be formal rather than conversational: putting a purchase through an employer's expenses or training budget, raising an invoice, making a records or data request, or writing to Achology about a contractual matter. In each of those cases the registered name, company number and registered office are what the other side is asking for.</p>
<h2>Why any of this is published at all</h2>
<p>A registered company number is checkable by anyone, at source, in the Companies House register, without asking Achology for anything. That is the point of publishing it. It sits alongside <a href=""/help/certificates-cpd-accreditation/achology-uk-register-learning-providers/"">registration on the UK Register of Learning Providers</a> and <a href=""/help/certificates-cpd-accreditation/who-verifies-achology-cpd-claims/"">independent verification of every professional development claim</a> as the three things about Achology that can be confirmed without taking anyone's word for it.</p>
<p>For an organisation teaching applied psychology, where a reader is being asked to judge whether training is real and substantial, being verifiable from the outside matters more than any claim made on a page. <a href=""/help/achology-basics-and-identity/what-is-achology/"">What Achology actually is</a> sets out the wider picture, and <a href=""/help/privacy-and-legal/achology-trust-legal-policies-work-together/"">how the trust and legal policies fit together</a> covers how the documents relate.</p>
"
10055,key-milestones-achology-s-history,What are the major milestones in Achology's history?,what are the major milestones in Achology's history,milestones in achology's history,The Key Milestones in Achology's History,"The milestones in Achology's history run from the first video-based psychology course in 2012 to a platform of 670,000+ students today.","<p>So what are the milestones in Achology's history? Achology's history begins in 2012, when <a href=""/help/achology-basics-and-identity/who-is-kain-ramsay/"">Kain Ramsay</a> published what is described as the world's first video-based psychology course. The learning platform itself was founded in 2014, and the original company, the Academy of Modern Applied Psychology, was founded in 2017.</p>
<p>From there it grew into a global applied-psychology platform with more than 670,000 students in its database today. The milestones below are less a list of dates than a single, consistent direction: from one course, toward a global, <a href=""/accreditation/"">accredited</a>, community-based way of learning.</p>
<h2>The milestones along the way</h2>

<ul><li>2012: the world's first video-based psychology course is published, the foundation of what became Achology.</li><li>2014: the Achology learning platform is founded, with 12 <a href=""/courses/"">courses</a>.</li><li>2015: the curriculum expands to 17 interlinked courses.</li><li>2016: live online skill and competency development workshops begin, the first sign of the community model to come.</li><li>2017: a landmark year, reaching 100,000 students, with a bespoke platform build begun and the exclusive Skilled Helper course launched with Prof. <a href=""/about/instructors/gerard-egan/"">Gerard Egan</a>.</li><li>2019: the <a href=""/academy/neuro-linguistic-programming/diploma-modern-applied-psychology/"">Diploma Course in Modern Applied Psychology</a> (DiMAP), the flagship course, launches.</li><li>2020: the shift to online learning accelerates worldwide, and the platform meets the demand at scale.</li><li>2021: the community learning system is upgraded and gains continuing professional development (CPD)  accreditation, with 350,000 total enrolled students.</li><li>2022: half a million students reached worldwide, with the curriculum grown to 25 courses.</li><li>2023: the version 2 community portal launches with the current 28-course curriculum.</li><li>2024: the <a href=""/help/certificates-cpd-accreditation/who-verifies-achology-cpd-claims/"">Society of Modern Applied Psychology (SoMAP)</a> is founded by Master Achologists, to raise integrity standards in the field.</li><li>2025: a full migration to <a href=""/help/technical-help/what-is-circle-achology-community/"">Circle</a> gives Achology its permanent online home.</li><li>2025 to 2026: an Eldership team is established and free learning is opened to the public, with 670,000+ students in the database.</li></ul>
<h2>How to read the dates</h2>
<p>It is worth separating two threads that often get muddled. The brand's public story begins in 2012 with that first course, while the founding of the original company was 2017. An older claim that Achology was founded in 2015 is simply incorrect, and Achology would rather say so than let it stand.</p>
<p>What actually runs through the whole timeline is one consistent move: from selling single courses, toward accreditation, community, and now free public learning through the <a href=""/help/achology-basics-and-identity/achology-knowledge-hub/"">Knowledge Hub</a>. The fullest picture of where that arrived is in <a href=""/help/achology-basics-and-identity/what-is-achology/"">What is Achology?</a></p>"
10056,achology-knowledge-hub,What exactly is the Achology Knowledge Hub?,what exactly is the Achology Knowledge Hub,achology knowledge hub,What Is the Achology Knowledge Hub?,"The Achology Knowledge Hub is a free library of applied psychology content: articles, book notes, quotes, workbooks, and author biographies.","<p>So what is the Achology Knowledge Hub, and how does it differ from these help pages? The Achology Knowledge Hub is Achology's free library of applied psychology learning content, and it lives at <a href=""/learn/"">/learn/</a>. It gathers several kinds of writing in one place, organised so you can find your way around by subject rather than needing to know exactly what you are looking for.</p>
<h2>What it holds</h2>
<ul>
<li><a href=""/learn/articles/""><strong>Articles</strong></a>: applied psychology explained and put to work on real situations.</li>
<li><a href=""/learn/book-notes/""><strong>Book notes</strong></a>: what a significant book argues, and what is usable from it.</li>
<li><a href=""/learn/quotes/""><strong>Quotes</strong></a>: single ideas with the thinking behind them set out.</li>
<li><a href=""/learn/workbooks/""><strong>Workbooks</strong></a>: downloadable exercises to work through rather than read.</li>
<li><strong>Author biographies</strong>: who the thinkers behind the ideas actually were, with everything drawn from their work gathered on one page.</li>
</ul>
<p>Every piece sits in one of seven categories, which are Psychology, Helping People, Mental Wellness, Motivation, Personal Growth, Wisdom for Life and General Interest, and everything is cross-linked by tag as well, so you can follow the outcome you want, the problem you are facing or the approach you want to learn across categories. The Hub has its own search, covering its own content.</p>
<h2>How it differs from the help section</h2>
<p>The Hub is for learning. The help section you are reading now answers support and pre-purchase questions, from what things cost to how to reach support.</p>
<p>The two are kept apart deliberately, because somebody exploring a subject and somebody resolving a billing problem want completely different things from a page. Mixing them would make both worse: the learning content would be interrupted by administration, and the answers would be buried in essays.</p>
<h2>What the writing in it is like</h2>
<p>The Hub is where <a href=""/help/achology-basics-and-identity/achology-teaching-philosophy/"">Achology's teaching philosophy</a> is most visible, because nothing there is gated or assessed. It takes the same positions the <a href=""/courses/"">courses</a> take: principles rather than technique lists, humanistic and evidence-informed models rather than a single school, and a deliberate avoidance of diagnostic labelling.</p>
<p>That is also what makes it a fair way to judge Achology. Anyone weighing it against a large course marketplace can read a great deal of the actual thinking first, at no cost, and decide whether it holds up.</p>
<h2>Why a free library exists at all</h2>
<p>The Hub is <a href=""/help/achology-basics-and-identity/achology-knowledge-hub-free-read/"">entirely free to read</a>, with no account required, and that follows from one of <a href=""/help/achology-basics-and-identity/achology-s-ten-value-commitments/"">Achology's ten value commitments</a>: equitable and affordable access to training in applied psychology.</p>
<p>The same commitment is why there is a free <a href=""/membership/"">membership</a> tier with real access rather than a trial, and why members offer complimentary coaching to people outside the community. A library anyone can read is that belief in its plainest form.</p>
<h2>Where the Hub stops, and what comes after it</h2>
<p>Reading builds understanding, and the Hub is built to do that properly. What no library can give you is practice with a real person and honest feedback on how it went.</p>
<p>That is what <a href=""/help/curriculum-and-subjects/many-courses-achology-offer-total/"">the courses</a> and <a href=""/help/membership-and-access/what-does-achology-membership-include/"">community membership</a> are for, and it is the line between what is free and what is paid. If a piece of writing in the Hub leads you toward a course on the same subject, that is an invitation rather than a wall, and <a href=""/help/getting-started/membership-first-or-course-first/"">membership first or a course first</a> is the practical next question.</p>
"
10057,achology-knowledge-hub-free-read,Is the Achology Knowledge Hub available for free to read?,is the Achology Knowledge Hub available for free to read,achology knowledge hub free to read,Is the Achology Knowledge Hub Free to Read?,"Is the Achology Knowledge Hub free to read? Yes: articles, quotes and book notes are public, and workbooks are free for an email address.","<p>So is the Achology <a href=""/learn/"">Knowledge Hub</a> free to read, or is there a catch? It is free. The <a href=""/help/achology-basics-and-identity/achology-knowledge-hub/"">Achology Knowledge Hub</a> is open to anyone: its articles, quotes and book notes are public pages, with no <a href=""/membership/"">membership</a>, no account and no payment required. The downloadable <a href=""/learn/workbooks/"">workbooks</a> are free too, given in exchange for an email address rather than a fee.</p>
<h2>What you can read without paying</h2>
<p>The Hub gathers five kinds of content in one place: articles, book notes, quotes, workbooks and author biographies, organised into seven categories and cross-linked by tag, so you can browse by the subject you are interested in, the problem you are facing, or the approach you want to learn. All of it is readable in full. Nothing is trimmed to a preview and nothing sits behind a sign-up wall.</p>
<h2>What Achology does charge for</h2>
<p>What is paid for is <a href=""/help/curriculum-and-subjects/many-courses-achology-offer-total/"">the courses</a>, the <a href=""/academy/schools/"">school bundles</a>, and <a href=""/help/pricing-and-payments/how-much-does-achology-cost/"">community membership</a>. The line between them is not arbitrary. A library can give you understanding, and the Hub is built to do that properly. What it cannot give you is practice with a real person and honest feedback on how it went, and that is what the <a href=""/courses/"">courses</a> and the community exist for.</p>
<p>So if a piece of writing in the Hub leads you toward a course on the same subject, that is an invitation rather than a wall. You are free to keep reading and never buy anything.</p>
<h2>Why it is free at all</h2>
<p>Open access is not a marketing decision made recently. It follows from one of <a href=""/help/achology-basics-and-identity/achology-s-ten-value-commitments/"">Achology's ten value commitments</a>, which is to ensure equitable and affordable access to training in applied psychology. The same commitment is why there is <a href=""/help/membership-and-access/there-free-achology-membership-include/"">a free membership tier</a> with real access rather than a trial, and why members offer <a href=""/help/events-and-mentorship/offer-free-coaching-someone-outside-achology/"">complimentary coaching to people outside the community</a>.</p>
<p>Seen together, those three things are the same idea in three forms: a library anyone can read, a membership anyone can join without paying, and coaching offered to people who are not members at all.</p>
<h2>How it differs from these help pages</h2>
<p>The Hub is for learning; the help section you are reading now answers support and pre-purchase questions. The two are kept apart deliberately, because somebody exploring a topic and somebody resolving a billing problem want very different things from a page. The Hub also has its own search, which covers its categories rather than these articles.</p>
<p>If you are weighing up whether to go further than reading, <a href=""/help/getting-started/membership-first-or-course-first/"">membership first or a course first</a> is the practical next question, and <a href=""/help/achology-basics-and-identity/what-is-achology/"">what Achology actually is</a> gives the wider picture.</p>
"
10878,principle-based-reflective-discussion,What happens in a principle-based reflective discussion?,what happens in a principle-based reflective discussion,principle-based reflective discussion,Principle-Based Reflective Discussion Explained,A principle-based reflective discussion is a 90-minute Achology group session that works one principle through questions and applies it to practice.,"<p>So what happens in a principle-based reflective discussion? It is a 90-minute group session built around a single principle, worked through a set of questions and applied to your own life and practice rather than discussed in the abstract. You leave with a position on it you did not have when you arrived, and usually with the reasons you had not examined.</p>
<h2>How a session works</h2>
<p>The host opens with one principle and a small number of questions written to open it up. There is no lecture and no correct destination.</p>
<p>Members answer in turn, and the value sits in the difference between the answers. One person has lived the principle and found it costly, another has only read it, a third has quietly ignored it for years. Hearing all three at once does something reading cannot: it shows you which parts of your own understanding are borrowed and which you have actually tested.</p>
<h2>Why a whole session for one principle</h2>
<p>Because a principle held loosely fails at exactly the moment it matters.</p>
<p>Applied psychology is not short of principles, and most people can recite plenty. Under pressure, in a real conversation with a real person in difficulty, the ones that hold are the ones you have examined against your own conduct. That examination is uncomfortable enough that nobody does it alone by accident, which is why it gets a scheduled session and a group.</p>
<p>This is also the format that asks least of a newcomer. There is nothing to perform and no technique to demonstrate, so a member of Achology who has not yet coached anybody can take a full part in one on their first week, which is not true of the practice formats.</p>
<h2>Where it fits among the other sessions</h2>
<p>It is one of six session types that carry accreditation credit, and each builds a different muscle. <a href=""/help/events-and-mentorship/achology-skill-development-workshops/"">Skill development workshops</a> rehearse a technique. <a href=""/help/events-and-mentorship/achology-case-study-discussion-groups/"">Case study discussion groups</a> read a situation. <a href=""/help/events-and-mentorship/coaching-hot-seat/"">The Coaching HOT Seat</a> puts real coaching in front of observers. The principle-based reflective discussion sits underneath all of them, on the thinking the other formats assume you have already done.</p>
<p>All six run to <a href=""/help/events-and-mentorship/long-achology-valts-session/"">the same 90 minutes</a>, and if you are unsure which to start with, there is a guide to <a href=""/help/events-and-mentorship/choose-right-achology-event-level/"">choosing the right event level</a>.</p>
<h2>Attending and claiming credit</h2>
<p>Sessions appear in the Upcoming Events calendar at community.achology.com; <a href=""/help/events-and-mentorship/rsvp-join-achology-live-events/"">RSVP and join</a> as you would for any other event. Attending earns one Virtual Achologist Led Training Session (VALTS) credit, and hosting earns one Peer-to-Peer Applied Learning Session (PALS) credit, as set out in the list of <a href=""/help/events-and-mentorship/which-achology-events-earn-accreditation-credit/"">which events earn accreditation credit</a>.</p>
<p>Members can host this format themselves once they reach the first accreditation level and complete the group facilitation and hosting training, with no further approval needed. <a href=""/help/events-and-mentorship/host-own-achology-event/"">Hosting your own event</a> covers what that involves.</p>
<h2>Why this matters beyond Achology</h2>
<p>Every helping profession runs some version of this, under different names: supervision, reflective practice, case consultation. They exist because the work asks people to act on principles under pressure, and a principle you have never argued about with anyone is not yet yours.</p>
<p>What the format protects against is the thing that quietly ends careers in helping work: a practitioner who has learned the words for what they do without ever testing whether they believe them. That is worth 90 minutes, whether or not you ever collect the credit.</p>
"
