10009	What are the six Achology CPD member levels?	six-achology-cpd-statuses	4194	<p>Achology's CPD pathway runs through six member levels, in order: Achology Member, Achologist, Achologist Adept, Senior Achologist I, Senior Achologist II, and Master Achologist. CPD means continuing professional development, the record of practice and learning you build over time. Six levels means five steps up, and every one of them is earned through practice that somebody else has checked, not through time served, fees paid, or a course finished and filed away.</p>\n<h2>What each level means</h2>\n<ul><li><strong>Achology Member</strong>: the starting point, where learning stops being something you watch and becomes something you take part in.</li><li><strong>Achologist</strong>: foundational competence in practice, ethics, and self-awareness. This is the first verified level.</li><li><strong>Achologist Adept</strong>: the turning point. You begin coaching others and hosting sessions, rather than only receiving them.</li><li><strong>Senior Achologist I and II</strong>: theory, practice, and leadership brought together, and the stage at which you start coaching people from outside the community.</li><li><strong>Master Achologist</strong>: the highest level, reached through mastery, mentorship, and contribution to other members' development.</li></ul>\n<h2>What the first year actually looks like</h2>\n<p>The pathway can read as a wall of requirements, so it helps to see the first step on its own. To move from Member to <a href="/help/certificates-cpd-accreditation/progress-member-achologist/">Achologist</a>, you complete one Practitioner Certification course, attend six <a href="/help/events-and-mentorship/valts-achology/">VALTS (Virtual Achologist Led Training Sessions)</a>, the community's live group training, across at least two different types, and receive six <a href="/help/events-and-mentorship/pals-earn-them/">PALS (Peer-Peer Applied Learning Sessions)</a>, one-to-one coaching delivered to you by another member. Notice that nothing on that first list asks you to coach anyone. That is deliberate: before you sit opposite someone who has brought you a real problem, the design wants you to have been that person six times over.</p>\n<p>From <a href="/help/certificates-cpd-accreditation/achologist-adept/">Achologist Adept</a> onward the direction reverses and you start delivering: coaching other members, co-hosting, then hosting your own sessions. At <a href="/help/certificates-cpd-accreditation/senior-achologist-two-levels/">Senior Achologist I</a>, a third kind of activity begins, <a href="/help/events-and-mentorship/cips-when-need-them/">CIPS (Competency Improvement Practice Sessions)</a>, complimentary coaching offered to people outside Achology, which is the closest the pathway comes to real professional practice.</p>\n<h2>How you move between levels</h2>\n<p>Each level has a cumulative checklist, meaning everything earned at earlier levels carries forward. It draws on Practitioner Certification courses, VALTS attended, PALS delivered and received, and, from Senior Achologist I, CIPS, alongside annual Code of Ethics training and Code of Character and Conduct compliance. Every claim is <a href="/help/certificates-cpd-accreditation/who-verifies-achology-cpd-claims/">checked by SoMAP</a>, the Society of Modern Applied Psychology, an independent body, before it counts.</p>\n<h2>Why the levels matter, and one to know early</h2>\n<p>A verified level is not a badge for its own sake. It is what lets someone outside Achology, a prospective client, an employer, another member choosing a mentor, rely on your standing without having to take your word for it. That is the whole reason the checks exist. It is also why Master Achologist is <a href="/help/certificates-cpd-accreditation/have-each-year-keep-master-achologist/">the one level that is not permanent</a>: it has to be renewed each year, so that the highest standing in the community always describes someone still doing the work, not someone who once did.</p>\n<p>If the full pathway looks daunting from where you are standing, nobody meets it all at once. Most members are working on one level at a time, and the first step asks considerably less than the whole list suggests.</p>
10010	What does it mean to be an Achologist Adept?	achologist-adept	2608	<p>Achologist Adept is <a href="/help/certificates-cpd-accreditation/six-achology-cpd-statuses/">the third member level</a>, one step above Achologist, and it is where the direction of everything reverses. Until now you have been receiving: coached by others, taught by others, sitting in sessions someone else runs. At Adept, you start delivering.</p>\n<h2>What you need to reach it</h2>\n<p>These totals are cumulative, including everything already earned:</p>\n<ul><li>2 Practitioner Certification courses in total.</li><li>12 <a href="/help/events-and-mentorship/valts-achology/">VALTS (Virtual Achologist Led Training Sessions)</a> in total: attend 8, and co-host or host 4, across at least 2 session types.</li><li>12 <a href="/help/events-and-mentorship/pals-earn-them/">PALS (Peer-Peer Applied Learning Sessions)</a> received as a client.</li><li>6 PALS delivered as a coach.</li><li>The live <a href="/help/certificates-cpd-accreditation/have-retake-code-ethics-training-every/">Code of Ethics training</a> completed within the past 12 months. This annual requirement starts here.</li><li>All 10 <a href="/help/community-and-conduct/achology-code-character-conduct-ccac/">Code of Character and Conduct (CCaC)</a> sessions completed, then 8 of the 10 kept current.</li></ul>\n<h2>What actually changes</h2>\n<p>Three things begin at Adept that were not asked of you before.</p>\n<p>You coach another member for the first time, as the practitioner rather than the client. You move from co-hosting into hosting your own sessions. And the annual ethics training becomes a permanent fixture at every level above this one.</p>\n<p>That yearly return to the Code of Ethics is not box-ticking. It is what lets you tell a client, honestly, that you have thought about ethical practice recently, rather than once, years ago, before you had ever sat with a real person.</p>\n<h2>On the first coaching session</h2>\n<p>Most people find the first one the hard part, and that is entirely normal.</p>\n<p>Worth remembering: by the time you reach Adept you will have received twelve coaching sessions yourself. You have seen it done twelve times, from the seat of the person it was done for.</p>\n<p>That is the design, not a coincidence. It is also why the character strand matters more from here: holding <a href="/help/community-and-conduct/many-ccac-sessions-need-complete-often/">8 of your 10 CCaC sessions current</a> is what keeps your standing, so <a href="/help/certificates-cpd-accreditation/progress-member-achologist/">the step up from Achologist</a> is as much about staying engaged as ticking activities off.</p>
10011	What is a Senior Achologist, and what are the two levels?	senior-achologist-two-levels	2497	<p>A Senior Achologist has moved past <a href="/help/certificates-cpd-accreditation/achologist-adept/">Achologist Adept</a> into the advanced stage of the pathway. There are two levels, and the difference between them is roughly the difference between practising well and being able to develop other people.</p>\n<h2>Senior Achologist I</h2>\n<p>This is where coaching people outside Achology begins. Cumulatively, you need 3 Practitioner Certification courses including the Diploma Course in Modern Applied Psychology (DiMAP), 1 course from the School of Personal Growth and Development, 24 <a href="/help/events-and-mentorship/valts-achology/">VALTS</a> with all 6 session types covered, 18 <a href="/help/events-and-mentorship/pals-earn-them/">PALS</a> received and 12 delivered, and 10 <a href="/help/events-and-mentorship/cips-when-need-them/">CIPS</a>, with Code of Ethics and CCaC compliance current.</p>\n<p>The real change here is the CIPS: complimentary coaching offered to people outside the community. Coaching a fellow member is one thing; they understand the learning context and forgive the rough edges.</p>\n<p>Coaching someone from outside, who simply wants help, is another thing entirely. It is the step from practising in a safe room to doing the actual work, which is why it waits until this level.</p>\n<p>There is a quieter marker of the shift too: at least one of the twelve coaching sessions you deliver here must be a Live Coaching Practice session, coached in front of observers who then give feedback. Public practice starts at Senior I and becomes the theme of Senior II.</p>\n<h2>Senior Achologist II</h2>\n<p>This level is about advanced facilitation and coaching in public. The numbers grow (36 VALTS, 24 PALS received, 24 delivered, 24 CIPS), but the meaningful shift is in the kind of coaching required.</p>\n<p>Eight of your delivered PALS must now come from the harder formats: coaching while a group observes, coaching in a live <a href="/help/events-and-mentorship/coaching-hot-seat/">HOT Seat</a>, or hosting a tutorial. These are the formats that put your practice in front of feedback, which is how it sharpens.</p>\n<p>Both levels are cumulative, so nothing resets. Above Senior Achologist II sits <a href="/help/certificates-cpd-accreditation/have-each-year-keep-master-achologist/">Master Achologist</a>, and every claim along the way is <a href="/help/certificates-cpd-accreditation/who-verifies-achology-cpd-claims/">verified by SoMAP</a> before it counts.</p>
10012	How can I advance from Achology Member to Achologist?	progress-member-achologist	2502	<p>Three things: complete one Practitioner Certification course, attend six live group training sessions, and receive six one-to-one coaching sessions as a client. Once <a href="/help/certificates-cpd-accreditation/who-verifies-achology-cpd-claims/">SoMAP</a> has checked each one, you are an Achologist, <a href="/help/certificates-cpd-accreditation/six-achology-cpd-statuses/">the second of the six member levels</a>.</p>\n<h2>The first step in full</h2>\n<ul><li>1 Practitioner Certification course completed.</li><li>6 <a href="/help/events-and-mentorship/valts-achology/">VALTS (Virtual Achologist Led Training Sessions)</a> attended, across at least 2 session types.</li><li>6 <a href="/help/events-and-mentorship/pals-earn-them/">PALS (Peer-Peer Applied Learning Sessions)</a> received as a client: one-to-one coaching delivered to you by another member.</li></ul>\n<h2>How long it tends to take</h2>\n<p>There is no fixed clock on this. The courses are self-paced, and the six sessions and six coaching slots happen at the rhythm of the live calendar, so most people measure this step in months rather than weeks, fitted around the rest of life.</p>\n<p>A realistic first month is less about racing the checklist and more about finding your feet: working through a course, sitting in on a few sessions, and receiving your first coaching as a client.</p>\n<p>The annual Code of Ethics training is not required for this step; it <a href="/help/certificates-cpd-accreditation/achologist-adept/">begins at Achologist Adept</a>. You will need all ten <a href="/help/community-and-conduct/achology-code-character-conduct-ccac/">Code of Character and Conduct</a> sessions before progressing past Achologist, so many members quietly work through those during this stage rather than facing them all later.</p>\n<h2>Why you receive before you deliver</h2>\n<p>Notice that nothing on this list asks you to coach anyone. That is deliberate, and it may be the most considered decision in the whole pathway.</p>\n<p>Before you sit opposite someone who has brought you a real problem, the design wants you to have been that person six times over: to know what it feels like when a coach rushes you, or fills a silence you needed. You learn that from the other chair, not from a module.</p>\n<p>If you are not yet a member, the <a href="/help/membership-and-access/there-free-achology-membership-include/">free membership tier</a> lets you apply for coaching and attend free events, which is where most people start.</p>
10013	What are my requirements to maintain Master Achologist status?	have-each-year-keep-master-achologist	2369	<p>Master Achologist is not a title you keep by having earned it. Every calendar year, from 1 January of your first full year after qualifying, you complete a set of annual requirements. Miss them and the status lapses until you restore it.</p>\n<h2>What each year asks</h2>\n<ul><li>10 <a href="/help/events-and-mentorship/valts-achology/">VALTS</a> hosted: two each of the five host-eligible types.</li><li>8 <a href="/help/events-and-mentorship/pals-earn-them/">PALS</a> delivered as a coach, spread across the coaching and tutorial formats.</li><li>6 PALS received as a client.</li><li>At least 8 <a href="/help/events-and-mentorship/cips-when-need-them/">CIPS</a>: complimentary coaching offered to people outside Achology.</li><li><a href="/help/certificates-cpd-accreditation/have-retake-code-ethics-training-every/">Code of Ethics annual training</a> completed, and CCaC sessions kept at 8 of 10 current.</li></ul>\n<h2>What a maintenance year actually looks like</h2>\n<p>Read that list again and notice what it describes: someone hosting regularly, coaching others, still being coached themselves, and working with people outside the community.</p>\n<p>In other words, it is not a set of hoops. It is a picture of a practitioner still fully in the practice, which is exactly what the title is meant to signify.</p>\n<h2>Why it has to be renewed</h2>\n<p>Because the alternative makes the title dishonest. If Master Achologist were permanent, it would eventually describe people who reached a standard once, years ago, and have not practised since.</p>\n<p>Anyone relying on that standing, a client, an employer, another member choosing a mentor, would be relying on history rather than anything current. The annual requirements keep the meaning attached to the person.</p>\n<p>They are also lighter than the full pathway that got you here, because they are a yearly rhythm rather than a climb: host a little, coach a little, keep your compliance current, and the status holds.</p>\n<h2>If you fall short</h2>\n<p>The status lapses and is restored once the requirements are met again. Nothing you achieved is erased. Every activity is <a href="/help/certificates-cpd-accreditation/who-verifies-achology-cpd-claims/">verified by SoMAP</a> before it counts, the same as at <a href="/help/certificates-cpd-accreditation/six-achology-cpd-statuses/">every other level</a>.</p>
10014	What are VALTS learning sessions within Achology?	valts-achology	3013	<p>VALTS, which stands for Virtual Achologist Led Training Sessions, are Achology's live group training sessions: 90-minute events, led by senior members of the community, where you practise applied psychology rather than only watch it explained. They are the backbone of community learning, and attending them is how you earn VALTS credit toward <a href="/help/certificates-cpd-accreditation/six-achology-cpd-statuses/">your next member level</a>.</p>\n<h2>What a session is actually like</h2>\n<p>A VALTS session is built to be taken part in, not sat through. You join a small group live, work through a skill or an idea with other members, and get observation and feedback in real time. The point is that a technique from a course only becomes yours once you have tried it on a real person and heard honestly how it landed. That is something no recorded lecture can give you, and it is why the sessions are capped in length and kept practical.</p>\n<h2>The six types</h2>\n<p>There are six VALT types, each developing a different muscle:</p>\n<ul><li>Skill Development Workshop: practise a specific skill from a course with a partner or small group, with feedback from the host.</li><li>Principle-Based Reflective Discussion: work a single principle through a set of questions and apply it to your own life.</li><li>Case Study-Based Discussion Group: analyse real or hypothetical coaching scenarios as a group.</li><li>The Coaching HOT Seat: one member takes a live challenge while up to three Achologists coach them and others observe.</li><li>Live Coaching Practice, Observation and Feedback: an Achologist coaches a member, then receives structured feedback from senior members.</li><li>Achologist-Led Tutorial: a member teaches a topic from a course to the group, then receives feedback on their delivery.</li></ul>\n<h2>Why live, and not just video</h2>\n<p>Achology's whole learning model rests on a simple conviction: information is easy to gather, but competence is only built through practice, in company, with feedback. A practitioner who knows the theory but cannot apply it in a live conversation is informed, not yet skilled. VALTS are where that gap is closed, which is why the pathway requires them rather than treating them as optional extras.</p>\n<h2>How they fit the wider pathway</h2>\n<p>Attending a VALTS session earns you 1 VALTS credit. Once you reach the right level and complete the host training, hosting one earns you a <a href="/help/events-and-mentorship/pals-earn-them/">PALS credit</a> instead, because you have moved from receiving to delivering. Early on, the requirement is modest: six VALTS across at least two types to reach <a href="/help/certificates-cpd-accreditation/progress-member-achologist/">Achologist</a>. Every session you attend is <a href="/help/certificates-cpd-accreditation/who-verifies-achology-cpd-claims/">verified by SoMAP</a> before it counts, and once you are ready, you can <a href="/help/events-and-mentorship/host-own-achology-event/">host your own</a>.</p>
10015	What are PALS in Achology, and how can I earn them?	pals-earn-them	2687	<p>PALS, which stands for Peer-Peer Applied Learning Sessions, are the point where you stop receiving and start contributing. You earn a PALS credit by taking the coaching or facilitation role in a session, never by attending one: the credit goes to the practitioner delivering the work, not the participant. This is what separates PALS from <a href="/help/events-and-mentorship/valts-achology/">VALTS (Virtual Achologist Led Training Sessions)</a>, which you earn by turning up and taking part.</p>\n<h2>The four ways to earn them</h2>\n<p>There are four PALS types, and most members earn the bulk of their credits through the first:</p>\n<ul><li>One-to-one Focused Coaching Practice: a coaching session you deliver to another member, arranged through the Coaching Board in the community. This is the main route.</li><li>The Coaching HOT Seat, as coach: taking a coaching role during a live HOT Seat event, in front of others, in real time.</li><li>Live Coaching Practice, Observation and Feedback, as coach: coaching a member while a group observes and then gives feedback on the work.</li><li>Achologist-Led Tutorial, as host: teaching a topic from a course to a group of peers.</li></ul>\n<p>The last three are more demanding than the first, which is deliberate. From Senior Achologist II onward, eight of your delivered PALS must come from those alternative types, because each one builds a different edge: coaching under observation, coaching in public, and teaching. Hosting any <a href="/help/events-and-mentorship/valts-achology/">VALTS session</a> also earns you a PALS credit, once you are qualified to host.</p>\n<h2>Why you receive before you deliver</h2>\n<p>There is a reason the pathway has you receive coaching as a client before it asks you to deliver any. By the time you coach another member, you will have sat in the other chair yourself and felt what good and clumsy coaching are like from the inside. That is not something a module can teach you. It is why <a href="/help/certificates-cpd-accreditation/progress-member-achologist/">the first member level</a> asks for PALS received, and coaching delivered only begins at <a href="/help/certificates-cpd-accreditation/achologist-adept/">Achologist Adept</a>.</p>\n<h2>How they add up</h2>\n<p>Every PALS credit, delivered or received, is <a href="/help/certificates-cpd-accreditation/who-verifies-achology-cpd-claims/">verified by SoMAP</a> before it counts toward your next level. The numbers grow as you climb, but they are cumulative and made up of the ordinary work of community life: coaching, being coached, and eventually teaching. Nobody sits down to complete them all at once; they accumulate as you take part.</p>
10016	What are CIPS in Achology, and when should I obtain them?	cips-when-need-them	2348	<p>CIPS, which stands for Competency Improvement Practice Sessions, are the closest the pathway comes to genuine professional practice. A CIPS credit is earned by offering a complimentary one-to-one coaching session to someone outside the Achology community: a real person, with a real challenge or goal, who simply wants help. You do not need any until <a href="/help/certificates-cpd-accreditation/senior-achologist-two-levels/">Senior Achologist I</a>, and there is a good reason for that timing.</p>\n<h2>What makes CIPS different</h2>\n<p>Coaching another member is valuable, but a fellow member understands the learning context, forgives the rough edges, and knows what you are trying to practise. Someone outside the community does none of that. They are not there to help you learn; they are there because they want support. That difference is the whole point. It is the step from practising in a safe room to doing the actual work, and it is the single most formative activity in the pathway precisely because it is the most demanding.</p>\n<h2>How you arrange them</h2>\n<p>CIPS are not scheduled calendar events like <a href="/help/events-and-mentorship/valts-achology/">VALTS</a>. They are arranged through the Get Free Coaching board, where people outside Achology browse and apply for sessions that members have offered. You deliver the session, and you earn one CIPS credit for it. To keep the practice broad rather than letting one relationship dominate, <a href="/help/events-and-mentorship/many-times-coach-same-person-cips/">no more than six sessions with the same individual</a> count toward your total.</p>\n<h2>Why they start at Senior Achologist I</h2>\n<p>By the time CIPS become required, you have already completed several courses, attended and hosted live sessions, and both received and delivered a good deal of <a href="/help/events-and-mentorship/pals-earn-them/">peer coaching</a>. In other words, you are ready. Asking a member to coach a stranger before that point would be asking them to run before they can walk. Placing CIPS at Senior Achologist I means that when you first coach someone from outside, you bring real course knowledge, real practice, and real feedback with you. Each session is <a href="/help/certificates-cpd-accreditation/who-verifies-achology-cpd-claims/">verified by SoMAP</a> before it counts.</p>
10017	Do I get a CPD credit for hosting a session, or just for attending?	earn-cpd-credit-hosting-session-only	1872	<p>Both, but the credit is different depending on your role. Attending a <a href="/help/events-and-mentorship/valts-achology/">VALTS (Virtual Achologist Led Training Sessions)</a> earns you one VALTS credit. Hosting one, once you are qualified to, earns you a <a href="/help/events-and-mentorship/pals-earn-them/">PALS (Peer-Peer Applied Learning Sessions)</a> credit instead, because hosting is delivery, not attendance.</p>\n<h2>The rule underneath it</h2>\n<p>The principle is simple: attending earns VALTS, delivering earns PALS.</p>\n<p>So in the group learning formats, a skill workshop, a reflective discussion, a case study group, the people taking part earn VALTS credit, and the qualified host earns a PALS credit for running the session.</p>\n<h2>How the coaching formats split</h2>\n<p>In the coaching formats it divides further, by role. Take a <a href="/help/events-and-mentorship/coaching-hot-seat/">Coaching HOT Seat</a>: the coaches earn PALS, the person coached earns a PALS received, the observers earn VALTS, and the host earns a PALS for hosting.</p>\n<p>The same logic runs through a Live Coaching Practice session: the coach earns PALS, the member coached earns a PALS received, and those watching earn VALTS.</p>\n<h2>Why it is set up this way</h2>\n<p>The split rewards what actually develops you. Turning up and taking part is real learning, and it earns real credit toward your progression.</p>\n<p>Delivering, hosting, or coaching asks more of you and builds a different skill, so it earns the credit that counts toward the delivery side. Whichever role you played, you <a href="/help/events-and-mentorship/submit-cpd-credit-claim-hosting-attending/">submit the claim</a> afterwards, it is verified before it lands on your record, and once you are ready you can <a href="/help/events-and-mentorship/host-own-achology-event/">host your own event</a>.</p>
10018	What is the duration of an Achology VALTS session?	long-achology-valts-session	1354	<p>Ninety minutes. Every <a href="/help/events-and-mentorship/valts-achology/">VALTS session</a> is the same length, whichever of the six types you join, so you can plan around it without checking.</p>\n<p>VALTS stands for Virtual Achologist Led Training Sessions, the live group training that runs through the community, facilitated by senior members.</p>\n<p>Ninety minutes is a deliberate choice. Long enough to actually practise something and get feedback on it, which twenty minutes never is. Short enough to fit inside a working day or an evening without swallowing it.</p>\n<p>Expect to be doing something for most of it: practising a skill with a partner, working through a case, or coaching and being coached in front of a group that will tell you honestly how it went. These sessions are built around participation rather than watching.</p>\n<p>Attending one earns 1 VALTS credit toward your <a href="/help/certificates-cpd-accreditation/six-achology-cpd-statuses/">member level</a>, once <a href="/help/certificates-cpd-accreditation/who-verifies-achology-cpd-claims/">verified</a>. If you want to see the full range of what runs, <a href="/help/events-and-mentorship/achology-live-events-types/">the types of live event inside Achology</a> covers it.</p>\n<p>> <strong>4 internal links. Deliberately the shortest article in the batch.</strong></p>
10019	How many times can I coach the same person for CIPS credit?	many-times-coach-same-person-cips	1502	<p>A maximum of <strong>six sessions</strong> with the same individual count toward your <a href="/help/events-and-mentorship/cips-when-need-them/">CIPS</a> total.</p>\n<p>You are welcome to keep coaching someone beyond six if it genuinely helps them. Nobody will stop you, and nobody should. Only the first six add credit.</p>\n<h2>Why the limit exists</h2>\n<p>The cap is there to keep CIPS doing their job. Competency Improvement Practice Sessions are meant to build your competence across a range of different people with different goals, which is what real practice looks like once you are working professionally.</p>\n<p>If most of your sessions were with one person, you would get very good at coaching that person. You would learn their patterns, their vocabulary, what works with them. What you would not learn is the thing CIPS exist to teach: how to be useful to someone you have never met, whose situation you do not yet understand, in the first twenty minutes.</p>\n<p>The six-session limit also spreads the available coaching across more of the people applying through the <a href="/help/events-and-mentorship/offer-free-coaching-someone-outside-achology/">Get Free Coaching board</a>, which matters, because those are members of the public receiving genuine help at no cost.</p>\n<p>At the <a href="/help/certificates-cpd-accreditation/senior-achologist-two-levels/">senior levels</a>, where CIPS requirements rise to 24 sessions, that breadth is exactly what the requirement is measuring.</p>
10020	How do I offer free coaching to someone outside Achology?	offer-free-coaching-someone-outside-achology	1720	<p>Through the <strong>Get Free Coaching board</strong>, where people outside the community browse and apply for complimentary one-to-one sessions offered by members. Each session you host counts as 1 <a href="/help/events-and-mentorship/cips-when-need-them/">CIPS</a> credit, and this becomes part of your requirements from <a href="/help/certificates-cpd-accreditation/senior-achologist-two-levels/">Senior Achologist I</a> onward.</p>\n<h2>How the board works</h2>\n<p>Unlike <a href="/help/events-and-mentorship/valts-achology/">VALTS</a>, these are not scheduled calendar events. You make sessions available on the board, and someone outside the community, facing a real challenge or working toward something they actually want, applies for one.</p>\n<p>That difference is the entire point. You are coaching a person who wants help, not a peer who understands the exercise. No shared vocabulary, no allowance made for the fact that you are practising. Just someone with a problem and an hour of your attention.</p>\n<p>Most members find their first one nerve-racking and their fifth one genuinely enjoyable, which is roughly the intended trajectory.</p>\n<h2>What counts toward credit</h2>\n<p>Each session hosted earns 1 CIPS credit, and <a href="/help/events-and-mentorship/many-times-coach-same-person-cips/">up to six sessions with the same individual</a> count toward your total. Your claims are <a href="/help/certificates-cpd-accreditation/who-verifies-achology-cpd-claims/">verified by SoMAP</a> before they are added to your record.</p>\n<p>If you are on the receiving side of this, and wondering whether the free coaching is genuine, it is, and you can find it at <a href="/free-coaching/">free coaching</a>.</p>
10021	Who is responsible for verifying my Achology CPD claims?	who-verifies-achology-cpd-claims	3149	<p>Every CPD claim you make is verified by SoMAP, the Society of Modern Applied Psychology, an independent accreditation body that operates separately from Achology's commercial side by design. Nothing you self-report reaches your official record without passing through it. That independence is the entire point: it is what lets your record mean something to anyone outside Achology.</p>\n<h2>How the verification actually works</h2>\n<p>The pipeline is straightforward, and deliberately not instant. You complete an activity, whether attending a <a href="/help/events-and-mentorship/valts-achology/">VALTS session</a>, delivering coaching, or offering a session to someone outside the community, and you <a href="/help/events-and-mentorship/submit-cpd-credit-claim-hosting-attending/">submit a claim</a>. SoMAP committee members, all of them Master Achologists, then review each submission independently. Only once a claim is verified is it committed to your official record, which is held in the Achology Member Data Centre and tracks your activity across <a href="/help/certificates-cpd-accreditation/six-achology-cpd-statuses/">every member level</a>. Your personal progress checklist is a planning tool; the verified record is the one that counts.</p>\n<h2>Why the independence matters</h2>\n<p>A professional development record is only worth as much as the process behind it. If Achology simply accepted whatever members reported about themselves, the record would be a list of claims, possibly accurate, with no way for anyone outside to know. A client choosing a coach, an employer reviewing a candidate, an organisation deciding whether a qualification means anything: none of them can audit your honesty directly. What they can rely on is that somebody qualified and independent already did. That is why the check exists, and why the short delay between submitting a claim and seeing it appear is the process doing its job, not a system running slowly.</p>\n<h2>What sits alongside it</h2>\n<p>Verification is one of two things that make Achology's training checkable from outside. The other is <a href="/help/certificates-cpd-accreditation/achology-uk-register-learning-providers/">UK Register of Learning Providers registration</a>, which lists Achology as a registered provider of learning. Together they mean an Achology standing rests on a registered provider plus independent verification behind every level, both of which you can check without taking anyone's word for it.</p>\n<h2>What verification produces</h2>\n<p>Two kinds of certificate come out of this. Completing a course earns a certificate of completion. Reaching a <a href="/help/certificates-cpd-accreditation/difference-between-certificate-completion-certificate-achievement/">verified member level</a> on the pathway earns a certificate of achievement, which is the one that carries weight with a client or employer, precisely because an independent body stood behind it. If someone needs to confirm your standing, <a href="/help/certificates-cpd-accreditation/verify-achology-certificate/">how an Achology certificate is verified</a> explains the check from their side.</p>
10022	Is my personal progress checklist considered part of my CPD record?	personal-progress-checklist-count-official-cpd	1539	<p>No. Your checklist is a planning tool. Your CPD record is the official one, and it contains only what <a href="/help/certificates-cpd-accreditation/who-verifies-achology-cpd-claims/">SoMAP has independently verified</a>.</p>\n<h2>The difference</h2>\n<p>The checklist is yours. It shows what you have done and what is still outstanding for <a href="/help/certificates-cpd-accreditation/six-achology-cpd-statuses/">the next member level</a>, and it is genuinely useful for keeping track. But it carries no standing on its own. Ticking a box does not move you anywhere.</p>\n<p>The official record, held in the Achology Member Data Centre, contains only verified activity. Something appears there once it has been <a href="/help/events-and-mentorship/submit-cpd-credit-claim-hosting-attending/">submitted as a claim</a> and confirmed.</p>\n<h2>Where this catches people out</h2>\n<p>The gap between the two is where members occasionally get a surprise: work completed, checklist looking healthy, and then a level does not arrive because the underlying claims were never submitted.</p>\n<p>So the habit is simple. Treat the checklist as your plan and the verified record as your score, and submit claims as you go rather than saving them up. Doing the activity is most of the work; submitting it is what turns it into progress.</p>\n<p>If you need to show your record to someone else, <a href="/help/certificates-cpd-accreditation/evidence-cpd-learning-progression-achology/">how to evidence your CPD and learning progression</a> covers that.</p>
10023	Is it necessary to redo the Code of Ethics training annually?	have-retake-code-ethics-training-every	1858	<p>Yes, from <a href="/help/certificates-cpd-accreditation/achologist-adept/">Achologist Adept</a> onward. You attend the live Code of Ethics training once within every 12 months, at every level from Adept up to and including <a href="/help/certificates-cpd-accreditation/have-each-year-keep-master-achologist/">Master Achologist maintenance</a>. It is not required for <a href="/help/certificates-cpd-accreditation/progress-member-achologist/">the first step from Member to Achologist</a>.</p>\n<h2>How often it runs</h2>\n<p>Quarterly, giving four opportunities a year to meet a once-a-year requirement. You need only one. Attendance is <a href="/help/certificates-cpd-accreditation/who-verifies-achology-cpd-claims/">verified by SoMAP</a> and updated in your record.</p>\n<h2>Why annually rather than once</h2>\n<p>Because ethics is not a topic you complete.</p>\n<p>The <a href="/help/achology-basics-and-identity/achology-code-ethics/">Code of Ethics</a> sets the standards of professional conduct expected of every practising Achologist, and it is treated as something you return to and practise, not a document read once and filed. The reason for repeating it is straightforward: the people who come to you for help deserve a practitioner who has actively thought about what ethical practice means recently, not someone who considered it once, years ago, before they had ever sat with a real client.</p>\n<p>It is also true that ethical questions get harder with experience, not easier. The dilemmas troubling a practitioner in their fifth year are not the ones covered in their first. Returning annually is what keeps the training useful rather than ceremonial.</p>\n<p>The Code of Ethics is one of <a href="/help/community-and-conduct/difference-between-code-ethics-ccac-community/">three separate codes at Achology</a>, and it is easy to confuse them.</p>
10024	How do a certificate of completion and a certificate of achievement differ?	difference-between-certificate-completion-certificate-achievement	1950	<p>They record two different kinds of thing. A certificate of completion says you finished a course. A certificate of achievement says you reached a <a href="/help/certificates-cpd-accreditation/six-achology-cpd-statuses/">verified member level</a> on the CPD pathway.</p>\n<h2>The certificate of completion</h2>\n<p>You receive one when you complete a course. It confirms you worked through the material and finished it. That is a real milestone and worth having.</p>\n<h2>The certificate of achievement</h2>\n<p>This one is not tied to a single course. As you meet the cumulative requirements for a member level and <a href="/help/certificates-cpd-accreditation/who-verifies-achology-cpd-claims/">SoMAP verifies each claim</a>, your progression is recognised with a certificate of achievement.</p>\n<h2>What each says to an employer</h2>\n<p>Picture the two on a CV. A completion certificate tells an employer you studied a subject and finished the course, which is genuinely worth stating.</p>\n<p>An achievement certificate tells them something stronger: that you reached a standard of practice an independent body checked and stood behind. One describes study; the other describes verified competence, and only one of them is hard for a candidate to overstate.</p>\n<h2>Which one matters to whom</h2>\n<p>If you are learning for yourself, completion certificates may be all you ever need. If you intend to practise, the achievement certificate is the one that carries weight, precisely because someone other than you confirmed it.</p>\n<p>It is also the difference between <a href="/help/outcomes-and-expectations/course-completion-vs-competence/">completing a course and being competent</a>, which is worth reading if you are weighing up what a certificate is for. For what your certificate proves to a third party, see <a href="/help/certificates-cpd-accreditation/what-achology-certificate-proves/">what an Achology certificate actually proves</a>.</p>
10025	Is Achology listed on the UK Register of Learning Providers?	achology-uk-register-learning-providers	2152	<p>Yes. Achology is registered on the UK Register of Learning Providers (UKRLP), with the Provider Reference Number (PRN) 10099815. The UKRLP is the official record of learning providers in the United Kingdom, and the Provider Reference Number is the unique identifier for Achology on it. You can check it yourself, without taking our word for it.</p>\n<h2>How to check it</h2>\n<p>The UKRLP maintains a public provider lookup. Searching the register for the Provider Reference Number 10099815, or for the Achology name, returns the registered provider entry. That is the point of a public register: anyone assessing Achology can confirm the registration directly at source, rather than relying on a claim made on this page.</p>\n<h2>What the registration does, and does not, mean</h2>\n<p>It is worth being precise here, because this is an area where training providers are often vague, and we would rather be plain. Being on the UK Register of Learning Providers means Achology is a registered provider of learning, identifiable by its Provider Reference Number. It does not mean any individual course is a regulated or statutory qualification. If the question behind your question is how an Achology certificate compares to a formal academic award, <a href="/help/comparisons-and-alternatives/achology-certificates-vs-university-degrees/">how Achology certificates compare to university psychology degrees</a> answers it directly and honestly.</p>\n<h2>What sits alongside it</h2>\n<p>The registration is one of two things that make Achology's training checkable from outside. The other is <a href="/help/certificates-cpd-accreditation/who-verifies-achology-cpd-claims/">SoMAP</a>, the Society of Modern Applied Psychology, the independent body that reviews and confirms every professional development claim, found at thesomap.org. What gives an Achology standing its credibility is the combination: a registered provider, plus independent verification behind every member's level. Both are checkable, and <a href="/help/certificates-cpd-accreditation/is-achology-accredited-somap/">Achology's accreditation position</a> is set out in full separately.</p>
10026	What is the Achology Code of Character and Conduct (CCaC)?	achology-code-character-conduct-ccac	2609	<p>The Code of Character and Conduct, or CCaC, is Achology's character-development code. It sets out nine virtues, each worked through in its own live session, and its purpose is plainly stated in the handbook itself: not a set of rules, but a shared commitment to the community's growth. It is the character strand of the CPD (continuing professional development) pathway, trained and tracked alongside the ethics strand.</p>\n<h2>How it is built</h2>\n<p>The CCaC runs as ten live sessions: an introduction, then one session for each of <a href="/help/community-and-conduct/nine-ccac-virtues/">the nine virtues</a>, which are Courage, Temperance, Justice, Wisdom, Magnificence, Magnanimity, Friendliness, Truthfulness, and Wittiness. It rests on <a href="/help/community-and-conduct/achology-s-character-code-based-aristotle/">Aristotle's virtue ethics</a>: the idea that character is not something you are born with, but something developed through deliberate practice, and that each virtue is a balanced middle point between two extremes, one of excess and one of deficiency.</p>\n<h2>What a virtue session is actually like</h2>\n<p>A CCaC session is not a lecture on being good. Each virtue is worked through with a set of reflection questions, so the session is really an honest examination of where you sit on that virtue's spectrum. Courage, for example, is the point between recklessness and cowardice, and the session asks you to look at which way you tend to lean, in the company of other members doing the same. That shared honesty is the method: character, in this view, is built by examining it openly, over time, with people who will be straight with you.</p>\n<h2>Where it sits on the pathway, and why</h2>\n<p>You complete all ten sessions before you move from Achologist to <a href="/help/certificates-cpd-accreditation/achologist-adept/">Achologist Adept</a>, then keep <a href="/help/community-and-conduct/many-ccac-sessions-need-complete-often/">eight of the ten current</a> within any rolling 12-month period. The CCaC is one of <a href="/help/community-and-conduct/difference-between-code-ethics-ccac-community/">three separate codes</a>: distinct from the <a href="/help/achology-basics-and-identity/achology-code-ethics/">Code of Ethics</a>, which governs professional practice, and the Community Code of Conduct, which governs behaviour on the community platform. It exists because most training develops only what you can do. The CCaC is how Achology also attends to who you are becoming while you learn, on the plain view that a capable practitioner with poor character helps no one.</p>
10027	What are Achology's 9 Code of Character and Conduct virtues?	nine-ccac-virtues	1493	<p>The nine virtues of the <a href="/help/community-and-conduct/achology-code-character-conduct-ccac/">Code of Character and Conduct (CCaC)</a> are Courage, Temperance, Justice, Wisdom, Magnificence, Magnanimity, Friendliness, Truthfulness, and Wittiness. Each is explored in its own live session, and together with an introductory session they make up the ten CCaC sessions on the CPD (continuing professional development) pathway.</p>\n<h2>How the virtues are understood</h2>\n<p>The nine are drawn from <a href="/help/community-and-conduct/achology-s-character-code-based-aristotle/">Aristotle's virtue ethics</a>, where each virtue is a balanced middle point between two extremes, one of excess and one of deficiency. Courage, for instance, is the point between recklessness and cowardice. Each session works through its virtue with a set of reflection questions, so you examine where you actually sit on that spectrum rather than reading a definition and moving on.</p>\n<h2>Why these nine, and why in sessions</h2>\n<p>The virtues are treated as qualities you develop through practice, not traits you either have or lack. Working through them in the company of other members, over time, is how the CCaC builds character alongside the professional skill the rest of the pathway develops. Holding <a href="/help/community-and-conduct/many-ccac-sessions-need-complete-often/">8 of the 10 sessions current</a> is what keeps that work live, rather than something completed once and forgotten.</p>
10028	How do the Code of Ethics, CCaC, and Community Code of Conduct differ?	difference-between-code-ethics-ccac-community	2202	<p>Achology has three separate codes, and they are easy to confuse. The <a href="/help/achology-basics-and-identity/achology-code-ethics/">Code of Ethics</a> governs professional practice, the <a href="/help/community-and-conduct/achology-code-character-conduct-ccac/">Code of Character and Conduct (CCaC)</a> develops character, and the Community Code of Conduct sets the rules for behaviour on the community platform.</p>\n<h2>What each one is</h2>\n<ul><li>The Code of Ethics, formally the Ethical Framework for Practitioners of Applied Psychology, sets the standards of professional conduct expected of every practising Achologist. <a href="/help/certificates-cpd-accreditation/have-retake-code-ethics-training-every/">Annual training in it</a> is a CPD (continuing professional development) requirement from Achologist Adept onward.</li><li>The CCaC is the character-development code: nine virtues trained through <a href="/help/community-and-conduct/many-ccac-sessions-need-complete-often/">ten live sessions</a>, forming the character strand of the pathway.</li><li>The Community Code of Conduct is the separate set of rules for the <a href="/help/technical-help/what-is-circle-achology-community/">Circle community platform</a>, governing how members behave in that shared space.</li></ul>\n<h2>One situation, three codes</h2>\n<p>It helps to see them at work on a single moment. Imagine you are coaching another member in a live session, and something sensitive comes up.</p>\n<p>The Code of Ethics governs how you handle that professionally: confidentiality, competence, the client's interests. The CCaC is the character behind it: the honesty and humility you bring to the room. The Community Code of Conduct covers how you then conduct yourself in the group afterwards, in the shared space.</p>\n<h2>A simple way to hold the difference</h2>\n<p>The Code of Ethics is about how you practise with clients. The CCaC is about who you are becoming as a person. The Community Code of Conduct is about how you treat other members day to day.</p>\n<p>Two of the three, the Code of Ethics and the CCaC, are trained and tracked on the CPD pathway; the third simply governs conduct in the community space.</p>
10029	How many CCaC sessions do I need to complete, and how often?	many-ccac-sessions-need-complete-often	1347	<p>There are ten <a href="/help/community-and-conduct/achology-code-character-conduct-ccac/">Code of Character and Conduct (CCaC)</a> sessions in total: an introduction, plus one for each of <a href="/help/community-and-conduct/nine-ccac-virtues/">the nine virtues</a>. You complete all ten before you progress from Achologist to <a href="/help/certificates-cpd-accreditation/achologist-adept/">Achologist Adept</a>. After that, you keep 8 of the 10 current within any rolling 12-month period to stay compliant.</p>\n<h2>What "keeping them current" means</h2>\n<p>The 8-of-10 requirement is ongoing, not a one-time hurdle. Sessions run regularly through the year, and because compliance is measured over a rolling 12 months, sessions gradually drop out of the window as time passes. Leaving too long a gap is where members find themselves falling short.</p>\n<h2>Why it works this way</h2>\n<p>Character, in the CCaC's view, is built by examining virtues honestly, in good company, over time, not by finishing a course once and moving on. The rolling requirement keeps that examination live. Holding 8 of 10 current is also what keeps your <a href="/help/community-and-conduct/ccac-green-red-status-mean/">status at green</a>, which is required for CPD (continuing professional development) progression at every level from Achologist Adept upward.</p>
10030	What do the green and red CCaC statuses indicate?	ccac-green-red-status-mean	1536	<p>Green and red are the two states of your <a href="/help/community-and-conduct/achology-code-character-conduct-ccac/">Code of Character and Conduct (CCaC)</a> compliance. Green means at least 8 of your 10 CCaC sessions are current within the rolling 12-month period, which is what CPD (continuing professional development) progression requires. Red means fewer than 8 are current, and while you are red, your progression on the pathway is paused until you restore it.</p>\n<h2>How you move between them</h2>\n<p>Because compliance is measured over a rolling 12 months, <a href="/help/community-and-conduct/many-ccac-sessions-need-complete-often/">sessions drop out of the window</a> as time passes, so staying green takes consistent engagement rather than a single burst. If your current sessions fall below eight, your status turns red. Attending enough sessions to bring the count back to eight or more returns you to green.</p>\n<h2>Why it matters</h2>\n<p>Green status is a condition for progressing at every level from <a href="/help/certificates-cpd-accreditation/achologist-adept/">Achologist Adept</a> upward, sitting alongside the <a href="/help/certificates-cpd-accreditation/have-retake-code-ethics-training-every/">annual Code of Ethics training</a> as the two ongoing compliance requirements. Red does not erase anything you have already earned; it holds your progression in place until your compliance is restored. That is the system's way of keeping the character strand a live commitment rather than a box ticked once.</p>
10031	Why does Achology's character code draw from Aristotle?	achology-s-character-code-based-aristotle	1959	<p>Achology's character code, the <a href="/help/community-and-conduct/achology-code-character-conduct-ccac/">Code of Character and Conduct (CCaC)</a>, is built on Aristotle's virtue ethics because that tradition treats character as something you develop, not something you are simply born with or without. For a learning community whose whole premise is that people are <a href="/help/outcomes-and-expectations/achology-character-development/">capable of growth</a>, a framework built on deliberate practice is a natural fit.</p>\n<h2>What virtue ethics actually says</h2>\n<p>If the phrase is new to you, the idea behind it is refreshingly plain. Most ethical systems ask "what are the rules, and did you follow them". Virtue ethics asks a different question: "what kind of person are you becoming".</p>\n<p>Its answer is that good character is grown, through practice and honest effort, the same way any skill is. You are not born courageous or patient; you become so by acting that way, repeatedly, until it holds.</p>\n<h2>The idea of the middle point</h2>\n<p>Aristotle's particular contribution is that each virtue sits as a balanced mean between two extremes, one of excess and one of deficiency. Courage sits between recklessness and cowardice; generosity between wastefulness and meanness.</p>\n<p>The CCaC takes <a href="/help/community-and-conduct/nine-ccac-virtues/">nine of these virtues</a> and works through each in its own session, asking you to examine honestly which way you tend to lean.</p>\n<h2>Why it suits Achology</h2>\n<p>This character-first approach matches how Achology treats <a href="/help/achology-basics-and-identity/achology-code-ethics/">ethics more widely</a>: the aim is to help members aspire to become better, not simply to follow rules. Virtue ethics gives the CCaC a way to develop character over time, through honest self-examination in the company of other members, which is exactly how the sessions are designed to run.</p>
10032	What are the five principles of Achology's community?	achology-s-five-community-principles	2315	<p>Achology's five community principles set the behavioural benchmark for the learning community. They are Respect and Inclusivity, Active Engagement, Integrity and Professionalism, Ethical Conduct, and Shared Responsibility. They come from the <a href="/help/community-and-conduct/achology-code-character-conduct-ccac/">Code of Character and Conduct (CCaC)</a> and describe how members treat one another and the space they share.</p>\n<h2>What each one means</h2>\n<ul><li>Respect and Inclusivity: diversity enriches the community, every perspective is valued, and respect is treated as the cornerstone of growth.</li><li>Active Engagement: learning is a shared effort, so members take part, listen with intention, ask thoughtful questions, and give constructive feedback.</li><li>Integrity and Professionalism: trust is built through consistent honesty, accountability, and professionalism, including upholding confidentiality.</li><li>Ethical Conduct: members respect others' rights, follow applicable laws, and contribute in ways aligned with the community's standards.</li><li>Shared Responsibility: the community is a collective effort, so issues are addressed collaboratively rather than left to fester.</li></ul>\n<h2>What they look like in practice</h2>\n<p>These are not abstractions once you are inside the community. Active Engagement is the member who reads a coaching post properly and gives a considered reply, rather than a one-line reaction.</p>\n<p>Shared Responsibility is the group addressing a difficult thread openly and kindly, instead of letting it sour. Integrity is a member holding a confidence they were trusted with. The principles describe the ordinary conduct that keeps a large learning community worth being part of.</p>\n<h2>How they are held</h2>\n<p>The five principles are part of the CCaC, and they sit alongside <a href="/help/community-and-conduct/nine-ccac-virtues/">the nine virtues</a> the code trains: the virtues describe the character to develop, the principles describe how to conduct yourself with others. They also connect to Achology's wider <a href="/help/achology-basics-and-identity/achology-s-ten-value-commitments/">ten value commitments</a> and <a href="/help/achology-basics-and-identity/achology-s-nine-value-based-principles/">nine value-based principles</a>.</p>
10033	What are the suggested character traits of an Achologist?	character-traits-define-achologist	1515	<p>The <a href="/help/achology-basics-and-identity/achology-code-ethics/">Achology Code of Ethics</a> names 22 character traits as the essential personal and moral qualities of an Achologist. They are grounded in a smaller set of moral foundations, honesty, integrity, kindness, fairness, respect, responsibility, and empathy, with trust treated as the cornerstone of every professional relationship. The traits describe who an Achologist is expected to be, alongside what they agree to do.</p>\n<h2>The 22 traits</h2>\n<p>In full, they are: Alertness, Attentiveness, Availability, Cautiousness, Compassion, Cooperation, Courage, Diligence, Discipline, Empathy, Enthusiasm, Flexibility, Generosity, Honesty, Humility, Initiative, Integrity, Orderliness, Patience, Positivity, Resilience, and Wisdom.</p>\n<h2>How they are used</h2>\n<p>These 22 are an aspirational inventory: qualities to grow toward and examine honestly in yourself, rather than a checklist you pass. They overlap with <a href="/help/community-and-conduct/nine-ccac-virtues/">the nine virtues</a> of the Code of Character and Conduct (CCaC), which shares some of the same ground, but the two are distinct instruments. The CCaC virtues are trained and tracked through live sessions; these 22 traits are aspired to and self-examined. Together with <a href="/help/community-and-conduct/commit-practising-achologist/">the commitments every practising Achologist makes</a>, they paint the full picture of the person the framework is helping you become.</p>
10034	What is the Achology Code of Ethics (Ethical Conduct)?	achology-code-ethics	2649	<p>The Achology Code of Ethics is the framework of professional conduct that every practising Achologist works within. Its formal name is the Ethical Framework for Practitioners of Applied Psychology. It is the primary reference members use when making decisions about their own conduct, whether professional, relational, financial, or social, and adhering to it is a condition of standing as a member.</p>\n<h2>What it is grounded in</h2>\n<p>The framework is built on virtue ethics, the tradition running from Socrates and the Stoics through <a href="/help/community-and-conduct/achology-s-character-code-based-aristotle/">Aristotle</a>, which emphasises cultivating good character over simply following rules. The handbook presents the code as an integrity health check rather than a box-ticking exercise, with the aim of helping members aspire to be better, not merely to do the right thing in the moment. Integrity is named its cornerstone virtue.</p>\n<h2>The three ways it is used</h2>\n<p>The code is not a document you read once and shelve. The handbook names three live uses for it: guiding everyday professional practice, including being open about it with a client at the outset; supporting ethical decision-making, giving you a structured way to weigh a real dilemma when two principles pull against each other; and supporting reflection, explicitly including the coaching and practice sessions on the pathway. In other words, it is meant to be used in the room, not admired on a shelf.</p>\n<h2>How it is trained and kept current</h2>\n<p>The code comes with a six-part video training course, working through moral and ethical excellence, the role of an ethically minded Achologist, the integrity health check, ongoing character development, the qualities that positively influence people, and a closing commitment to keep the practice alive. Attending the live Code of Ethics training once a year is a <a href="/help/certificates-cpd-accreditation/have-retake-code-ethics-training-every/">CPD compliance requirement from Achologist Adept onward</a>. It is one of <a href="/help/community-and-conduct/difference-between-code-ethics-ccac-community/">Achology's three conduct codes</a>, distinct from the <a href="/help/community-and-conduct/achology-code-character-conduct-ccac/">Code of Character and Conduct (CCaC)</a> and the Community Code of Conduct. Its values are expressed in more usable form as <a href="/help/achology-basics-and-identity/achology-s-ten-value-commitments/">the ten value commitments</a> and <a href="/help/achology-basics-and-identity/achology-s-nine-value-based-principles/">the nine value-based principles</a>.</p>
10035	What are the ten core value commitments of Achology?	achology-s-ten-value-commitments	2266	<p>Achology's ten value commitments are the beliefs its <a href="/help/achology-basics-and-identity/achology-code-ethics/">Code of Ethics</a> commits the organisation and its members to. They shape the goals Achology sets and the decisions it makes.</p>\n<h2>The ten commitments</h2>\n<ul><li>Upholding human rights, individuality, and dignity for all.</li><li>Actively supporting people in relieving personal suffering and distress.</li><li>Promoting the wellbeing, personal growth, and capabilities of individuals.</li><li>Enhancing the quality of relationships between people, built on trust and understanding.</li><li>Strengthening personal resilience and effectiveness.</li><li>Encouraging people to embody virtuous and ethical characteristics in their interactions.</li><li>Maintaining the confidentiality of people's private information, prioritising their safety and wellbeing.</li><li>Upholding the integrity of the practitioner and client relationship in applied psychology.</li><li>Enhancing the usefulness of abstract psychological knowledge in practical, everyday applications.</li><li>Ensuring equitable and affordable access to training in applied psychology.</li></ul>\n<h2>Where you actually see them</h2>\n<p>A list of values is only worth as much as its visibility, so it is worth pointing to where these show up. The confidentiality commitment is the root of Achology's privacy promises across its policies.</p>\n<p>The applied-knowledge commitment is why the whole platform is built around practice rather than theory alone. And the access commitment is behind the <a href="/help/achology-basics-and-identity/achology-knowledge-hub-free-read/">free-to-read Knowledge Hub</a> and the affordability of the training.</p>\n<h2>How they fit the wider framework</h2>\n<p>The ten commitments work alongside <a href="/help/achology-basics-and-identity/achology-s-nine-value-based-principles/">the nine value-based principles</a>, which turn these values into a method for real decisions, and <a href="/help/community-and-conduct/achology-s-five-community-principles/">the five community principles</a>, which express them in daily conduct. Together they say the same thing in three registers: what Achology believes, how it decides, and how members behave.</p>
10036	What are Achology's nine value-based principles?	achology-s-nine-value-based-principles	2313	<p>Achology's nine value-based principles are the way its <a href="/help/achology-basics-and-identity/achology-code-ethics/">Code of Ethics</a> turns its values into something a member can act on. The handbook's own reasoning is that articulating values as principles brings clarity and makes them usable when a real decision has to be made.</p>\n<h2>The nine principles</h2>\n<ul><li>Personal Integrity: living consistently by core principles such as honesty, fairness, and decency.</li><li>Personal Autonomy: staying true to yourself and your own principles, free from external manipulation.</li><li>Unconditional Inclusion: accepting every person's full contribution, regardless of difference.</li><li>Altruism: serving the needs of others above personal interest, with empathy as its engine.</li><li>Moral Imagination: the ability to envision several options for resolving an ethical dilemma.</li><li>Growth Mindset: treating skills as learnable and failures as opportunities to learn.</li><li>Social Contribution: prioritising giving over taking within families, neighbourhoods, and communities.</li><li>Personal Responsibility: taking ownership and acting as a role model whose influence reaches beyond you.</li><li>Maturity in Character: self-awareness, social awareness, and the wisdom to learn from experience.</li></ul>\n<h2>How they guide a real decision</h2>\n<p>The handbook gives a simple test for using them. If one or more of these principles is strongly reflected in a decision, without contradicting any other, the decision can be regarded as ethically well-founded.</p>\n<p>Say a client shares something that worries you. Personal Integrity and Altruism both point toward acting in their interest; Unconditional Inclusion and Personal Autonomy remind you to respect their right to decide for themselves.</p>\n<p>Where the principles cannot all be honoured at once, you weigh which matter most. That weighing is the skill.</p>\n<h2>Why this matters</h2>\n<p>That test is what turns <a href="/help/achology-basics-and-identity/achology-s-ten-value-commitments/">the ten value commitments</a> from a statement into a working method, and it connects directly to <a href="/help/achology-basics-and-identity/seven-marks-maturity-achology-teaches/">the seven marks of maturity</a> the framework describes.</p>
10037	What are the seven signs of maturity that Achology teaches?	seven-marks-maturity-achology-teaches	1717	<p>Achology's seven marks of maturity come from the <a href="/help/achology-basics-and-identity/achology-code-ethics/">Code of Ethics</a>, in a section on the essence of maturity. They describe a mature person as someone whose decisions are rooted in values rather than in passing emotions or opinions. The marks give members a picture of the character the whole framework is trying to help them grow toward.</p>\n<h2>The seven marks</h2>\n<ul><li>Keeps long-term commitments, delaying gratification and honouring commitments even when they are uninspiring.</li><li>Is indifferent to flattery or criticism, holding a secure identity that is not shaken by external opinion.</li><li>Possesses a spirit of humility, honouring others and acknowledging their contributions.</li><li>Makes decisions based on character, acting proactively rather than looking for excuses.</li><li>Can prioritise self last, contributing to others' wellbeing in a balanced, discerning way.</li><li>Seeks wisdom before acting, keeping a teachable spirit and valuing counsel from the wise.</li><li>Consistently expresses gratitude.</li></ul>\n<h2>How to read them</h2>\n<p>The marks are best read as a description to grow into rather than a test to pass. They line up closely with <a href="/help/achology-basics-and-identity/achology-s-nine-value-based-principles/">the nine value-based principles</a>, where Maturity in Character is itself named, and with the framework's wider belief that character, more than circumstances, is what carries a person through difficulty. That belief is also why Achology <a href="/help/outcomes-and-expectations/achology-character-development/">emphasises character development</a> alongside professional skill.</p>
10038	What are my commitments as a practising Achologist?	commit-practising-achologist	1903	<p>As a practising Achologist who serves the public, you commit to five ethical standards toward your clients: you put the client's needs first, work to a high standard and within your competence, keep your professional relationships healthy and honouring, and protect confidentiality. These come from the <a href="/help/achology-basics-and-identity/achology-code-ethics/">Achology Code of Ethics</a>, and meeting them is a condition of standing as a member.</p>\n<h2>The five commitments</h2>\n<ul><li>Always put the client's needs first, ahead of your own interests.</li><li>Work to a high standard, keeping your professional development current so your practice stays sharp.</li><li>Work within your competencies, and be honest about them in relation to a client's situation.</li><li>Maintain healthy, honouring relationships, held with unconditional positive regard, authenticity, and empathy.</li><li>Maintain confidentiality, privacy, and trust, never disclosing a client's information without consent or genuine necessity.</li></ul>\n<h2>What sits alongside them</h2>\n<p>The code adds a few practical duties. When you offer services to the public, you make sure <a href="/help/outcomes-and-expectations/achology-professional-indemnity-insurance/">appropriate insurance</a> is in place, and you hold the same standards whether you work online or in person. You are also expected to be accountable, ready to explain how you have met your obligations. All of it exists to protect the client's interests and their capacity to decide for themselves.</p>\n<p>These commitments build on the <a href="/help/achology-basics-and-identity/character-traits-define-achologist/">character traits</a> expected of an Achologist, and they apply with added care while you are still training: see <a href="/help/community-and-conduct/standards-apply-trainee-achologists/">the standards for a trainee Achologist</a>.</p>
10039	Which professional standards apply to a trainee Achologist?	standards-apply-trainee-achologists	1808	<p>Trainee Achologists, members still working through a practitioner qualification course, hold to the same <a href="/help/achology-basics-and-identity/achology-code-ethics/">ethical framework</a> as qualified members, with a few added responsibilities that reflect where they are. The central one is honesty about their status: a trainee tells clients, or makes sure they know, that they are training.</p>\n<h2>What trainees commit to</h2>\n<ul><li>Tell clients you are a trainee. After qualifying, whether to disclose past trainee status becomes a matter of professional judgement.</li><li>Get permission before using any client work for educational purposes, with identities thoroughly anonymised, and treat consent as mandatory wherever anonymity cannot be guaranteed.</li><li>Provide services that meet the framework's professional, moral, and ethical standards.</li><li>Work with reasonable care and skill, collaborating with senior practitioners and professional advisors.</li><li>Stay mindful of any conflict between obligations, such as to other clients or a training provider, and seek guidance.</li><li>Talk honestly with trusted members of the community about your training, client work, and ethical practice.</li></ul>\n<h2>Why the extra care</h2>\n<p>These standards protect the people a trainee works with while the trainee is still developing. Being open about trainee status, careful with client material, and willing to seek guidance is treated not as a limitation but as part of practising ethically from the start. They sit on top of <a href="/help/community-and-conduct/commit-practising-achologist/">the commitments every practising Achologist makes</a> and the <a href="/help/achology-basics-and-identity/character-traits-define-achologist/">character traits</a> the community expects.</p>
10040	Is there a free Achology membership tier, and what does it include?	there-free-achology-membership-include	2177	<p>Yes, Achology has a free membership tier, and it needs no payment to join. It is a real membership with genuine access, not a preview screen: you get free events through the week, the coaching board, the discussion forum, and the quarterly live Code of Ethics training. It exists to let you experience the community properly before deciding whether to pay for more.</p>\n<h2>What the free membership includes</h2>\n<ul><li>The events calendar, with free events running Monday to Friday, excluding holidays.</li><li>The coaching board, where you can apply for one-to-one coaching sessions offered by subscribing members.</li><li>The discussion forum, where you can ask questions of SoMAP (the Society of Modern Applied Psychology) members and the Achology Eldership.</li><li>The quarterly live <a href="/help/certificates-cpd-accreditation/have-retake-code-ethics-training-every/">Code of Ethics training</a>.</li></ul>\n<h2>What your first week can look like</h2>\n<p>You can join a free event, post to the coaching board and apply for a session, and start reading and asking in the forum, all without paying anything. That is enough to answer the real question most people have at this stage, which is not "what are the features" but "are these my kind of people, and is this worth my time". The free tier is built to let you find that out honestly.</p>\n<h2>What it does not include, and why</h2>\n<p>The free tier does not include the courses, the unlimited live sessions, or the <a href="/help/events-and-mentorship/mentoring-opportunities-achology-membership/">structured mentorship</a>, and that is deliberate rather than mean. Those sit with paid <a href="/help/pricing-and-payments/difference-between-monthly-annual-achology-membership/">Achology Membership</a>, at $7 for the first 30 days and then $34.50 a month. The free tier also does two useful jobs at once: it gives subscribing members people to practise their coaching and tutorials with, which feeds the accreditation pathway, and it lets you try the community before committing. The fuller cost picture is in <a href="/help/pricing-and-payments/how-much-does-achology-cost/">How much does Achology cost?</a></p>
10041	How do monthly and annual Achology memberships differ?	difference-between-monthly-annual-achology-membership	2224	<p>The difference between monthly and annual Achology Membership is how you pay and how much you save. Monthly is $7 for your first 30 days, then $34.50 a month, billed each month until you cancel. Annual is $345 for a full year, paid once. Both give you exactly the same access to the community; the only thing that changes is the commitment and the cost.</p>\n<h2>What each one costs</h2>\n<ul><li>Monthly: $7 for the first 30 days, then $34.50 per month, <a href="/help/refunds-and-billing/cancel-achology-membership-anytime/">cancellable at any time</a> to stop future payments.</li><li>Annual: $345 per year, which works out at roughly two months free compared with paying monthly for a year, and renews annually unless you cancel before the renewal date.</li></ul>\n<h2>What that access actually contains</h2>\n<p>Whichever plan you choose, membership is where the practising side of Achology happens: access to courses, unlimited live sessions, <a href="/help/events-and-mentorship/mentoring-opportunities-achology-membership/">structured mentorship</a>, the coaching board, daily discussion groups, and the networking that runs through it all. It is the difference between owning a course and taking part in a community, which is worth being clear about before you choose a plan: <a href="/help/membership-and-access/difference-membership-courses-achology/">membership and courses</a> are not the same purchase.</p>\n<h2>Which one to choose</h2>\n<p>The monthly plan, with its <a href="/help/pricing-and-payments/achology-free-trial-introductory-offer/">$7 first month</a>, is the low-commitment way in: sensible if you want to try the community or are not yet sure how long you will stay. The annual plan is the better value if you already know you want to be part of Achology for the year, since it saves you about two months' worth of payments. One honest point either way: membership is non-refundable once your access starts, because that access begins immediately, though you can cancel at any time to stop future payments. So if you are unsure, the monthly trial is the gentler place to begin, and the <a href="/help/membership-and-access/there-free-achology-membership-include/">free tier</a> is gentler still.</p>
10042	My course included free membership. What happens when it ends?	course-included-free-membership-happens-when	1599	<p>When you buy a course, it comes with three months of complimentary Achology Membership. When those three months end, the membership does not simply stop: it continues automatically at the standard monthly rate of $34.50 a month until you cancel it. You can <a href="/help/refunds-and-billing/cancel-achology-membership-anytime/">cancel at any time</a> inside the community platform, <a href="/help/technical-help/what-is-circle-achology-community/">Circle</a>, which stops all future payments.</p>\n<h2>What you need to do</h2>\n<p>If you want to keep your community access, you do not need to do anything: it carries on and you are billed monthly once the complimentary period is over. If you do not want it to continue, cancel it before the three months end, and you will not be charged. Cancelling stops future payments; it does not remove the course you bought, which <a href="/help/pricing-and-payments/achology-lifetime-access-explained/">remains yours to access</a>.</p>\n<h2>A couple of things worth knowing</h2>\n<p>The complimentary period is longer with some purchases: the <a href="/help/membership-and-access/achology-access-all-areas-pass/">Access All Areas Pass</a> includes twelve months of membership rather than three. And membership is non-refundable once access has started, so if you decide it is not for you, the thing to do is cancel to stop future payments rather than expect a refund of a month already begun. If you refund the course itself, <a href="/help/refunds-and-billing/refund-course-complimentary-membership-cancel-too/">the membership is handled separately</a>.</p>
10043	If I request a refund on a course, will I lose my free membership?	refund-course-complimentary-membership-cancel-too	1440	<p>No. Refunding a course does not, by itself, cancel the complimentary Achology Membership that came with it. The two are handled separately, so if you refund a course within the <a href="/help/refunds-and-billing/does-achology-offer-a-money-back-guarantee/">14-day money-back guarantee</a> and you also do not want the membership to continue, you need to cancel the membership yourself.</p>\n<h2>How to cancel the membership</h2>\n<p>You <a href="/help/refunds-and-billing/cancel-achology-membership-anytime/">cancel the membership</a> inside the community platform, <a href="/help/technical-help/what-is-circle-achology-community/">Circle</a>, which stops all future payments. It takes a moment, and it is worth doing at the same time as your refund request so the membership does not quietly continue and start billing at $34.50 a month once the complimentary period ends.</p>\n<h2>The wider refund position</h2>\n<p>Courses, bundles, and the Access All Areas Pass carry a full 14-day money-back guarantee, no reason required; <a href="/help/refunds-and-billing/how-to-request-achology-refund/">how to request a refund</a> walks through the steps. Membership itself is different: it is non-refundable once your access has started, because that access begins immediately, but you can cancel it at any time to stop future payments. So the clean way to step away fully is to request your course refund and cancel the membership separately.</p>
10044	What is the total number of courses offered by Achology?	many-courses-achology-offer-total	2438	<p>Achology offers 28 individual courses in total, grouped into <a href="/help/curriculum-and-subjects/seven-schools-achology-curriculum-explained/">seven schools of applied psychology</a>, each school gathering the courses that belong to one field. They range from short, focused masterclasses of ten to sixteen hours up to full practitioner diploma courses, so the catalogue holds both a first taste of a subject and a complete professional training in it.</p>\n<h2>How the 28 are organised</h2>\n<p>The seven schools are the School of Neuro-Linguistic Programming (NLP), the School of Cognitive Behavioural Psychology (CBP), the School of Life Coaching and Professional Helping, the School of Person-Centred Counselling and Psychology, the School of Mindfulness, Applied Insight and Wisdom (MIW), the School of Mental Health, Wellness and Emotional Resilience, and the School of Personal Growth and Development (PGD). Because some subjects genuinely belong to more than one field, <a href="/help/curriculum-and-subjects/any-achology-courses-appear-more-than/">a single course can sit in more than one school</a>, so the schools' totals add up to more than 28.</p>\n<p>The clearest example is the Diploma Course in Modern Applied Psychology (DiMAP), the foundational course that appears in all seven.</p>\n<h2>Where to start among 28</h2>\n<p>Twenty-eight is a lot to face at once, so most people do not choose a course so much as choose a direction. If you are new, the <a href="/help/curriculum-and-subjects/achology-s-three-learning-paths/">three learning paths</a> are the simplest way in, grouping the catalogue by goal rather than by subject.</p>\n<p>If you already know the field you want, <a href="/help/curriculum-and-subjects/which-courses-included-each-school-bundle/">each school bundle</a> collects its courses in one place. And the foundational diploma, DiMAP, is where a great many members begin, because it underpins the rest.</p>\n<h2>Ways to buy them</h2>\n<p>You can take a course on its own, buy a whole school as a bundle, or take the <a href="/help/membership-and-access/achology-access-all-areas-pass/">Access All Areas Pass</a>, which includes all 28 courses. Whichever route you choose, the courses themselves are identical; the difference is only how many you gain access to at once, and the <a href="/help/pricing-and-payments/how-much-does-achology-cost/">fuller cost picture</a> sets out what each option costs.</p>
10045	What courses are part of each Achology school bundle?	which-courses-included-each-school-bundle	3353	<p>Each of Achology's seven schools is a bundle of courses in one field. Six of the schools hold five or six courses; the School of Personal Growth and Development holds twelve. The Diploma Course in Modern Applied Psychology (DiMAP) is shared across all seven, because it is the foundational course the whole catalogue builds on.</p>\n<p>A note on the figures below: because <a href="/help/curriculum-and-subjects/any-achology-courses-appear-more-than/">some courses appear in more than one school</a>, the student totals count those shared courses under each school, so they overlap rather than sum.</p>\n<h2>The seven schools and their courses</h2>\n<ul><li>School of Neuro-Linguistic Programming (NLP), 5 courses, 162+ hours: DiMAP, A Beginner's Guide to Neuro-Linguistic Programming (NLP), Neuro-Linguistic Programming (NLP) Practitioner Training, Neuro-Linguistic Programming Master Practitioner Course, and Mindset Mastery.</li><li>School of Cognitive Behavioural Psychology (CBP), 5 courses, 121+ hours: DiMAP, The CBT Toolkit, Cognitive Behavioural Therapy (CBT) Practitioner Course, Cognitive Behavioural Therapy for Mental Health and Wellness, and The Strategic Goal Setting and Action Planning Masterclass.</li><li>School of Life Coaching and Professional Helping, 6 courses, 150+ hours: DiMAP, Life Coaching Certificate Course (Beginner to Advanced), Life Coaching Blueprint, The Skilled Helper Training Course (with Prof. Gerard Egan), Skilled Helper Practitioner Course (Advanced to Expert), and The Clarity, Purpose and Personal Effectiveness Masterclass.</li><li>School of Person-Centred Counselling and Psychology, 5 courses, 145+ hours: DiMAP, Hypnotherapy Practitioner Course, Counselling Skills Practitioner Course, The Skilled Helper Training Course (with Prof. Gerard Egan), and The Communication Skills and Social Intelligence Masterclass.</li><li>School of Mindfulness, Applied Insight and Wisdom (MIW), 5 courses, 121+ hours: DiMAP, Mindfulness Practitioner Diploma Course, Mindfulness for Mental Health, Personal Growth and Inner Peace, Mindfulness for Highly Efficient Management and Leadership, and The Clarity, Purpose and Personal Effectiveness Masterclass.</li><li>School of Mental Health, Wellness and Emotional Resilience, 5 courses, 131+ hours: DiMAP, Mental Health and Wellbeing Practitioner Diploma Course, Cognitive Behavioural Therapy for Mental Health and Wellness, Mindfulness for Mental Health, Personal Growth and Inner Peace, and Mindset Mastery.</li><li>School of Personal Growth and Development (PGD), 12 courses, 183+ hours: DiMAP plus eleven personal-development courses spanning self-belief, confidence, emotional intelligence, clarity and purpose, goal setting, communication, productivity, mental toughness, relationships, leadership-focused mindfulness, and entrepreneurship.</li></ul>\n<h2>Buying a school</h2>\n<p>Each <a href="/help/membership-and-access/achology-school-bundles-how-they-work/">school bundle</a> includes its courses plus twelve months of Achology Membership, and works out cheaper than buying the same courses separately.</p>\n<p>If you want everything, the <a href="/help/membership-and-access/achology-access-all-areas-pass/">Access All Areas Pass</a> includes <a href="/help/curriculum-and-subjects/many-courses-achology-offer-total/">all 28 courses</a> across all seven schools.</p>
10046	Are there Achology courses that are included in multiple bundles?	any-achology-courses-appear-more-than	2128	<p>Yes. Several courses are shared across more than one school bundle, because some subjects genuinely belong to more than one field. The clearest example is the Diploma Course in Modern Applied Psychology (DiMAP), which appears in <a href="/help/curriculum-and-subjects/which-courses-included-each-school-bundle/">all seven schools</a> as the foundational course the rest build on.</p>\n<h2>The shared courses</h2>\n<ul><li>Diploma Course in Modern Applied Psychology (DiMAP): in all seven schools.</li><li>Mindset Mastery: The Ultimate NLP-Based Guide to Self-Discovery: in the NLP school and the Mental Health school.</li><li>Cognitive Behavioural Therapy for Mental Health and Wellness: in the CBP school and the Mental Health school.</li><li>The Skilled Helper Training Course (with Prof. Gerard Egan): in the Life Coaching school and the Person-Centred school.</li><li>Mindfulness for Mental Health, Personal Growth and Inner Peace: in the Mindfulness school and the Mental Health school.</li><li>Mindfulness for Highly Efficient Management and Leadership: in the Mindfulness school and the Personal Growth school.</li><li>The Clarity, Purpose and Personal Effectiveness Masterclass: in the Life Coaching, Mindfulness, and Personal Growth schools.</li><li>The Strategic Goal Setting and Action Planning Masterclass: in the CBP school and the Personal Growth school.</li><li>The Communication Skills and Social Intelligence Masterclass: in the Person-Centred school and the Personal Growth school.</li></ul>\n<h2>What this means when you buy</h2>\n<p>If you buy more than one school, you may find a shared course appears in both, and you do not lose out: you keep <a href="/help/pricing-and-payments/achology-lifetime-access-explained/">lifetime access</a> to the course either way. It simply reflects that these subjects are useful across fields. If you would rather have everything without tracking the overlaps, the <a href="/help/membership-and-access/achology-access-all-areas-pass/">Access All Areas Pass</a> includes <a href="/help/curriculum-and-subjects/many-courses-achology-offer-total/">all 28 courses</a> once.</p>
10047	What are the three learning paths offered by Achology?	achology-s-three-learning-paths	2516	<p>Achology groups its courses into three high-level learning paths, a simpler way to find your direction than working through <a href="/help/curriculum-and-subjects/many-courses-achology-offer-total/">all 28 courses</a> one by one. They are Mental Health and Wellbeing, Personal Growth and Development, and Applied Psychology Certification. Some courses sit in more than one path, because the same learning can serve more than one goal.</p>\n<h2>What each path is for</h2>\n<ul><li>Mental Health and Wellbeing: courses focused on understanding and supporting mental health, resilience, and emotional wellbeing, both for yourself and for the people you help.</li><li>Personal Growth and Development: courses focused on confidence, communication, clarity, productivity, and personal effectiveness, for people who want to grow in their own lives and work.</li><li>Applied Psychology Certification: the Practitioner Certification courses that are required for CPD (continuing professional development) progression toward <a href="/help/certificates-cpd-accreditation/six-achology-cpd-statuses/">Achologist status and beyond</a>.</li></ul>\n<h2>How to choose between them</h2>\n<p>The honest way to use the paths is to start from why you are here, not from the course list. If your aim is professional practice and accreditation, the Applied Psychology Certification path holds the courses the pathway actually counts, so that is where to look first.</p>\n<p>If you want to support your own or others' mental health, the Mental Health and Wellbeing path points you at the courses built for that. If your aim is personal growth in your work and relationships, the Personal Growth path is the one.</p>\n<p>Someone training to coach professionally and someone wanting to steady their own life will pick different starting points, and the paths exist to make that first choice obvious.</p>\n<h2>How paths relate to schools</h2>\n<p>The paths and <a href="/help/curriculum-and-subjects/seven-schools-achology-curriculum-explained/">the seven schools</a> are two views of the same catalogue. A path groups courses by the goal you are pursuing; a school groups them by subject.</p>\n<p>They are a way of choosing where to start, not fixed tracks you are locked into, and you are free to take courses from more than one path. If you would rather not choose at all, <a href="/help/curriculum-and-subjects/which-courses-included-each-school-bundle/">the school bundles</a> and the Access All Areas option give you whole groups at once.</p>
10048	What does the DiMAP course upgrade include?	dimap-course-upgrade	2509	<p>The DiMAP Course Upgrade is a bundle that pairs the Diploma Course in Modern Applied Psychology (DiMAP) with twelve months of Achology Membership, for $399. It is an upgrade on buying the diploma by itself, which is $299 and comes with <a href="/help/membership-and-access/course-included-free-membership-happens-when/">three months of complimentary membership</a>. So the real question the upgrade answers is not "which course" but "how long do I want to be part of the community while I study it".</p>\n<h2>What DiMAP itself is</h2>\n<p>DiMAP is Achology's flagship course and the foundation the rest of the catalogue builds on: it appears in <a href="/help/curriculum-and-subjects/which-courses-included-each-school-bundle/">all seven schools</a> and runs to more than fifty hours of material. It is also the course the <a href="/help/certificates-cpd-accreditation/six-achology-cpd-statuses/">CPD pathway</a> requires by Senior Achologist I, so for anyone heading toward accreditation, it is not optional. That is why it is the course most often bought first, and the one the upgrade is built around.</p>\n<h2>What you get for the difference</h2>\n<p>For $100 more than the course alone, the upgrade extends your community membership from three months to a full twelve. That is the whole of the difference, and it is worth seeing plainly: membership on its own is $34.50 a month, so nine extra months bought this way is straightforward value if you are going to use them.</p>\n<p>Membership is where the practising side of the pathway happens, the live events, the coaching board, <a href="/help/events-and-mentorship/mentoring-opportunities-achology-membership/">the mentorship groups</a>, and the community the CPD pathway runs through.</p>\n<h2>Who it suits, and who it does not</h2>\n<p>The upgrade suits someone who already knows they want to stay engaged with the community for the year and work toward accreditation: for them, the twelve included months are better value than paying <a href="/help/pricing-and-payments/difference-between-monthly-annual-achology-membership/">month to month</a> once the complimentary period ends.</p>\n<p>It suits you less well if you mainly want the diploma itself and are not yet sure about the community. In that case the standard course, with its three complimentary months, lets you try the community before committing to a year, and you keep <a href="/help/pricing-and-payments/achology-lifetime-access-explained/">lifetime access</a> to the course either way.</p>
10049	Which Achology events qualify for accreditation credit?	which-achology-events-earn-accreditation-credit	2114	<p><strong>Nine of Achology's 22 event types</strong> earn accreditation credit. These are the events governed by SoMAP, the Society of Modern Applied Psychology, <a href="/help/certificates-cpd-accreditation/who-verifies-achology-cpd-claims/">the independent body that verifies members' professional development</a>.</p>\n<p>The other 13, the general community events and mentorship groups, are valuable for learning and connection, but carry no credit in any role. That is worth knowing before you plan a year around them.</p>\n<h2>The six that earn VALTS or PALS credit</h2>\n<ul><li>Skill Development Workshop</li><li>Principle-Based Reflective Discussion</li><li>Case Study-Based Discussion Group</li><li><a href="/help/events-and-mentorship/coaching-hot-seat/">The Coaching HOT Seat</a></li><li>Achologist-Led Tutorial</li><li>Live Coaching Practice, Observation and Feedback Session</li></ul>\n<p>Attending one earns a <a href="/help/events-and-mentorship/valts-achology/">VALTS</a> credit; <a href="/help/events-and-mentorship/earn-cpd-credit-hosting-session-only/">hosting or taking a coaching role</a> earns a <a href="/help/events-and-mentorship/pals-earn-them/">PALS</a> credit.</p>\n<h2>The three that count differently</h2>\n<p>The remaining three accrediting events serve your record in other ways:</p>\n<ul><li><strong>The <a href="/help/certificates-cpd-accreditation/have-retake-code-ethics-training-every/">Code of Ethics Training</a></strong> and <strong>the Code of Character and Conduct Training</strong> earn no VALTS or PALS credit. Instead, attending keeps your two compliance strands current, which is required for progression at all.</li><li><strong>The Group Facilitation and VALTS Host Training</strong> is the gateway event: completing it qualifies you to host, and therefore to earn PALS that way.</li></ul>\n<p>Every credit and compliance record is verified by SoMAP before it counts. If you are unsure which events suit where you currently are, <a href="/help/events-and-mentorship/choose-right-achology-event-level/">choosing the right event for your level</a> is the practical guide.</p>
10050	What steps should I follow to organise my own Achology event?	host-own-achology-event	2402	<p>Once you reach Achologist level and complete the Group Facilitation and <a href="/help/events-and-mentorship/valts-achology/">VALTS</a> Host Training, you can host five credit-earning event types with no further approval: the Skill Development Workshop, the Principle-Based Reflective Discussion, the Case Study-Based Discussion Group, the <a href="/help/events-and-mentorship/coaching-hot-seat/">Coaching HOT Seat</a>, and the Live Coaching Practice, Observation and Feedback session.</p>\n<p>Hosting an Achologist-Led Tutorial requires <a href="/help/certificates-cpd-accreditation/achologist-adept/">Achologist Adept</a>, and a few events are hosted only by the Eldership team.</p>\n<h2>The six steps to publish one</h2>\n<p>Every event uses a locked template, so each one reads consistently regardless of who is hosting. The only part you write yourself is a short <em>Theme of This Specific Event</em> paragraph naming what your session covers.</p>\n<p>1. Open the <strong>Host a Live Event</strong> space on Circle and find your event in the Event Descriptions Library.</p>\n<p>2. Copy the full template.</p>\n<p>3. Start a direct message to a member of the Eldership team.</p>\n<p>4. Paste the template into the message.</p>\n<p>5. Write your <em>Theme of This Specific Event</em> paragraph at the top.</p>\n<p>6. Send it. The Eldership member approves it, publishes it, and adds the event image.</p>\n<p>That is genuinely the whole process. The template exists so that hosting your first event is a matter of describing your theme rather than designing a session from nothing.</p>\n<h2>Hosting community events</h2>\n<p>The community events, the ones carrying no credit, sit in a second tier reached by informal invitation from the Eldership team rather than application. Readiness is recognised through sustained participation in the facilitation mentorship group and the host training. Once invited, you publish them the same way.</p>\n<p>Remember that <a href="/help/events-and-mentorship/earn-cpd-credit-hosting-session-only/">hosting earns you a PALS credit</a>, and that you still <a href="/help/events-and-mentorship/submit-cpd-credit-claim-hosting-attending/">submit the claim afterwards</a> like any other activity. <a href="/help/events-and-mentorship/achology-members-host-workshops-events/">Whether members can host their own workshops</a> is covered separately for anyone still deciding.</p>
10051	What is the process for submitting a CPD claim after participating?	submit-cpd-credit-claim-hosting-attending	1723	<p>After you host or attend a credit-earning event, you submit a claim through the <strong>member self-report form</strong>. You are also invited to record a short takeaway from the session while still on the group call. <a href="/help/certificates-cpd-accreditation/who-verifies-achology-cpd-claims/">SoMAP</a>, the Society of Modern Applied Psychology, then reviews the claim and records the credit against your account.</p>\n<h2>When the credit is confirmed</h2>\n<p>Not the moment you submit it. Hosts will not tell you your credit has been recorded until verification is complete, and that step is not instant.</p>\n<p>This is deliberate, and worth understanding rather than finding frustrating. No self-reported activity enters your official record until an independent body has checked it, which is precisely what makes <a href="/help/certificates-cpd-accreditation/verify-achology-certificate/">the record credible to anyone outside Achology</a>. A record that updated instantly would be a record nobody had checked.</p>\n<h2>Where the verified credit lives</h2>\n<p>Once verified, the credit is added to your official record in the Achology Member Data Centre, which tracks activity across <a href="/help/certificates-cpd-accreditation/six-achology-cpd-statuses/">every member level</a>.</p>\n<p>Your own progress checklist is a useful planning tool, but <a href="/help/certificates-cpd-accreditation/personal-progress-checklist-count-official-cpd/">it is not the official record</a>: only verified claims count toward progression. The practical habit is to submit as you go rather than saving up a term's worth of activity, because unsubmitted work is invisible to the system no matter how much of it you have done.</p>
10052	What does the Coaching HOT Seat entail?	coaching-hot-seat	2302	<p>The Coaching HOT Seat is one of the six <a href="/help/events-and-mentorship/valts-achology/">VALTS (Virtual Achologist Led Training Sessions)</a> types, and it is a live coaching demonstration. One member takes the seat with a real challenge or goal, up to three Achologists coach them in turn, and the rest of the group observes.</p>\n<h2>What actually happens in it</h2>\n<p>The person in the seat brings something genuine they are working through, not a tidy example invented for practice. The coaching then happens in real time, in front of everyone.</p>\n<p>That is what makes it valuable and slightly daunting in equal measure. For the observers, watching skilled coaching up close, and seeing how a good coach handles a real person, is one of the fastest ways to improve their own practice.</p>\n<p>Up to three Achologists coach in turn, so you also see different styles brought to the same problem, and how each reads the person in front of them slightly differently.</p>\n<h2>What it is like to sit in the seat</h2>\n<p>Taking the seat yourself is the part members are often nervous about and glad they did. You bring a real issue and receive focused coaching from several practitioners, with the group's attention on the work rather than on you.</p>\n<p>Most people find it far more supportive than exposing, and leave with something they can actually use.</p>\n<h2>How credit works</h2>\n<p>The roles earn different credit. The coaches earn a <a href="/help/events-and-mentorship/pals-earn-them/">PALS (Peer-Peer Applied Learning Sessions)</a> credit for coaching, the person in the seat earns a PALS received, and the observers earn a VALTS credit for attending.</p>\n<h2>Why members rate it</h2>\n<p>Coaching in public asks a different quality of performance than a private session: you cannot hide a hesitation, and you see how others handle the same moment. That is why the HOT Seat is one of the alternative PALS formats required at the senior levels, and why many members point to it as where their coaching genuinely sharpened. Once qualified, you can <a href="/help/events-and-mentorship/host-own-achology-event/">host your own</a>, and it counts among <a href="/help/events-and-mentorship/which-achology-events-earn-accreditation-credit/">the events that earn accreditation credit</a>.</p>
10053	With which Achology company am I formally contracting?	which-achology-company-am-actually-contracting	1359	<p>Achology is a trading name, and which company you are actually contracting with depends on what you bought and when. For courses and course bundles, and for community subscriptions bought on or after 1 June 2023, the company is Achology Transactions Ltd (ATL). For community subscriptions bought before 1 June 2023, it is the Academy of Modern Applied Psychology Ltd (AMAP).</p>\n<h2>The simple version</h2>\n<ul><li>Courses and course bundles: Achology Transactions Ltd.</li><li>Community subscriptions bought on or after 1 June 2023: Achology Transactions Ltd.</li><li>Community subscriptions bought before 1 June 2023: the Academy of Modern Applied Psychology Ltd.</li></ul>\n<h2>Where to find the details</h2>\n<p>Both companies are registered in Scotland and share the same registered office in Glasgow. If you need the company numbers and the registered address, for an invoice, a records request, or formal correspondence, those are set out in <a href="/help/privacy-and-legal/achology-s-registered-company-details/">the registered company details</a>. If your question is really about a purchase, <a href="/help/refunds-and-billing/achology-refund-policy-explained/">the refund policy</a> and <a href="/help/refunds-and-billing/how-to-request-achology-refund/">how refunds are requested</a> apply the same way whichever company holds your contract.</p>
10054	What are the registered company details of Achology?	achology-s-registered-company-details	1385	<p>Achology trades through two companies registered in Scotland. They are Achology Transactions Ltd, Scottish company number SC697126, and the Academy of Modern Applied Psychology Ltd, Scottish company number SC612822. Achology is the trading name both operate under.</p>\n<h2>The registered details</h2>\n<ul><li>Achology Transactions Ltd (ATL): Scottish company number SC697126.</li><li>The Academy of Modern Applied Psychology Ltd (AMAP): Scottish company number SC612822.</li><li>Registered office for both companies: Clyde Offices, 2nd Floor, 48 West George Street, Glasgow, Scotland, G2 1BP.</li></ul>\n<h2>Which one applies to you</h2>\n<p>Which company holds your particular contract depends on <a href="/help/privacy-and-legal/which-achology-company-am-actually-contracting/">what you bought and when</a>: courses and bundles, and community subscriptions from 1 June 2023 onward, are with Achology Transactions Ltd, while community subscriptions bought before that date are with the Academy of Modern Applied Psychology Ltd. The registered details above are the ones to use for invoices, records requests, or any formal correspondence. For the substance of what you are agreeing to, see <a href="/help/refunds-and-billing/achology-refund-policy-explained/">the refund policy</a> and <a href="/help/achology-basics-and-identity/what-is-achology/">what Achology actually is</a>.</p>
10055	What are the major milestones in Achology's history?	key-milestones-achology-s-history	3032	<p>Achology's story begins in 2012, when <a href="/help/achology-basics-and-identity/who-is-kain-ramsay/">Kain Ramsay</a> published what is described as the world's first video-based psychology course. The learning platform itself was founded in 2014, and the original company, the Academy of Modern Applied Psychology, was founded in 2017.</p>\n<p>From there it grew into a global applied-psychology platform with more than 670,000 students in its database today. The milestones below are less a list of dates than a single, consistent direction: from one course, toward a global, accredited, community-based way of learning.</p>\n<h2>The milestones along the way</h2>\n<ul><li>2012: the world's first video-based psychology course is published, the foundation of what became Achology.</li><li>2014: the Achology learning platform is founded, with 12 courses.</li><li>2015: the curriculum expands to 17 interlinked courses.</li><li>2016: live online skill and competency development workshops begin, the first sign of the community model to come.</li><li>2017: a landmark year, reaching 100,000 students, with a bespoke platform build begun and the exclusive Skilled Helper course launched with Prof. Gerard Egan.</li><li>2019: the Diploma Course in Modern Applied Psychology (DiMAP), the flagship course, launches.</li><li>2020: the shift to online learning accelerates worldwide, and the platform meets the demand at scale.</li><li>2021: the community learning system is upgraded and gains CPD (continuing professional development) accreditation, with 350,000 total enrolled students.</li><li>2022: half a million students reached worldwide, with the curriculum grown to 25 courses.</li><li>2023: the version 2 community portal launches with the current 28-course curriculum.</li><li>2024: the <a href="/help/certificates-cpd-accreditation/who-verifies-achology-cpd-claims/">Society of Modern Applied Psychology (SoMAP)</a> is founded by Master Achologists, to raise integrity standards in the field.</li><li>2025: a full migration to <a href="/help/technical-help/what-is-circle-achology-community/">Circle</a> gives Achology its permanent online home.</li><li>2025 to 2026: an Eldership team is established and free learning is opened to the public, with 670,000+ students in the database.</li></ul>\n<h2>How to read the dates</h2>\n<p>It is worth separating two threads that often get muddled. The brand's public story begins in 2012 with that first course, while the founding of the original company was 2017. An older claim that Achology was founded in 2015 is simply incorrect, and we would rather say so than let it stand.</p>\n<p>What actually runs through the whole timeline is one consistent move: from selling single courses, toward accreditation, community, and now free public learning through the <a href="/help/achology-basics-and-identity/achology-knowledge-hub/">Knowledge Hub</a>. The fullest picture of where that arrived is in <a href="/help/achology-basics-and-identity/what-is-achology/">What is Achology?</a></p>
10056	What exactly is the Achology Knowledge Hub?	achology-knowledge-hub	1530	<p>The Achology Knowledge Hub is Achology's free library of applied-psychology learning content, found at the /learn/ section of the site. It brings together several kinds of content in one place, organised so you can find your way around by topic rather than having to know exactly what you are looking for.</p>\n<h2>What it holds</h2>\n<p>The Hub gathers five types of content: articles, book notes, quotes, workbooks, and author biographies. Everything is organised into seven categories, Psychology, Helping People, Mental Wellness, Motivation, Personal Growth, General Interest, and Wisdom for Life, and cross-linked with a set of tags so you can browse by the outcome you want, the problem you are facing, or the approach you want to learn.</p>\n<h2>How it differs from Help</h2>\n<p>The Knowledge Hub is for learning, and it is separate from the Help section you are reading now, which answers support and pre-purchase questions. The two are kept apart on purpose, because someone exploring a topic and someone resolving a support issue are looking for different things. The Hub also has its own search bar for finding content across all its categories. It is <a href="/help/achology-basics-and-identity/achology-knowledge-hub-free-read/">entirely free to read</a>; what Achology charges for is <a href="/help/curriculum-and-subjects/many-courses-achology-offer-total/">its courses</a> and <a href="/help/pricing-and-payments/how-much-does-achology-cost/">its community membership</a>, which go deeper than any library can.</p>
10057	Is the Achology Knowledge Hub available for free to read?	achology-knowledge-hub-free-read	1254	<p>Yes. The <a href="/help/achology-basics-and-identity/achology-knowledge-hub/">Achology Knowledge Hub</a> is free to read. Its articles, quotes, and book notes are public pages, open to anyone, with no membership or payment required. The downloadable workbooks are also free, provided in exchange for an email address rather than a fee.</p>\n<h2>What is free and what is paid</h2>\n<p>What Achology charges for is <a href="/help/curriculum-and-subjects/many-courses-achology-offer-total/">its courses</a>, its school bundles, and <a href="/help/pricing-and-payments/how-much-does-achology-cost/">its community membership</a>, not the Knowledge Hub. The Hub is meant to be genuinely useful on its own: you can read as much of it as you like without paying. If a piece of content leads you toward a course that goes deeper on the same subject, that is an invitation, not a wall.</p>\n<h2>Why it is free</h2>\n<p>Making this learning openly available fits Achology's <a href="/help/achology-basics-and-identity/achology-s-ten-value-commitments/">commitment to affordable, equitable access</a> to applied psychology. The Knowledge Hub is the part of the site anyone can benefit from immediately, whether or not they ever buy a course or join the community.</p>

